crop_renamed,Weather,year,month,mday,agb_MgDM_ha,grain_MgDM_ha,lai,year_class,window_spei,source,date,day_of_year,scenario,series
Winter Wheat,weatherBaselineopen,2023,1,1,0.1875655882,0,0.527078,Near-normal,0.2874774103294811,named in manuscript,2023-01-01,1,Open field,Open field - Near-normal (2023)
Winter Wheat,weatherBaselineopen,2023,1,2,0.1882045194,0,0.527637,Near-normal,0.2874774103294811,named in manuscript,2023-01-02,2,Open field,Open field - Near-normal (2023)
Winter Wheat,weatherBaselineopen,2023,1,3,0.1888015662,0,0.528126,Near-normal,0.2874774103294811,named in manuscript,2023-01-03,3,Open field,Open field - Near-normal (2023)
Winter Wheat,weatherBaselineopen,2023,1,4,0.1890518989,0,0.528533,Near-normal,0.2874774103294811,named in manuscript,2023-01-04,4,Open field,Open field - Near-normal (2023)
Winter Wheat,weatherBaselineopen,2023,1,5,0.1892933621,0,0.52835,Near-normal,0.2874774103294811,named in manuscript,2023-01-05,5,Open field,Open field - Near-normal (2023)
Winter Wheat,weatherBaselineopen,2023,1,6,0.189417121,0,0.527608,Near-normal,0.2874774103294811,named in manuscript,2023-01-06,6,Open field,Open field - Near-normal (2023)
Winter Wheat,weatherBaselineopen,2023,1,7,0.189541155,0,0.527511,Near-normal,0.2874774103294811,named in manuscript,2023-01-07,7,Open field,Open field - Near-normal (2023)
Winter Wheat,weatherBaselineopen,2023,1,8,0.189893976,0,0.526762,Near-normal,0.2874774103294811,named in manuscript,2023-01-08,8,Open field,Open field - Near-normal (2023)
Winter Wheat,weatherBaselineopen,2023,1,9,0.19045663999999998,0,0.526225,Near-normal,0.2874774103294811,named in manuscript,2023-01-09,9,Open field,Open field - Near-normal (2023)
Winter Wheat,weatherBaselineopen,2023,1,10,0.191021476,0,0.52632,Near-normal,0.2874774103294811,named in manuscript,2023-01-10,10,Open field,Open field - Near-normal (2023)
Winter Wheat,weatherBaselineopen,2023,1,11,0.191617214,0,0.526618,Near-normal,0.2874774103294811,named in manuscript,2023-01-11,11,Open field,Open field - Near-normal (2023)
Winter Wheat,weatherBaselineopen,2023,1,12,0.19255259800000002,0,0.527064,Near-normal,0.2874774103294811,named in manuscript,2023-01-12,12,Open field,Open field - Near-normal (2023)
Winter Wheat,weatherBaselineopen,2023,1,13,0.193210864,0,0.528144,Near-normal,0.2874774103294811,named in manuscript,2023-01-13,13,Open field,Open field - Near-normal (2023)
Winter Wheat,weatherBaselineopen,2023,1,14,0.193620002,0,0.528683,Near-normal,0.2874774103294811,named in manuscript,2023-01-14,14,Open field,Open field - Near-normal (2023)
Winter Wheat,weatherBaselineopen,2023,1,15,0.19396503499999998,0,0.528367,Near-normal,0.2874774103294811,named in manuscript,2023-01-15,15,Open field,Open field - Near-normal (2023)
Winter Wheat,weatherBaselineopen,2023,1,16,0.194108254,0,0.528018,Near-normal,0.2874774103294811,named in manuscript,2023-01-16,16,Open field,Open field - Near-normal (2023)
Winter Wheat,weatherBaselineopen,2023,1,17,0.194006432,0,0.527213,Near-normal,0.2874774103294811,named in manuscript,2023-01-17,17,Open field,Open field - Near-normal (2023)
Winter Wheat,weatherBaselineopen,2023,1,18,0.193769611,0,0.526045,Near-normal,0.2874774103294811,named in manuscript,2023-01-18,18,Open field,Open field - Near-normal (2023)
Winter Wheat,weatherBaselineopen,2023,1,19,0.19356860999999997,0,0.524708,Near-normal,0.2874774103294811,named in manuscript,2023-01-19,19,Open field,Open field - Near-normal (2023)
Winter Wheat,weatherBaselineopen,2023,1,20,0.19335627,0,0.523843,Near-normal,0.2874774103294811,named in manuscript,2023-01-20,20,Open field,Open field - Near-normal (2023)
Winter Wheat,weatherBaselineopen,2023,1,21,0.1931653,0,0.522947,Near-normal,0.2874774103294811,named in manuscript,2023-01-21,21,Open field,Open field - Near-normal (2023)
Winter Wheat,weatherBaselineopen,2023,1,22,0.19297419000000002,0,0.522113,Near-normal,0.2874774103294811,named in manuscript,2023-01-22,22,Open field,Open field - Near-normal (2023)
Winter Wheat,weatherBaselineopen,2023,1,23,0.19278296000000003,0,0.521279,Near-normal,0.2874774103294811,named in manuscript,2023-01-23,23,Open field,Open field - Near-normal (2023)
Winter Wheat,weatherBaselineopen,2023,1,24,0.19259259,0,0.520447,Near-normal,0.2874774103294811,named in manuscript,2023-01-24,24,Open field,Open field - Near-normal (2023)
Winter Wheat,weatherBaselineopen,2023,1,25,0.19237738999999998,0,0.519614,Near-normal,0.2874774103294811,named in manuscript,2023-01-25,25,Open field,Open field - Near-normal (2023)
Winter Wheat,weatherBaselineopen,2023,1,26,0.19205702,0,0.518697,Near-normal,0.2874774103294811,named in manuscript,2023-01-26,26,Open field,Open field - Near-normal (2023)
Winter Wheat,weatherBaselineopen,2023,1,27,0.19178897,0,0.517488,Near-normal,0.2874774103294811,named in manuscript,2023-01-27,27,Open field,Open field - Near-normal (2023)
Winter Wheat,weatherBaselineopen,2023,1,28,0.19159998000000003,0,0.516439,Near-normal,0.2874774103294811,named in manuscript,2023-01-28,28,Open field,Open field - Near-normal (2023)
Winter Wheat,weatherBaselineopen,2023,1,29,0.19134594,0,0.515607,Near-normal,0.2874774103294811,named in manuscript,2023-01-29,29,Open field,Open field - Near-normal (2023)
Winter Wheat,weatherBaselineopen,2023,1,30,0.19124505000000003,0,0.514578,Near-normal,0.2874774103294811,named in manuscript,2023-01-30,30,Open field,Open field - Near-normal (2023)
Winter Wheat,weatherBaselineopen,2023,1,31,0.19112952,0,0.514023,Near-normal,0.2874774103294811,named in manuscript,2023-01-31,31,Open field,Open field - Near-normal (2023)
Winter Wheat,weatherBaselineopen,2023,2,1,0.19082523,0,0.512596,Near-normal,0.2874774103294811,named in manuscript,2023-02-01,32,Open field,Open field - Near-normal (2023)
Winter Wheat,weatherBaselineopen,2023,2,2,0.19050034999999998,0,0.510719,Near-normal,0.2874774103294811,named in manuscript,2023-02-02,33,Open field,Open field - Near-normal (2023)
Winter Wheat,weatherBaselineopen,2023,2,3,0.19026377999999997,0,0.509487,Near-normal,0.2874774103294811,named in manuscript,2023-02-03,34,Open field,Open field - Near-normal (2023)
Winter Wheat,weatherBaselineopen,2023,2,4,0.18993952,0,0.508496,Near-normal,0.2874774103294811,named in manuscript,2023-02-04,35,Open field,Open field - Near-normal (2023)
Winter Wheat,weatherBaselineopen,2023,2,5,0.18973858,0,0.507271,Near-normal,0.2874774103294811,named in manuscript,2023-02-05,36,Open field,Open field - Near-normal (2023)
Winter Wheat,weatherBaselineopen,2023,2,6,0.18949417999999998,0,0.506393,Near-normal,0.2874774103294811,named in manuscript,2023-02-06,37,Open field,Open field - Near-normal (2023)
Winter Wheat,weatherBaselineopen,2023,2,7,0.18923521000000001,0,0.50539,Near-normal,0.2874774103294811,named in manuscript,2023-02-07,38,Open field,Open field - Near-normal (2023)
Winter Wheat,weatherBaselineopen,2023,2,8,0.18891014,0,0.504338,Near-normal,0.2874774103294811,named in manuscript,2023-02-08,39,Open field,Open field - Near-normal (2023)
Winter Wheat,weatherBaselineopen,2023,2,9,0.18863838,0,0.503103,Near-normal,0.2874774103294811,named in manuscript,2023-02-09,40,Open field,Open field - Near-normal (2023)
Winter Wheat,weatherBaselineopen,2023,2,10,0.18849845,0,0.502013,Near-normal,0.2874774103294811,named in manuscript,2023-02-10,41,Open field,Open field - Near-normal (2023)
Winter Wheat,weatherBaselineopen,2023,2,11,0.18889082,0,0.501332,Near-normal,0.2874774103294811,named in manuscript,2023-02-11,42,Open field,Open field - Near-normal (2023)
Winter Wheat,weatherBaselineopen,2023,2,12,0.19134198999999996,0,0.50116,Near-normal,0.2874774103294811,named in manuscript,2023-02-12,43,Open field,Open field - Near-normal (2023)
Winter Wheat,weatherBaselineopen,2023,2,13,0.19475323,0,0.506328,Near-normal,0.2874774103294811,named in manuscript,2023-02-13,44,Open field,Open field - Near-normal (2023)
Winter Wheat,weatherBaselineopen,2023,2,14,0.19786882,0,0.513761,Near-normal,0.2874774103294811,named in manuscript,2023-02-14,45,Open field,Open field - Near-normal (2023)
Winter Wheat,weatherBaselineopen,2023,2,15,0.19948398,0,0.520501,Near-normal,0.2874774103294811,named in manuscript,2023-02-15,46,Open field,Open field - Near-normal (2023)
Winter Wheat,weatherBaselineopen,2023,2,16,0.19984225,0,0.523451,Near-normal,0.2874774103294811,named in manuscript,2023-02-16,47,Open field,Open field - Near-normal (2023)
Winter Wheat,weatherBaselineopen,2023,2,17,0.20060242,0,0.523213,Near-normal,0.2874774103294811,named in manuscript,2023-02-17,48,Open field,Open field - Near-normal (2023)
Winter Wheat,weatherBaselineopen,2023,2,18,0.20194147,0,0.523802,Near-normal,0.2874774103294811,named in manuscript,2023-02-18,49,Open field,Open field - Near-normal (2023)
Winter Wheat,weatherBaselineopen,2023,2,19,0.20265403,0,0.525569,Near-normal,0.2874774103294811,named in manuscript,2023-02-19,50,Open field,Open field - Near-normal (2023)
Winter Wheat,weatherBaselineopen,2023,2,20,0.20263979,0,0.526042,Near-normal,0.2874774103294811,named in manuscript,2023-02-20,51,Open field,Open field - Near-normal (2023)
Winter Wheat,weatherBaselineopen,2023,2,21,0.20338504999999998,0,0.524783,Near-normal,0.2874774103294811,named in manuscript,2023-02-21,52,Open field,Open field - Near-normal (2023)
Winter Wheat,weatherBaselineopen,2023,2,22,0.20623028999999998,0,0.524969,Near-normal,0.2874774103294811,named in manuscript,2023-02-22,53,Open field,Open field - Near-normal (2023)
Winter Wheat,weatherBaselineopen,2023,2,23,0.20838388000000002,0,0.53105,Near-normal,0.2874774103294811,named in manuscript,2023-02-23,54,Open field,Open field - Near-normal (2023)
Winter Wheat,weatherBaselineopen,2023,2,24,0.20896415999999998,0,0.535091,Near-normal,0.2874774103294811,named in manuscript,2023-02-24,55,Open field,Open field - Near-normal (2023)
Winter Wheat,weatherBaselineopen,2023,2,25,0.20889633000000002,0,0.535076,Near-normal,0.2874774103294811,named in manuscript,2023-02-25,56,Open field,Open field - Near-normal (2023)
Winter Wheat,weatherBaselineopen,2023,2,26,0.208536,0,0.533522,Near-normal,0.2874774103294811,named in manuscript,2023-02-26,57,Open field,Open field - Near-normal (2023)
Winter Wheat,weatherBaselineopen,2023,2,27,0.20813669,0,0.531799,Near-normal,0.2874774103294811,named in manuscript,2023-02-27,58,Open field,Open field - Near-normal (2023)
Winter Wheat,weatherBaselineopen,2023,2,28,0.20763478000000002,0,0.529768,Near-normal,0.2874774103294811,named in manuscript,2023-02-28,59,Open field,Open field - Near-normal (2023)
Winter Wheat,weatherBaselineopen,2023,3,1,0.20719309,0,0.527819,Near-normal,0.2874774103294811,named in manuscript,2023-03-01,60,Open field,Open field - Near-normal (2023)
Winter Wheat,weatherBaselineopen,2023,3,2,0.20678586999999998,0,0.526045,Near-normal,0.2874774103294811,named in manuscript,2023-03-02,61,Open field,Open field - Near-normal (2023)
Winter Wheat,weatherBaselineopen,2023,3,3,0.2063274,0,0.524358,Near-normal,0.2874774103294811,named in manuscript,2023-03-03,62,Open field,Open field - Near-normal (2023)
Winter Wheat,weatherBaselineopen,2023,3,4,0.20584876,0,0.522531,Near-normal,0.2874774103294811,named in manuscript,2023-03-04,63,Open field,Open field - Near-normal (2023)
Winter Wheat,weatherBaselineopen,2023,3,5,0.20541386,0,0.520654,Near-normal,0.2874774103294811,named in manuscript,2023-03-05,64,Open field,Open field - Near-normal (2023)
Winter Wheat,weatherBaselineopen,2023,3,6,0.20503924,0,0.518906,Near-normal,0.2874774103294811,named in manuscript,2023-03-06,65,Open field,Open field - Near-normal (2023)
Winter Wheat,weatherBaselineopen,2023,3,7,0.20466613,0,0.517327,Near-normal,0.2874774103294811,named in manuscript,2023-03-07,66,Open field,Open field - Near-normal (2023)
Winter Wheat,weatherBaselineopen,2023,3,8,0.20429454,0,0.515754,Near-normal,0.2874774103294811,named in manuscript,2023-03-08,67,Open field,Open field - Near-normal (2023)
Winter Wheat,weatherBaselineopen,2023,3,9,0.20391116,0,0.514183,Near-normal,0.2874774103294811,named in manuscript,2023-03-09,68,Open field,Open field - Near-normal (2023)
Winter Wheat,weatherBaselineopen,2023,3,10,0.20354159,0,0.512587,Near-normal,0.2874774103294811,named in manuscript,2023-03-10,69,Open field,Open field - Near-normal (2023)
Winter Wheat,weatherBaselineopen,2023,3,11,0.20317353,0,0.511027,Near-normal,0.2874774103294811,named in manuscript,2023-03-11,70,Open field,Open field - Near-normal (2023)
Winter Wheat,weatherBaselineopen,2023,3,12,0.20280600000000001,0,0.509473,Near-normal,0.2874774103294811,named in manuscript,2023-03-12,71,Open field,Open field - Near-normal (2023)
Winter Wheat,weatherBaselineopen,2023,3,13,0.20243578,0,0.507923,Near-normal,0.2874774103294811,named in manuscript,2023-03-13,72,Open field,Open field - Near-normal (2023)
Winter Wheat,weatherBaselineopen,2023,3,14,0.20330172,0,0.506322,Near-normal,0.2874774103294811,named in manuscript,2023-03-14,73,Open field,Open field - Near-normal (2023)
Winter Wheat,weatherBaselineopen,2023,3,15,0.20411855999999998,0,0.50826,Near-normal,0.2874774103294811,named in manuscript,2023-03-15,74,Open field,Open field - Near-normal (2023)
Winter Wheat,weatherBaselineopen,2023,3,16,0.20416865,0,0.508981,Near-normal,0.2874774103294811,named in manuscript,2023-03-16,75,Open field,Open field - Near-normal (2023)
Winter Wheat,weatherBaselineopen,2023,3,17,0.20392158,0,0.50789,Near-normal,0.2874774103294811,named in manuscript,2023-03-17,76,Open field,Open field - Near-normal (2023)
Winter Wheat,weatherBaselineopen,2023,3,18,0.20498568,0,0.505331,Near-normal,0.2874774103294811,named in manuscript,2023-03-18,77,Open field,Open field - Near-normal (2023)
Winter Wheat,weatherBaselineopen,2023,3,19,0.20876983000000002,0,0.506532,Near-normal,0.2874774103294811,named in manuscript,2023-03-19,78,Open field,Open field - Near-normal (2023)
Winter Wheat,weatherBaselineopen,2023,3,20,0.21998283,0,0.513597,Near-normal,0.2874774103294811,named in manuscript,2023-03-20,79,Open field,Open field - Near-normal (2023)
Winter Wheat,weatherBaselineopen,2023,3,21,0.23015510000000003,0,0.53777,Near-normal,0.2874774103294811,named in manuscript,2023-03-21,80,Open field,Open field - Near-normal (2023)
Winter Wheat,weatherBaselineopen,2023,3,22,0.23712113999999998,0,0.559632,Near-normal,0.2874774103294811,named in manuscript,2023-03-22,81,Open field,Open field - Near-normal (2023)
Winter Wheat,weatherBaselineopen,2023,3,23,0.24400770000000002,0,0.573931,Near-normal,0.2874774103294811,named in manuscript,2023-03-23,82,Open field,Open field - Near-normal (2023)
Winter Wheat,weatherBaselineopen,2023,3,24,0.25663125999999997,0,0.587495,Near-normal,0.2874774103294811,named in manuscript,2023-03-24,83,Open field,Open field - Near-normal (2023)
Winter Wheat,weatherBaselineopen,2023,3,25,0.27180393,0,0.615582,Near-normal,0.2874774103294811,named in manuscript,2023-03-25,84,Open field,Open field - Near-normal (2023)
Winter Wheat,weatherBaselineopen,2023,3,26,0.2853399,0,0.645635,Near-normal,0.2874774103294811,named in manuscript,2023-03-26,85,Open field,Open field - Near-normal (2023)
Winter Wheat,weatherBaselineopen,2023,3,27,0.2924916,0,0.674403,Near-normal,0.2874774103294811,named in manuscript,2023-03-27,86,Open field,Open field - Near-normal (2023)
Winter Wheat,weatherBaselineopen,2023,3,28,0.29409779999999996,0,0.688682,Near-normal,0.2874774103294811,named in manuscript,2023-03-28,87,Open field,Open field - Near-normal (2023)
Winter Wheat,weatherBaselineopen,2023,3,29,0.2939142,0,0.690324,Near-normal,0.2874774103294811,named in manuscript,2023-03-29,88,Open field,Open field - Near-normal (2023)
Winter Wheat,weatherBaselineopen,2023,3,30,0.2933175,0,0.687109,Near-normal,0.2874774103294811,named in manuscript,2023-03-30,89,Open field,Open field - Near-normal (2023)
Winter Wheat,weatherBaselineopen,2023,3,31,0.2945529,0,0.680348,Near-normal,0.2874774103294811,named in manuscript,2023-03-31,90,Open field,Open field - Near-normal (2023)
Winter Wheat,weatherBaselineopen,2023,4,1,0.2966111,0,0.678376,Near-normal,0.2874774103294811,named in manuscript,2023-04-01,91,Open field,Open field - Near-normal (2023)
Winter Wheat,weatherBaselineopen,2023,4,2,0.2970435,0,0.680406,Near-normal,0.2874774103294811,named in manuscript,2023-04-02,92,Open field,Open field - Near-normal (2023)
Winter Wheat,weatherBaselineopen,2023,4,3,0.29638679999999995,0,0.67784199999999994,Near-normal,0.2874774103294811,named in manuscript,2023-04-03,93,Open field,Open field - Near-normal (2023)
Winter Wheat,weatherBaselineopen,2023,4,4,0.2953634,0,0.671967,Near-normal,0.2874774103294811,named in manuscript,2023-04-04,94,Open field,Open field - Near-normal (2023)
Winter Wheat,weatherBaselineopen,2023,4,5,0.29410959999999997,0,0.664901,Near-normal,0.2874774103294811,named in manuscript,2023-04-05,95,Open field,Open field - Near-normal (2023)
Winter Wheat,weatherBaselineopen,2023,4,6,0.29275029999999996,0,0.656781,Near-normal,0.2874774103294811,named in manuscript,2023-04-06,96,Open field,Open field - Near-normal (2023)
Winter Wheat,weatherBaselineopen,2023,4,7,0.2927971,0,0.651792,Near-normal,0.2874774103294811,named in manuscript,2023-04-07,97,Open field,Open field - Near-normal (2023)
Winter Wheat,weatherBaselineopen,2023,4,8,0.29502999999999996,0,0.650413,Near-normal,0.2874774103294811,named in manuscript,2023-04-08,98,Open field,Open field - Near-normal (2023)
Winter Wheat,weatherBaselineopen,2023,4,9,0.3086265,0,0.650078,Near-normal,0.2874774103294811,named in manuscript,2023-04-09,99,Open field,Open field - Near-normal (2023)
Winter Wheat,weatherBaselineopen,2023,4,10,0.33357420000000004,0,0.674942,Near-normal,0.2874774103294811,named in manuscript,2023-04-10,100,Open field,Open field - Near-normal (2023)
Winter Wheat,weatherBaselineopen,2023,4,11,0.3649059,0,0.725021,Near-normal,0.2874774103294811,named in manuscript,2023-04-11,101,Open field,Open field - Near-normal (2023)
Winter Wheat,weatherBaselineopen,2023,4,12,0.39752260000000006,0,0.786205,Near-normal,0.2874774103294811,named in manuscript,2023-04-12,102,Open field,Open field - Near-normal (2023)
Winter Wheat,weatherBaselineopen,2023,4,13,0.42714840000000004,0,0.848503,Near-normal,0.2874774103294811,named in manuscript,2023-04-13,103,Open field,Open field - Near-normal (2023)
Winter Wheat,weatherBaselineopen,2023,4,14,0.4501754,0,0.905189,Near-normal,0.2874774103294811,named in manuscript,2023-04-14,104,Open field,Open field - Near-normal (2023)
Winter Wheat,weatherBaselineopen,2023,4,15,0.475229,0,0.945212,Near-normal,0.2874774103294811,named in manuscript,2023-04-15,105,Open field,Open field - Near-normal (2023)
Winter Wheat,weatherBaselineopen,2023,4,16,0.5036582,0,0.986526,Near-normal,0.2874774103294811,named in manuscript,2023-04-16,106,Open field,Open field - Near-normal (2023)
Winter Wheat,weatherBaselineopen,2023,4,17,0.5403165,0,0.995449,Near-normal,0.2874774103294811,named in manuscript,2023-04-17,107,Open field,Open field - Near-normal (2023)
Winter Wheat,weatherBaselineopen,2023,4,18,0.5892309,0,0.996069,Near-normal,0.2874774103294811,named in manuscript,2023-04-18,108,Open field,Open field - Near-normal (2023)
Winter Wheat,weatherBaselineopen,2023,4,19,0.6500339,0,1.09033,Near-normal,0.2874774103294811,named in manuscript,2023-04-19,109,Open field,Open field - Near-normal (2023)
Winter Wheat,weatherBaselineopen,2023,4,20,0.715304,0,1.20343,Near-normal,0.2874774103294811,named in manuscript,2023-04-20,110,Open field,Open field - Near-normal (2023)
Winter Wheat,weatherBaselineopen,2023,4,21,0.7929550999999999,0,1.32888,Near-normal,0.2874774103294811,named in manuscript,2023-04-21,111,Open field,Open field - Near-normal (2023)
Winter Wheat,weatherBaselineopen,2023,4,22,0.8808874,0,1.47212,Near-normal,0.2874774103294811,named in manuscript,2023-04-22,112,Open field,Open field - Near-normal (2023)
Winter Wheat,weatherBaselineopen,2023,4,23,0.9724368999999999,0,1.62522,Near-normal,0.2874774103294811,named in manuscript,2023-04-23,113,Open field,Open field - Near-normal (2023)
Winter Wheat,weatherBaselineopen,2023,4,24,1.0519616,0,1.78123,Near-normal,0.2874774103294811,named in manuscript,2023-04-24,114,Open field,Open field - Near-normal (2023)
Winter Wheat,weatherBaselineopen,2023,4,25,1.1089372,0,1.90888,Near-normal,0.2874774103294811,named in manuscript,2023-04-25,115,Open field,Open field - Near-normal (2023)
Winter Wheat,weatherBaselineopen,2023,4,26,1.1441352999999999,0,1.99632,Near-normal,0.2874774103294811,named in manuscript,2023-04-26,116,Open field,Open field - Near-normal (2023)
Winter Wheat,weatherBaselineopen,2023,4,27,1.1659839,0,2.04369,Near-normal,0.2874774103294811,named in manuscript,2023-04-27,117,Open field,Open field - Near-normal (2023)
Winter Wheat,weatherBaselineopen,2023,4,28,1.1827559,0,2.06833,Near-normal,0.2874774103294811,named in manuscript,2023-04-28,118,Open field,Open field - Near-normal (2023)
Winter Wheat,weatherBaselineopen,2023,4,29,1.2084967,0,2.08571,Near-normal,0.2874774103294811,named in manuscript,2023-04-29,119,Open field,Open field - Near-normal (2023)
Winter Wheat,weatherBaselineopen,2023,4,30,1.2390229,0,2.1167,Near-normal,0.2874774103294811,named in manuscript,2023-04-30,120,Open field,Open field - Near-normal (2023)
Winter Wheat,weatherBaselineopen,2023,5,1,1.2714177000000002,0,2.15265,Near-normal,0.2874774103294811,named in manuscript,2023-05-01,121,Open field,Open field - Near-normal (2023)
Winter Wheat,weatherBaselineopen,2023,5,2,1.3160645,0,2.18964,Near-normal,0.2874774103294811,named in manuscript,2023-05-02,122,Open field,Open field - Near-normal (2023)
Winter Wheat,weatherBaselineopen,2023,5,3,1.3617932,0,2.24219,Near-normal,0.2874774103294811,named in manuscript,2023-05-03,123,Open field,Open field - Near-normal (2023)
Winter Wheat,weatherBaselineopen,2023,5,4,1.4084522,0,2.29283,Near-normal,0.2874774103294811,named in manuscript,2023-05-04,124,Open field,Open field - Near-normal (2023)
Winter Wheat,weatherBaselineopen,2023,5,5,1.4501205999999998,0,2.34179,Near-normal,0.2874774103294811,named in manuscript,2023-05-05,125,Open field,Open field - Near-normal (2023)
Winter Wheat,weatherBaselineopen,2023,5,6,1.4845339,0,2.37946,Near-normal,0.2874774103294811,named in manuscript,2023-05-06,126,Open field,Open field - Near-normal (2023)
Winter Wheat,weatherBaselineopen,2023,5,7,1.5185566000000001,0,2.40688,Near-normal,0.2874774103294811,named in manuscript,2023-05-07,127,Open field,Open field - Near-normal (2023)
Winter Wheat,weatherBaselineopen,2023,5,8,1.572179,0,2.43054,Near-normal,0.2874774103294811,named in manuscript,2023-05-08,128,Open field,Open field - Near-normal (2023)
Winter Wheat,weatherBaselineopen,2023,5,9,1.6489154,0,2.47075,Near-normal,0.2874774103294811,named in manuscript,2023-05-09,129,Open field,Open field - Near-normal (2023)
Winter Wheat,weatherBaselineopen,2023,5,10,1.7346812999999999,0,2.53169,Near-normal,0.2874774103294811,named in manuscript,2023-05-10,130,Open field,Open field - Near-normal (2023)
Winter Wheat,weatherBaselineopen,2023,5,11,1.8214299,0,2.59763,Near-normal,0.2874774103294811,named in manuscript,2023-05-11,131,Open field,Open field - Near-normal (2023)
Winter Wheat,weatherBaselineopen,2023,5,12,1.8837315,0,2.65821,Near-normal,0.2874774103294811,named in manuscript,2023-05-12,132,Open field,Open field - Near-normal (2023)
Winter Wheat,weatherBaselineopen,2023,5,13,1.9532766,0,2.69193,Near-normal,0.2874774103294811,named in manuscript,2023-05-13,133,Open field,Open field - Near-normal (2023)
Winter Wheat,weatherBaselineopen,2023,5,14,2.0355,0,2.73039,Near-normal,0.2874774103294811,named in manuscript,2023-05-14,134,Open field,Open field - Near-normal (2023)
Winter Wheat,weatherBaselineopen,2023,5,15,2.113311,0,2.77229,Near-normal,0.2874774103294811,named in manuscript,2023-05-15,135,Open field,Open field - Near-normal (2023)
Winter Wheat,weatherBaselineopen,2023,5,16,2.178491,0,2.8039,Near-normal,0.2874774103294811,named in manuscript,2023-05-16,136,Open field,Open field - Near-normal (2023)
Winter Wheat,weatherBaselineopen,2023,5,17,2.23572293,0.00329493,2.82083,Near-normal,0.2874774103294811,named in manuscript,2023-05-17,137,Open field,Open field - Near-normal (2023)
Winter Wheat,weatherBaselineopen,2023,5,18,2.2959566,0.0135006,2.82788,Near-normal,0.2874774103294811,named in manuscript,2023-05-18,138,Open field,Open field - Near-normal (2023)
Winter Wheat,weatherBaselineopen,2023,5,19,2.3801081999999996,0.0372622,2.8316,Near-normal,0.2874774103294811,named in manuscript,2023-05-19,139,Open field,Open field - Near-normal (2023)
Winter Wheat,weatherBaselineopen,2023,5,20,2.4956631000000002,0.0812381,2.84156,Near-normal,0.2874774103294811,named in manuscript,2023-05-20,140,Open field,Open field - Near-normal (2023)
Winter Wheat,weatherBaselineopen,2023,5,21,2.627285,0.13571,2.85727,Near-normal,0.2874774103294811,named in manuscript,2023-05-21,141,Open field,Open field - Near-normal (2023)
Winter Wheat,weatherBaselineopen,2023,5,22,2.7707110000000004,0.201874,2.87605,Near-normal,0.2874774103294811,named in manuscript,2023-05-22,142,Open field,Open field - Near-normal (2023)
Winter Wheat,weatherBaselineopen,2023,5,23,2.919267,0.278751,2.89401,Near-normal,0.2874774103294811,named in manuscript,2023-05-23,143,Open field,Open field - Near-normal (2023)
Winter Wheat,weatherBaselineopen,2023,5,24,3.028709,0.339259,2.90731,Near-normal,0.2874774103294811,named in manuscript,2023-05-24,144,Open field,Open field - Near-normal (2023)
Winter Wheat,weatherBaselineopen,2023,5,25,3.153919,0.410991,2.905,Near-normal,0.2874774103294811,named in manuscript,2023-05-25,145,Open field,Open field - Near-normal (2023)
Winter Wheat,weatherBaselineopen,2023,5,26,3.311863,0.501616,2.90643,Near-normal,0.2874774103294811,named in manuscript,2023-05-26,146,Open field,Open field - Near-normal (2023)
Winter Wheat,weatherBaselineopen,2023,5,27,3.4828729999999997,0.60093,2.91653,Near-normal,0.2874774103294811,named in manuscript,2023-05-27,147,Open field,Open field - Near-normal (2023)
Winter Wheat,weatherBaselineopen,2023,5,28,3.662408,0.70752,2.929,Near-normal,0.2874774103294811,named in manuscript,2023-05-28,148,Open field,Open field - Near-normal (2023)
Winter Wheat,weatherBaselineopen,2023,5,29,3.848909,0.820136,2.94199,Near-normal,0.2874774103294811,named in manuscript,2023-05-29,149,Open field,Open field - Near-normal (2023)
Winter Wheat,weatherBaselineopen,2023,5,30,4.0433959999999995,0.93981,2.95523,Near-normal,0.2874774103294811,named in manuscript,2023-05-30,150,Open field,Open field - Near-normal (2023)
Winter Wheat,weatherBaselineopen,2023,5,31,4.248741,1.07168,2.96874,Near-normal,0.2874774103294811,named in manuscript,2023-05-31,151,Open field,Open field - Near-normal (2023)
Winter Wheat,weatherBaselineopen,2023,6,1,4.456945,1.20864,2.98071,Near-normal,0.2874774103294811,named in manuscript,2023-06-01,152,Open field,Open field - Near-normal (2023)
Winter Wheat,weatherBaselineopen,2023,6,2,4.670833,1.35308,2.9908,Near-normal,0.2874774103294811,named in manuscript,2023-06-02,153,Open field,Open field - Near-normal (2023)
Winter Wheat,weatherBaselineopen,2023,6,3,4.886019,1.50163,2.99923,Near-normal,0.2874774103294811,named in manuscript,2023-06-03,154,Open field,Open field - Near-normal (2023)
Winter Wheat,weatherBaselineopen,2023,6,4,5.105418,1.65586,3.00532,Near-normal,0.2874774103294811,named in manuscript,2023-06-04,155,Open field,Open field - Near-normal (2023)
Winter Wheat,weatherBaselineopen,2023,6,5,5.3319469999999995,1.81826,3.01033,Near-normal,0.2874774103294811,named in manuscript,2023-06-05,156,Open field,Open field - Near-normal (2023)
Winter Wheat,weatherBaselineopen,2023,6,6,5.556049,1.98259,3.01418,Near-normal,0.2874774103294811,named in manuscript,2023-06-06,157,Open field,Open field - Near-normal (2023)
Winter Wheat,weatherBaselineopen,2023,6,7,5.791812999999999,2.15859,3.0146,Near-normal,0.2874774103294811,named in manuscript,2023-06-07,158,Open field,Open field - Near-normal (2023)
Winter Wheat,weatherBaselineopen,2023,6,8,6.029963,2.33997,3.01486,Near-normal,0.2874774103294811,named in manuscript,2023-06-08,159,Open field,Open field - Near-normal (2023)
Winter Wheat,weatherBaselineopen,2023,6,9,6.283845,2.53628,3.0126,Near-normal,0.2874774103294811,named in manuscript,2023-06-09,160,Open field,Open field - Near-normal (2023)
Winter Wheat,weatherBaselineopen,2023,6,10,6.5382169999999995,2.73741,3.01076,Near-normal,0.2874774103294811,named in manuscript,2023-06-10,161,Open field,Open field - Near-normal (2023)
Winter Wheat,weatherBaselineopen,2023,6,11,6.809273,2.95599,3.00535,Near-normal,0.2874774103294811,named in manuscript,2023-06-11,162,Open field,Open field - Near-normal (2023)
Winter Wheat,weatherBaselineopen,2023,6,12,7.094687,3.19059,2.99923,Near-normal,0.2874774103294811,named in manuscript,2023-06-12,163,Open field,Open field - Near-normal (2023)
Winter Wheat,weatherBaselineopen,2023,6,13,7.3945,3.44154,2.99156,Near-normal,0.2874774103294811,named in manuscript,2023-06-13,164,Open field,Open field - Near-normal (2023)
Winter Wheat,weatherBaselineopen,2023,6,14,7.7068449999999995,3.70889,2.98222,Near-normal,0.2874774103294811,named in manuscript,2023-06-14,165,Open field,Open field - Near-normal (2023)
Winter Wheat,weatherBaselineopen,2023,6,15,8.036548,3.99745,2.96982,Near-normal,0.2874774103294811,named in manuscript,2023-06-15,166,Open field,Open field - Near-normal (2023)
Winter Wheat,weatherBaselineopen,2023,6,16,8.340487,4.27095,2.95445,Near-normal,0.2874774103294811,named in manuscript,2023-06-16,167,Open field,Open field - Near-normal (2023)
Winter Wheat,weatherBaselineopen,2023,6,17,8.65843,4.56285,2.93046,Near-normal,0.2874774103294811,named in manuscript,2023-06-17,168,Open field,Open field - Near-normal (2023)
Winter Wheat,weatherBaselineopen,2023,6,18,9.000366,4.8816,2.90346,Near-normal,0.2874774103294811,named in manuscript,2023-06-18,169,Open field,Open field - Near-normal (2023)
Winter Wheat,weatherBaselineopen,2023,6,19,9.321454,5.18723,2.87435,Near-normal,0.2874774103294811,named in manuscript,2023-06-19,170,Open field,Open field - Near-normal (2023)
Winter Wheat,weatherBaselineopen,2023,6,20,9.614025,5.4715,2.83893,Near-normal,0.2874774103294811,named in manuscript,2023-06-20,171,Open field,Open field - Near-normal (2023)
Winter Wheat,weatherBaselineopen,2023,6,21,9.877022,5.73272,2.79733,Near-normal,0.2874774103294811,named in manuscript,2023-06-21,172,Open field,Open field - Near-normal (2023)
Winter Wheat,weatherBaselineopen,2023,6,22,10.120334,5.97875,2.75061,Near-normal,0.2874774103294811,named in manuscript,2023-06-22,173,Open field,Open field - Near-normal (2023)
Winter Wheat,weatherBaselineopen,2023,6,23,10.408402,6.26935,2.69979,Near-normal,0.2874774103294811,named in manuscript,2023-06-23,174,Open field,Open field - Near-normal (2023)
Winter Wheat,weatherBaselineopen,2023,6,24,10.710099,6.57521,2.65071,Near-normal,0.2874774103294811,named in manuscript,2023-06-24,175,Open field,Open field - Near-normal (2023)
Winter Wheat,weatherBaselineopen,2023,6,25,10.974972000000001,6.84893,2.60082,Near-normal,0.2874774103294811,named in manuscript,2023-06-25,176,Open field,Open field - Near-normal (2023)
Winter Wheat,weatherBaselineopen,2023,6,26,11.190097,7.07668,2.54648,Near-normal,0.2874774103294811,named in manuscript,2023-06-26,177,Open field,Open field - Near-normal (2023)
Winter Wheat,weatherBaselineopen,2023,6,27,11.386389000000001,7.28674,2.48768,Near-normal,0.2874774103294811,named in manuscript,2023-06-27,178,Open field,Open field - Near-normal (2023)
Winter Wheat,weatherBaselineopen,2023,6,28,11.632136,7.54416,2.42742,Near-normal,0.2874774103294811,named in manuscript,2023-06-28,179,Open field,Open field - Near-normal (2023)
Winter Wheat,weatherBaselineopen,2023,6,29,11.944795,7.8659,2.37053,Near-normal,0.2874774103294811,named in manuscript,2023-06-29,180,Open field,Open field - Near-normal (2023)
Winter Wheat,weatherBaselineopen,2023,6,30,12.200761,8.13368,2.31741,Near-normal,0.2874774103294811,named in manuscript,2023-06-30,181,Open field,Open field - Near-normal (2023)
Winter Wheat,weatherBaselineopen,2023,7,1,12.449345999999998,8.39449,2.26001,Near-normal,0.2874774103294811,named in manuscript,2023-07-01,182,Open field,Open field - Near-normal (2023)
Winter Wheat,weatherBaselineopen,2023,7,2,12.654996,8.61412,2.20268,Near-normal,0.2874774103294811,named in manuscript,2023-07-02,183,Open field,Open field - Near-normal (2023)
Winter Wheat,weatherBaselineopen,2023,7,3,12.845592,8.81912,2.14299,Near-normal,0.2874774103294811,named in manuscript,2023-07-03,184,Open field,Open field - Near-normal (2023)
Winter Wheat,weatherBaselineopen,2023,7,4,13.026961,9.01499,2.08346,Near-normal,0.2874774103294811,named in manuscript,2023-07-04,185,Open field,Open field - Near-normal (2023)
Winter Wheat,weatherBaselineopen,2023,7,5,13.176606,9.18001,2.02448,Near-normal,0.2874774103294811,named in manuscript,2023-07-05,186,Open field,Open field - Near-normal (2023)
Winter Wheat,weatherBaselineopen,2023,7,6,13.279831,9.30003,1.96496,Near-normal,0.2874774103294811,named in manuscript,2023-07-06,187,Open field,Open field - Near-normal (2023)
Winter Wheat,weatherBaselineopen,2023,7,7,13.368141000000001,9.43265,1.90415,Near-normal,0.2874774103294811,named in manuscript,2023-07-07,188,Open field,Open field - Near-normal (2023)
Winter Wheat,weatherBaselineopen,2023,7,8,13.490844,9.59996,1.84523,Near-normal,0.2874774103294811,named in manuscript,2023-07-08,189,Open field,Open field - Near-normal (2023)
Winter Wheat,weatherBaselineopen,2023,7,9,13.616496000000001,9.76928,1.78867,Near-normal,0.2874774103294811,named in manuscript,2023-07-09,190,Open field,Open field - Near-normal (2023)
Winter Wheat,weatherBaselineopen,2023,7,10,13.722166,9.91847,1.73249,Near-normal,0.2874774103294811,named in manuscript,2023-07-10,191,Open field,Open field - Near-normal (2023)
Winter Wheat,weatherBaselineopen,2023,7,11,13.782395000000001,10.0227,1.6756,Near-normal,0.2874774103294811,named in manuscript,2023-07-11,192,Open field,Open field - Near-normal (2023)
Winter Wheat,weatherBaselineopen,2023,7,12,13.820148,10.1041,1.61743,Near-normal,0.2874774103294811,named in manuscript,2023-07-12,193,Open field,Open field - Near-normal (2023)
Winter Wheat,weatherBaselineopen,2023,7,13,13.852298000000001,10.179,1.55933,Near-normal,0.2874774103294811,named in manuscript,2023-07-13,194,Open field,Open field - Near-normal (2023)
Winter Wheat,weatherBaselineopen,2023,7,14,13.895240999999999,10.2633,1.50209,Near-normal,0.2874774103294811,named in manuscript,2023-07-14,195,Open field,Open field - Near-normal (2023)
Winter Wheat,weatherBaselineopen,2023,7,15,13.939346,10.3477,1.44651,Near-normal,0.2874774103294811,named in manuscript,2023-07-15,196,Open field,Open field - Near-normal (2023)
Winter Wheat,weatherBaselineopen,2023,7,16,13.966560999999999,10.4147,1.39206,Near-normal,0.2874774103294811,named in manuscript,2023-07-16,197,Open field,Open field - Near-normal (2023)
Winter Wheat,weatherBaselineopen,2023,7,17,13.988885999999999,10.4759,1.33793,Near-normal,0.2874774103294811,named in manuscript,2023-07-17,198,Open field,Open field - Near-normal (2023)
Winter Wheat,weatherBaselineopen,2023,7,18,14.011886,10.5367,1.2849,Near-normal,0.2874774103294811,named in manuscript,2023-07-18,199,Open field,Open field - Near-normal (2023)
Winter Wheat,weatherBaselineopen,2023,7,19,14.036121,10.5976,1.23324,Near-normal,0.2874774103294811,named in manuscript,2023-07-19,200,Open field,Open field - Near-normal (2023)
Winter Wheat,weatherBaselineopen,2023,7,20,14.060729,10.6578,1.18314,Near-normal,0.2874774103294811,named in manuscript,2023-07-20,201,Open field,Open field - Near-normal (2023)
Winter Wheat,weatherBaselineopen,2023,7,21,14.087164,10.7187,1.13456,Near-normal,0.2874774103294811,named in manuscript,2023-07-21,202,Open field,Open field - Near-normal (2023)
Winter Wheat,weatherBaselineopen,2023,7,22,14.110081000000001,10.7751,1.08759,Near-normal,0.2874774103294811,named in manuscript,2023-07-22,203,Open field,Open field - Near-normal (2023)
Winter Wheat,weatherBaselineopen,2023,7,23,14.131079,10.8286,1.04205,Near-normal,0.2874774103294811,named in manuscript,2023-07-23,204,Open field,Open field - Near-normal (2023)
Winter Wheat,weatherBaselineopen,2023,7,24,14.140431,10.8697,0.997959,Near-normal,0.2874774103294811,named in manuscript,2023-07-24,205,Open field,Open field - Near-normal (2023)
Winter Wheat,weatherBaselineopen,2023,7,25,14.141231000000001,10.9015,0.954918,Near-normal,0.2874774103294811,named in manuscript,2023-07-25,206,Open field,Open field - Near-normal (2023)
Winter Wheat,weatherBaselineopen,2023,7,26,14.15127,10.9414,0.912972,Near-normal,0.2874774103294811,named in manuscript,2023-07-26,207,Open field,Open field - Near-normal (2023)
Winter Wheat,weatherBaselineopen,2023,7,27,14.169124,10.988,0.872686,Near-normal,0.2874774103294811,named in manuscript,2023-07-27,208,Open field,Open field - Near-normal (2023)
Winter Wheat,weatherBaselineopen,2023,7,28,14.185094,11.0319,0.834071,Near-normal,0.2874774103294811,named in manuscript,2023-07-28,209,Open field,Open field - Near-normal (2023)
Winter Wheat,weatherBaselineopen,2023,7,29,14.200485,11.0744,0.796617,Near-normal,0.2874774103294811,named in manuscript,2023-07-29,210,Open field,Open field - Near-normal (2023)
Winter Wheat,weatherBaselineopen,2023,7,30,14.206239,11.1066,0.760332,Near-normal,0.2874774103294811,named in manuscript,2023-07-30,211,Open field,Open field - Near-normal (2023)
Winter Wheat,weatherBaselineopen,2023,7,31,14.207164,11.1332,0.724988,Near-normal,0.2874774103294811,named in manuscript,2023-07-31,212,Open field,Open field - Near-normal (2023)
Winter Wheat,weatherBaselineopen,2023,8,1,14.211554,11.1624,0.690832,Near-normal,0.2874774103294811,named in manuscript,2023-08-01,213,Open field,Open field - Near-normal (2023)
Winter Wheat,weatherBaselineopen,2023,8,2,14.214541999999998,11.1894,0.657975,Near-normal,0.2874774103294811,named in manuscript,2023-08-02,214,Open field,Open field - Near-normal (2023)
Winter Wheat,weatherBaselineopen,2023,8,3,14.222769000000001,11.2207,0.626364,Near-normal,0.2874774103294811,named in manuscript,2023-08-03,215,Open field,Open field - Near-normal (2023)
Winter Wheat,weatherBaselineopen,2023,8,4,14.226687,11.2469,0.596349,Near-normal,0.2874774103294811,named in manuscript,2023-08-04,216,Open field,Open field - Near-normal (2023)
Winter Wheat,weatherBaselineopen,2023,8,5,14.232121,11.2738,0.567665,Near-normal,0.2874774103294811,named in manuscript,2023-08-05,217,Open field,Open field - Near-normal (2023)
Winter Wheat,weatherBaselineopen,2023,8,6,14.247032,11.3093,0.54037,Near-normal,0.2874774103294811,named in manuscript,2023-08-06,218,Open field,Open field - Near-normal (2023)
Winter Wheat,weatherBaselineopen,2023,8,7,14.261571,11.3437,0.514502,Near-normal,0.2874774103294811,named in manuscript,2023-08-07,219,Open field,Open field - Near-normal (2023)
Winter Wheat,weatherBaselineopen,2023,8,8,14.265736,11.3671,0.489832,Near-normal,0.2874774103294811,named in manuscript,2023-08-08,220,Open field,Open field - Near-normal (2023)
Winter Wheat,weatherBaselineopen,2023,8,9,14.274143,11.394,0.466195,Near-normal,0.2874774103294811,named in manuscript,2023-08-09,221,Open field,Open field - Near-normal (2023)
Winter Wheat,weatherBaselineopen,2023,8,10,14.286446999999999,11.4241,0.443752,Near-normal,0.2874774103294811,named in manuscript,2023-08-10,222,Open field,Open field - Near-normal (2023)
Winter Wheat,weatherBaselineopen,2023,8,11,14.304137,11.4589,0.422421,Near-normal,0.2874774103294811,named in manuscript,2023-08-11,223,Open field,Open field - Near-normal (2023)
Winter Wheat,weatherBaselineopen,2013,1,1,0.055014,0,0.178403,Dry,-0.9979094773570276,named in manuscript,2013-01-01,1,Open field,Open field - Dry (2013)
Winter Wheat,weatherBaselineopen,2013,1,2,0.05507815,0,0.176386,Dry,-0.9979094773570276,named in manuscript,2013-01-02,2,Open field,Open field - Dry (2013)
Winter Wheat,weatherBaselineopen,2013,1,3,0.05506659,0,0.175241,Dry,-0.9979094773570276,named in manuscript,2013-01-03,3,Open field,Open field - Dry (2013)
Winter Wheat,weatherBaselineopen,2013,1,4,0.05534166,0,0.173865,Dry,-0.9979094773570276,named in manuscript,2013-01-04,4,Open field,Open field - Dry (2013)
Winter Wheat,weatherBaselineopen,2013,1,5,0.055679769999999996,0,0.174794,Dry,-0.9979094773570276,named in manuscript,2013-01-05,5,Open field,Open field - Dry (2013)
Winter Wheat,weatherBaselineopen,2013,1,6,0.055897180000000005,0,0.173406,Dry,-0.9979094773570276,named in manuscript,2013-01-06,6,Open field,Open field - Dry (2013)
Winter Wheat,weatherBaselineopen,2013,1,7,0.05601507,0,0.172204,Dry,-0.9979094773570276,named in manuscript,2013-01-07,7,Open field,Open field - Dry (2013)
Winter Wheat,weatherBaselineopen,2013,1,8,0.05604328,0,0.170953,Dry,-0.9979094773570276,named in manuscript,2013-01-08,8,Open field,Open field - Dry (2013)
Winter Wheat,weatherBaselineopen,2013,1,9,0.056071880000000004,0,0.169748,Dry,-0.9979094773570276,named in manuscript,2013-01-09,9,Open field,Open field - Dry (2013)
Winter Wheat,weatherBaselineopen,2013,1,10,0.056117879999999995,0,0.167791,Dry,-0.9979094773570276,named in manuscript,2013-01-10,10,Open field,Open field - Dry (2013)
Winter Wheat,weatherBaselineopen,2013,1,11,0.05612673,0,0.166291,Dry,-0.9979094773570276,named in manuscript,2013-01-11,11,Open field,Open field - Dry (2013)
Winter Wheat,weatherBaselineopen,2013,1,12,0.05612673,0,0.16624,Dry,-0.9979094773570276,named in manuscript,2013-01-12,12,Open field,Open field - Dry (2013)
Winter Wheat,weatherBaselineopen,2013,1,13,0.05612673,0,0.166166,Dry,-0.9979094773570276,named in manuscript,2013-01-13,13,Open field,Open field - Dry (2013)
Winter Wheat,weatherBaselineopen,2013,1,14,0.056125499999999995,0,0.166166,Dry,-0.9979094773570276,named in manuscript,2013-01-14,14,Open field,Open field - Dry (2013)
Winter Wheat,weatherBaselineopen,2013,1,15,0.05611707,0,0.166161,Dry,-0.9979094773570276,named in manuscript,2013-01-15,15,Open field,Open field - Dry (2013)
Winter Wheat,weatherBaselineopen,2013,1,16,0.056042629999999996,0,0.166125,Dry,-0.9979094773570276,named in manuscript,2013-01-16,16,Open field,Open field - Dry (2013)
Winter Wheat,weatherBaselineopen,2013,1,17,0.05594423,0,0.165882,Dry,-0.9979094773570276,named in manuscript,2013-01-17,17,Open field,Open field - Dry (2013)
Winter Wheat,weatherBaselineopen,2013,1,18,0.05583821,0,0.165563,Dry,-0.9979094773570276,named in manuscript,2013-01-18,18,Open field,Open field - Dry (2013)
Winter Wheat,weatherBaselineopen,2013,1,19,0.0558196,0,0.165233,Dry,-0.9979094773570276,named in manuscript,2013-01-19,19,Open field,Open field - Dry (2013)
Winter Wheat,weatherBaselineopen,2013,1,20,0.05576109,0,0.165167,Dry,-0.9979094773570276,named in manuscript,2013-01-20,20,Open field,Open field - Dry (2013)
Winter Wheat,weatherBaselineopen,2013,1,21,0.05572181,0,0.164981,Dry,-0.9979094773570276,named in manuscript,2013-01-21,21,Open field,Open field - Dry (2013)
Winter Wheat,weatherBaselineopen,2013,1,22,0.055712040000000004,0,0.164858,Dry,-0.9979094773570276,named in manuscript,2013-01-22,22,Open field,Open field - Dry (2013)
Winter Wheat,weatherBaselineopen,2013,1,23,0.05570597,0,0.164827,Dry,-0.9979094773570276,named in manuscript,2013-01-23,23,Open field,Open field - Dry (2013)
Winter Wheat,weatherBaselineopen,2013,1,24,0.05566679,0,0.164803,Dry,-0.9979094773570276,named in manuscript,2013-01-24,24,Open field,Open field - Dry (2013)
Winter Wheat,weatherBaselineopen,2013,1,25,0.05554544,0,0.164666,Dry,-0.9979094773570276,named in manuscript,2013-01-25,25,Open field,Open field - Dry (2013)
Winter Wheat,weatherBaselineopen,2013,1,26,0.05550153,0,0.164285,Dry,-0.9979094773570276,named in manuscript,2013-01-26,26,Open field,Open field - Dry (2013)
Winter Wheat,weatherBaselineopen,2013,1,27,0.05548312,0,0.164146,Dry,-0.9979094773570276,named in manuscript,2013-01-27,27,Open field,Open field - Dry (2013)
Winter Wheat,weatherBaselineopen,2013,1,28,0.05547993,0,0.164089,Dry,-0.9979094773570276,named in manuscript,2013-01-28,28,Open field,Open field - Dry (2013)
Winter Wheat,weatherBaselineopen,2013,1,29,0.055455250000000005,0,0.164076,Dry,-0.9979094773570276,named in manuscript,2013-01-29,29,Open field,Open field - Dry (2013)
Winter Wheat,weatherBaselineopen,2013,1,30,0.055416780000000006,0,0.163994,Dry,-0.9979094773570276,named in manuscript,2013-01-30,30,Open field,Open field - Dry (2013)
Winter Wheat,weatherBaselineopen,2013,1,31,0.05562205,0,0.163865,Dry,-0.9979094773570276,named in manuscript,2013-01-31,31,Open field,Open field - Dry (2013)
Winter Wheat,weatherBaselineopen,2013,2,1,0.05582144,0,0.164517,Dry,-0.9979094773570276,named in manuscript,2013-02-01,32,Open field,Open field - Dry (2013)
Winter Wheat,weatherBaselineopen,2013,2,2,0.05589118,0,0.164121,Dry,-0.9979094773570276,named in manuscript,2013-02-02,33,Open field,Open field - Dry (2013)
Winter Wheat,weatherBaselineopen,2013,2,3,0.0559138,0,0.164305,Dry,-0.9979094773570276,named in manuscript,2013-02-03,34,Open field,Open field - Dry (2013)
Winter Wheat,weatherBaselineopen,2013,2,4,0.05592141,0,0.164357,Dry,-0.9979094773570276,named in manuscript,2013-02-04,35,Open field,Open field - Dry (2013)
Winter Wheat,weatherBaselineopen,2013,2,5,0.05591501,0,0.164366,Dry,-0.9979094773570276,named in manuscript,2013-02-05,36,Open field,Open field - Dry (2013)
Winter Wheat,weatherBaselineopen,2013,2,6,0.05591275,0,0.164211,Dry,-0.9979094773570276,named in manuscript,2013-02-06,37,Open field,Open field - Dry (2013)
Winter Wheat,weatherBaselineopen,2013,2,7,0.05591275,0,0.164204,Dry,-0.9979094773570276,named in manuscript,2013-02-07,38,Open field,Open field - Dry (2013)
Winter Wheat,weatherBaselineopen,2013,2,8,0.05591275,0,0.164204,Dry,-0.9979094773570276,named in manuscript,2013-02-08,39,Open field,Open field - Dry (2013)
Winter Wheat,weatherBaselineopen,2013,2,9,0.05591275,0,0.164204,Dry,-0.9979094773570276,named in manuscript,2013-02-09,40,Open field,Open field - Dry (2013)
Winter Wheat,weatherBaselineopen,2013,2,10,0.05591111,0,0.164204,Dry,-0.9979094773570276,named in manuscript,2013-02-10,41,Open field,Open field - Dry (2013)
Winter Wheat,weatherBaselineopen,2013,2,11,0.055894030000000004,0,0.164197,Dry,-0.9979094773570276,named in manuscript,2013-02-11,42,Open field,Open field - Dry (2013)
Winter Wheat,weatherBaselineopen,2013,2,12,0.0558927,0,0.164144,Dry,-0.9979094773570276,named in manuscript,2013-02-12,43,Open field,Open field - Dry (2013)
Winter Wheat,weatherBaselineopen,2013,2,13,0.05589064,0,0.16414,Dry,-0.9979094773570276,named in manuscript,2013-02-13,44,Open field,Open field - Dry (2013)
Winter Wheat,weatherBaselineopen,2013,2,14,0.05589064,0,0.164133,Dry,-0.9979094773570276,named in manuscript,2013-02-14,45,Open field,Open field - Dry (2013)
Winter Wheat,weatherBaselineopen,2013,2,15,0.05589064,0,0.164133,Dry,-0.9979094773570276,named in manuscript,2013-02-15,46,Open field,Open field - Dry (2013)
Winter Wheat,weatherBaselineopen,2013,2,16,0.05589064,0,0.164133,Dry,-0.9979094773570276,named in manuscript,2013-02-16,47,Open field,Open field - Dry (2013)
Winter Wheat,weatherBaselineopen,2013,2,17,0.05589033,0,0.164133,Dry,-0.9979094773570276,named in manuscript,2013-02-17,48,Open field,Open field - Dry (2013)
Winter Wheat,weatherBaselineopen,2013,2,18,0.055887139999999995,0,0.164132,Dry,-0.9979094773570276,named in manuscript,2013-02-18,49,Open field,Open field - Dry (2013)
Winter Wheat,weatherBaselineopen,2013,2,19,0.05586966,0,0.16412,Dry,-0.9979094773570276,named in manuscript,2013-02-19,50,Open field,Open field - Dry (2013)
Winter Wheat,weatherBaselineopen,2013,2,20,0.05586966,0,0.164066,Dry,-0.9979094773570276,named in manuscript,2013-02-20,51,Open field,Open field - Dry (2013)
Winter Wheat,weatherBaselineopen,2013,2,21,0.05586966,0,0.164066,Dry,-0.9979094773570276,named in manuscript,2013-02-21,52,Open field,Open field - Dry (2013)
Winter Wheat,weatherBaselineopen,2013,2,22,0.05586534,0,0.164065,Dry,-0.9979094773570276,named in manuscript,2013-02-22,53,Open field,Open field - Dry (2013)
Winter Wheat,weatherBaselineopen,2013,2,23,0.05585742,0,0.164051,Dry,-0.9979094773570276,named in manuscript,2013-02-23,54,Open field,Open field - Dry (2013)
Winter Wheat,weatherBaselineopen,2013,2,24,0.055855260000000004,0,0.164027,Dry,-0.9979094773570276,named in manuscript,2013-02-24,55,Open field,Open field - Dry (2013)
Winter Wheat,weatherBaselineopen,2013,2,25,0.055855260000000004,0,0.16402,Dry,-0.9979094773570276,named in manuscript,2013-02-25,56,Open field,Open field - Dry (2013)
Winter Wheat,weatherBaselineopen,2013,2,26,0.055855260000000004,0,0.16402,Dry,-0.9979094773570276,named in manuscript,2013-02-26,57,Open field,Open field - Dry (2013)
Winter Wheat,weatherBaselineopen,2013,2,27,0.055854020000000004,0,0.16402,Dry,-0.9979094773570276,named in manuscript,2013-02-27,58,Open field,Open field - Dry (2013)
Winter Wheat,weatherBaselineopen,2013,2,28,0.055854020000000004,0,0.164016,Dry,-0.9979094773570276,named in manuscript,2013-02-28,59,Open field,Open field - Dry (2013)
Winter Wheat,weatherBaselineopen,2013,3,1,0.05583695,0,0.164014,Dry,-0.9979094773570276,named in manuscript,2013-03-01,60,Open field,Open field - Dry (2013)
Winter Wheat,weatherBaselineopen,2013,3,2,0.055822449999999996,0,0.16396,Dry,-0.9979094773570276,named in manuscript,2013-03-02,61,Open field,Open field - Dry (2013)
Winter Wheat,weatherBaselineopen,2013,3,3,0.0558026,0,0.163912,Dry,-0.9979094773570276,named in manuscript,2013-03-03,62,Open field,Open field - Dry (2013)
Winter Wheat,weatherBaselineopen,2013,3,4,0.05578224,0,0.163849,Dry,-0.9979094773570276,named in manuscript,2013-03-04,63,Open field,Open field - Dry (2013)
Winter Wheat,weatherBaselineopen,2013,3,5,0.05577401,0,0.163785,Dry,-0.9979094773570276,named in manuscript,2013-03-05,64,Open field,Open field - Dry (2013)
Winter Wheat,weatherBaselineopen,2013,3,6,0.055747679999999994,0,0.163756,Dry,-0.9979094773570276,named in manuscript,2013-03-06,65,Open field,Open field - Dry (2013)
Winter Wheat,weatherBaselineopen,2013,3,7,0.05572947,0,0.163673,Dry,-0.9979094773570276,named in manuscript,2013-03-07,66,Open field,Open field - Dry (2013)
Winter Wheat,weatherBaselineopen,2013,3,8,0.05570818,0,0.163614,Dry,-0.9979094773570276,named in manuscript,2013-03-08,67,Open field,Open field - Dry (2013)
Winter Wheat,weatherBaselineopen,2013,3,9,0.055706019999999995,0,0.163549,Dry,-0.9979094773570276,named in manuscript,2013-03-09,68,Open field,Open field - Dry (2013)
Winter Wheat,weatherBaselineopen,2013,3,10,0.055706019999999995,0,0.163542,Dry,-0.9979094773570276,named in manuscript,2013-03-10,69,Open field,Open field - Dry (2013)
Winter Wheat,weatherBaselineopen,2013,3,11,0.055694299999999995,0,0.16354,Dry,-0.9979094773570276,named in manuscript,2013-03-11,70,Open field,Open field - Dry (2013)
Winter Wheat,weatherBaselineopen,2013,3,12,0.05566488,0,0.163501,Dry,-0.9979094773570276,named in manuscript,2013-03-12,71,Open field,Open field - Dry (2013)
Winter Wheat,weatherBaselineopen,2013,3,13,0.05566323,0,0.16341,Dry,-0.9979094773570276,named in manuscript,2013-03-13,72,Open field,Open field - Dry (2013)
Winter Wheat,weatherBaselineopen,2013,3,14,0.05565727,0,0.163404,Dry,-0.9979094773570276,named in manuscript,2013-03-14,73,Open field,Open field - Dry (2013)
Winter Wheat,weatherBaselineopen,2013,3,15,0.055634329999999996,0,0.163383,Dry,-0.9979094773570276,named in manuscript,2013-03-15,74,Open field,Open field - Dry (2013)
Winter Wheat,weatherBaselineopen,2013,3,16,0.05563237,0,0.163312,Dry,-0.9979094773570276,named in manuscript,2013-03-16,75,Open field,Open field - Dry (2013)
Winter Wheat,weatherBaselineopen,2013,3,17,0.05563237,0,0.163306,Dry,-0.9979094773570276,named in manuscript,2013-03-17,76,Open field,Open field - Dry (2013)
Winter Wheat,weatherBaselineopen,2013,3,18,0.05563237,0,0.163306,Dry,-0.9979094773570276,named in manuscript,2013-03-18,77,Open field,Open field - Dry (2013)
Winter Wheat,weatherBaselineopen,2013,3,19,0.05563237,0,0.163306,Dry,-0.9979094773570276,named in manuscript,2013-03-19,78,Open field,Open field - Dry (2013)
Winter Wheat,weatherBaselineopen,2013,3,20,0.05563186,0,0.163306,Dry,-0.9979094773570276,named in manuscript,2013-03-20,79,Open field,Open field - Dry (2013)
Winter Wheat,weatherBaselineopen,2013,3,21,0.05562312,0,0.163303,Dry,-0.9979094773570276,named in manuscript,2013-03-21,80,Open field,Open field - Dry (2013)
Winter Wheat,weatherBaselineopen,2013,3,22,0.055615090000000006,0,0.163275,Dry,-0.9979094773570276,named in manuscript,2013-03-22,81,Open field,Open field - Dry (2013)
Winter Wheat,weatherBaselineopen,2013,3,23,0.0555974,0,0.163248,Dry,-0.9979094773570276,named in manuscript,2013-03-23,82,Open field,Open field - Dry (2013)
Winter Wheat,weatherBaselineopen,2013,3,24,0.05556428,0,0.16319,Dry,-0.9979094773570276,named in manuscript,2013-03-24,83,Open field,Open field - Dry (2013)
Winter Wheat,weatherBaselineopen,2013,3,25,0.05555574,0,0.163087,Dry,-0.9979094773570276,named in manuscript,2013-03-25,84,Open field,Open field - Dry (2013)
Winter Wheat,weatherBaselineopen,2013,3,26,0.05555142,0,0.16306,Dry,-0.9979094773570276,named in manuscript,2013-03-26,85,Open field,Open field - Dry (2013)
Winter Wheat,weatherBaselineopen,2013,3,27,0.05555142,0,0.163047,Dry,-0.9979094773570276,named in manuscript,2013-03-27,86,Open field,Open field - Dry (2013)
Winter Wheat,weatherBaselineopen,2013,3,28,0.05555142,0,0.163047,Dry,-0.9979094773570276,named in manuscript,2013-03-28,87,Open field,Open field - Dry (2013)
Winter Wheat,weatherBaselineopen,2013,3,29,0.05555142,0,0.163047,Dry,-0.9979094773570276,named in manuscript,2013-03-29,88,Open field,Open field - Dry (2013)
Winter Wheat,weatherBaselineopen,2013,3,30,0.05555142,0,0.163047,Dry,-0.9979094773570276,named in manuscript,2013-03-30,89,Open field,Open field - Dry (2013)
Winter Wheat,weatherBaselineopen,2013,3,31,0.05555142,0,0.163047,Dry,-0.9979094773570276,named in manuscript,2013-03-31,90,Open field,Open field - Dry (2013)
Winter Wheat,weatherBaselineopen,2013,4,1,0.055550810000000006,0,0.163047,Dry,-0.9979094773570276,named in manuscript,2013-04-01,91,Open field,Open field - Dry (2013)
Winter Wheat,weatherBaselineopen,2013,4,2,0.055543300000000004,0,0.163044,Dry,-0.9979094773570276,named in manuscript,2013-04-02,92,Open field,Open field - Dry (2013)
Winter Wheat,weatherBaselineopen,2013,4,3,0.05552787,0,0.163019,Dry,-0.9979094773570276,named in manuscript,2013-04-03,93,Open field,Open field - Dry (2013)
Winter Wheat,weatherBaselineopen,2013,4,4,0.05551141,0,0.162969,Dry,-0.9979094773570276,named in manuscript,2013-04-04,94,Open field,Open field - Dry (2013)
Winter Wheat,weatherBaselineopen,2013,4,5,0.055501430000000004,0,0.162917,Dry,-0.9979094773570276,named in manuscript,2013-04-05,95,Open field,Open field - Dry (2013)
Winter Wheat,weatherBaselineopen,2013,4,6,0.05548682,0,0.162885,Dry,-0.9979094773570276,named in manuscript,2013-04-06,96,Open field,Open field - Dry (2013)
Winter Wheat,weatherBaselineopen,2013,4,7,0.05546687,0,0.162837,Dry,-0.9979094773570276,named in manuscript,2013-04-07,97,Open field,Open field - Dry (2013)
Winter Wheat,weatherBaselineopen,2013,4,8,0.05546008,0,0.162775,Dry,-0.9979094773570276,named in manuscript,2013-04-08,98,Open field,Open field - Dry (2013)
Winter Wheat,weatherBaselineopen,2013,4,9,0.05545195,0,0.162753,Dry,-0.9979094773570276,named in manuscript,2013-04-09,99,Open field,Open field - Dry (2013)
Winter Wheat,weatherBaselineopen,2013,4,10,0.05543735,0,0.162726,Dry,-0.9979094773570276,named in manuscript,2013-04-10,100,Open field,Open field - Dry (2013)
Winter Wheat,weatherBaselineopen,2013,4,11,0.055426960000000004,0,0.16268,Dry,-0.9979094773570276,named in manuscript,2013-04-11,101,Open field,Open field - Dry (2013)
Winter Wheat,weatherBaselineopen,2013,4,12,0.055405659999999995,0,0.162645,Dry,-0.9979094773570276,named in manuscript,2013-04-12,102,Open field,Open field - Dry (2013)
Winter Wheat,weatherBaselineopen,2013,4,13,0.05537922,0,0.162576,Dry,-0.9979094773570276,named in manuscript,2013-04-13,103,Open field,Open field - Dry (2013)
Winter Wheat,weatherBaselineopen,2013,4,14,0.055655340000000005,0,0.162488,Dry,-0.9979094773570276,named in manuscript,2013-04-14,104,Open field,Open field - Dry (2013)
Winter Wheat,weatherBaselineopen,2013,4,15,0.0575728,0,0.163358,Dry,-0.9979094773570276,named in manuscript,2013-04-15,105,Open field,Open field - Dry (2013)
Winter Wheat,weatherBaselineopen,2013,4,16,0.06210164,0,0.167724,Dry,-0.9979094773570276,named in manuscript,2013-04-16,106,Open field,Open field - Dry (2013)
Winter Wheat,weatherBaselineopen,2013,4,17,0.06816975,0,0.178978,Dry,-0.9979094773570276,named in manuscript,2013-04-17,107,Open field,Open field - Dry (2013)
Winter Wheat,weatherBaselineopen,2013,4,18,0.07544151368,0,0.19434,Dry,-0.9979094773570276,named in manuscript,2013-04-18,108,Open field,Open field - Dry (2013)
Winter Wheat,weatherBaselineopen,2013,4,19,0.0829573733,0,0.212444,Dry,-0.9979094773570276,named in manuscript,2013-04-19,109,Open field,Open field - Dry (2013)
Winter Wheat,weatherBaselineopen,2013,4,20,0.0886696584,0,0.231045,Dry,-0.9979094773570276,named in manuscript,2013-04-20,110,Open field,Open field - Dry (2013)
Winter Wheat,weatherBaselineopen,2013,4,21,0.0928584127,0,0.244891,Dry,-0.9979094773570276,named in manuscript,2013-04-21,111,Open field,Open field - Dry (2013)
Winter Wheat,weatherBaselineopen,2013,4,22,0.09746387,0,0.254625,Dry,-0.9979094773570276,named in manuscript,2013-04-22,112,Open field,Open field - Dry (2013)
Winter Wheat,weatherBaselineopen,2013,4,23,0.10394840899999999,0,0.264952,Dry,-0.9979094773570276,named in manuscript,2013-04-23,113,Open field,Open field - Dry (2013)
Winter Wheat,weatherBaselineopen,2013,4,24,0.111486911,0,0.279634,Dry,-0.9979094773570276,named in manuscript,2013-04-24,114,Open field,Open field - Dry (2013)
Winter Wheat,weatherBaselineopen,2013,4,25,0.118566916,0,0.296319,Dry,-0.9979094773570276,named in manuscript,2013-04-25,115,Open field,Open field - Dry (2013)
Winter Wheat,weatherBaselineopen,2013,4,26,0.124639097,0,0.311406,Dry,-0.9979094773570276,named in manuscript,2013-04-26,116,Open field,Open field - Dry (2013)
Winter Wheat,weatherBaselineopen,2013,4,27,0.130051317,0,0.324732,Dry,-0.9979094773570276,named in manuscript,2013-04-27,117,Open field,Open field - Dry (2013)
Winter Wheat,weatherBaselineopen,2013,4,28,0.135006786,0,0.335909,Dry,-0.9979094773570276,named in manuscript,2013-04-28,118,Open field,Open field - Dry (2013)
Winter Wheat,weatherBaselineopen,2013,4,29,0.139480517,0,0.345239,Dry,-0.9979094773570276,named in manuscript,2013-04-29,119,Open field,Open field - Dry (2013)
Winter Wheat,weatherBaselineopen,2013,4,30,0.14369771,0,0.353221,Dry,-0.9979094773570276,named in manuscript,2013-04-30,120,Open field,Open field - Dry (2013)
Winter Wheat,weatherBaselineopen,2013,5,1,0.1481248,0,0.360229,Dry,-0.9979094773570276,named in manuscript,2013-05-01,121,Open field,Open field - Dry (2013)
Winter Wheat,weatherBaselineopen,2013,5,2,0.15282226000000002,0,0.367734,Dry,-0.9979094773570276,named in manuscript,2013-05-02,122,Open field,Open field - Dry (2013)
Winter Wheat,weatherBaselineopen,2013,5,3,0.15810211,0,0.37541,Dry,-0.9979094773570276,named in manuscript,2013-05-03,123,Open field,Open field - Dry (2013)
Winter Wheat,weatherBaselineopen,2013,5,4,0.16758656,0,0.384069,Dry,-0.9979094773570276,named in manuscript,2013-05-04,124,Open field,Open field - Dry (2013)
Winter Wheat,weatherBaselineopen,2013,5,5,0.18193284,0,0.40182,Dry,-0.9979094773570276,named in manuscript,2013-05-05,125,Open field,Open field - Dry (2013)
Winter Wheat,weatherBaselineopen,2013,5,6,0.19906774,0,0.429142,Dry,-0.9979094773570276,named in manuscript,2013-05-06,126,Open field,Open field - Dry (2013)
Winter Wheat,weatherBaselineopen,2013,5,7,0.23697802999999998,0,0.462019,Dry,-0.9979094773570276,named in manuscript,2013-05-07,127,Open field,Open field - Dry (2013)
Winter Wheat,weatherBaselineopen,2013,5,8,0.28648313000000003,0,0.540971,Dry,-0.9979094773570276,named in manuscript,2013-05-08,128,Open field,Open field - Dry (2013)
Winter Wheat,weatherBaselineopen,2013,5,9,0.32763589,0,0.639639,Dry,-0.9979094773570276,named in manuscript,2013-05-09,129,Open field,Open field - Dry (2013)
Winter Wheat,weatherBaselineopen,2013,5,10,0.37315134,0,0.713304,Dry,-0.9979094773570276,named in manuscript,2013-05-10,130,Open field,Open field - Dry (2013)
Winter Wheat,weatherBaselineopen,2013,5,11,0.42748068,0,0.798191,Dry,-0.9979094773570276,named in manuscript,2013-05-11,131,Open field,Open field - Dry (2013)
Winter Wheat,weatherBaselineopen,2013,5,12,0.48657202999999993,0,0.89749,Dry,-0.9979094773570276,named in manuscript,2013-05-12,132,Open field,Open field - Dry (2013)
Winter Wheat,weatherBaselineopen,2013,5,13,0.53596904,0,0.997435,Dry,-0.9979094773570276,named in manuscript,2013-05-13,133,Open field,Open field - Dry (2013)
Winter Wheat,weatherBaselineopen,2013,5,14,0.5734220999999999,0,1.02977,Dry,-0.9979094773570276,named in manuscript,2013-05-14,134,Open field,Open field - Dry (2013)
Winter Wheat,weatherBaselineopen,2013,5,15,0.6167461,0,1.0958,Dry,-0.9979094773570276,named in manuscript,2013-05-15,135,Open field,Open field - Dry (2013)
Winter Wheat,weatherBaselineopen,2013,5,16,0.6666586,0,1.17267,Dry,-0.9979094773570276,named in manuscript,2013-05-16,136,Open field,Open field - Dry (2013)
Winter Wheat,weatherBaselineopen,2013,5,17,0.7237215,0,1.25654,Dry,-0.9979094773570276,named in manuscript,2013-05-17,137,Open field,Open field - Dry (2013)
Winter Wheat,weatherBaselineopen,2013,5,18,0.7808408,0,1.34815,Dry,-0.9979094773570276,named in manuscript,2013-05-18,138,Open field,Open field - Dry (2013)
Winter Wheat,weatherBaselineopen,2013,5,19,0.8475951999999999,0,1.43291,Dry,-0.9979094773570276,named in manuscript,2013-05-19,139,Open field,Open field - Dry (2013)
Winter Wheat,weatherBaselineopen,2013,5,20,0.909939,0,1.52401,Dry,-0.9979094773570276,named in manuscript,2013-05-20,140,Open field,Open field - Dry (2013)
Winter Wheat,weatherBaselineopen,2013,5,21,0.9632455000000001,0,1.60218,Dry,-0.9979094773570276,named in manuscript,2013-05-21,141,Open field,Open field - Dry (2013)
Winter Wheat,weatherBaselineopen,2013,5,22,1.0151648,0,1.65816,Dry,-0.9979094773570276,named in manuscript,2013-05-22,142,Open field,Open field - Dry (2013)
Winter Wheat,weatherBaselineopen,2013,5,23,1.046942,0,1.70683,Dry,-0.9979094773570276,named in manuscript,2013-05-23,143,Open field,Open field - Dry (2013)
Winter Wheat,weatherBaselineopen,2013,5,24,1.0798434,0,1.72691,Dry,-0.9979094773570276,named in manuscript,2013-05-24,144,Open field,Open field - Dry (2013)
Winter Wheat,weatherBaselineopen,2013,5,25,1.1338062,0,1.74978,Dry,-0.9979094773570276,named in manuscript,2013-05-25,145,Open field,Open field - Dry (2013)
Winter Wheat,weatherBaselineopen,2013,5,26,1.1933034,0,1.79131,Dry,-0.9979094773570276,named in manuscript,2013-05-26,146,Open field,Open field - Dry (2013)
Winter Wheat,weatherBaselineopen,2013,5,27,1.2583328999999999,0,1.83537,Dry,-0.9979094773570276,named in manuscript,2013-05-27,147,Open field,Open field - Dry (2013)
Winter Wheat,weatherBaselineopen,2013,5,28,1.3229604999999998,0,1.88022,Dry,-0.9979094773570276,named in manuscript,2013-05-28,148,Open field,Open field - Dry (2013)
Winter Wheat,weatherBaselineopen,2013,5,29,1.3794838999999999,0,1.92074,Dry,-0.9979094773570276,named in manuscript,2013-05-29,149,Open field,Open field - Dry (2013)
Winter Wheat,weatherBaselineopen,2013,5,30,1.4333032000000001,0,1.95013,Dry,-0.9979094773570276,named in manuscript,2013-05-30,150,Open field,Open field - Dry (2013)
Winter Wheat,weatherBaselineopen,2013,5,31,1.4960373,0,1.97504,Dry,-0.9979094773570276,named in manuscript,2013-05-31,151,Open field,Open field - Dry (2013)
Winter Wheat,weatherBaselineopen,2013,6,1,1.56982047,0.00668197,2.00027,Dry,-0.9979094773570276,named in manuscript,2013-06-01,152,Open field,Open field - Dry (2013)
Winter Wheat,weatherBaselineopen,2013,6,2,1.6522720000000002,0.0283796,2.02329,Dry,-0.9979094773570276,named in manuscript,2013-06-02,153,Open field,Open field - Dry (2013)
Winter Wheat,weatherBaselineopen,2013,6,3,1.7474826,0.0634882,2.04099,Dry,-0.9979094773570276,named in manuscript,2013-06-03,154,Open field,Open field - Dry (2013)
Winter Wheat,weatherBaselineopen,2013,6,4,1.8596431000000002,0.108657,2.05792,Dry,-0.9979094773570276,named in manuscript,2013-06-04,155,Open field,Open field - Dry (2013)
Winter Wheat,weatherBaselineopen,2013,6,5,1.9825369000000002,0.162951,2.07883,Dry,-0.9979094773570276,named in manuscript,2013-06-05,156,Open field,Open field - Dry (2013)
Winter Wheat,weatherBaselineopen,2013,6,6,2.1072868,0.221764,2.10016,Dry,-0.9979094773570276,named in manuscript,2013-06-06,157,Open field,Open field - Dry (2013)
Winter Wheat,weatherBaselineopen,2013,6,7,2.2356559,0.285913,2.11917,Dry,-0.9979094773570276,named in manuscript,2013-06-07,158,Open field,Open field - Dry (2013)
Winter Wheat,weatherBaselineopen,2013,6,8,2.3744587,0.357885,2.13693,Dry,-0.9979094773570276,named in manuscript,2013-06-08,159,Open field,Open field - Dry (2013)
Winter Wheat,weatherBaselineopen,2013,6,9,2.5092214,0.43128,2.15596,Dry,-0.9979094773570276,named in manuscript,2013-06-09,160,Open field,Open field - Dry (2013)
Winter Wheat,weatherBaselineopen,2013,6,10,2.6520177,0.512885,2.17079,Dry,-0.9979094773570276,named in manuscript,2013-06-10,161,Open field,Open field - Dry (2013)
Winter Wheat,weatherBaselineopen,2013,6,11,2.8084388000000002,0.607032,2.18528,Dry,-0.9979094773570276,named in manuscript,2013-06-11,162,Open field,Open field - Dry (2013)
Winter Wheat,weatherBaselineopen,2013,6,12,2.9476267000000003,0.693715,2.19995,Dry,-0.9979094773570276,named in manuscript,2013-06-12,163,Open field,Open field - Dry (2013)
Winter Wheat,weatherBaselineopen,2013,6,13,3.070919,0.774331,2.20747,Dry,-0.9979094773570276,named in manuscript,2013-06-13,164,Open field,Open field - Dry (2013)
Winter Wheat,weatherBaselineopen,2013,6,14,3.181885,0.850679,2.20809,Dry,-0.9979094773570276,named in manuscript,2013-06-14,165,Open field,Open field - Dry (2013)
Winter Wheat,weatherBaselineopen,2013,6,15,3.300731,0.933781,2.2032,Dry,-0.9979094773570276,named in manuscript,2013-06-15,166,Open field,Open field - Dry (2013)
Winter Wheat,weatherBaselineopen,2013,6,16,3.4420319999999993,1.03303,2.19907,Dry,-0.9979094773570276,named in manuscript,2013-06-16,167,Open field,Open field - Dry (2013)
Winter Wheat,weatherBaselineopen,2013,6,17,3.578015,1.13034,2.1989899999999998,Dry,-0.9979094773570276,named in manuscript,2013-06-17,168,Open field,Open field - Dry (2013)
Winter Wheat,weatherBaselineopen,2013,6,18,3.7301019999999996,1.24095,2.19625,Dry,-0.9979094773570276,named in manuscript,2013-06-18,169,Open field,Open field - Dry (2013)
Winter Wheat,weatherBaselineopen,2013,6,19,3.9140189999999997,1.37729,2.19562,Dry,-0.9979094773570276,named in manuscript,2013-06-19,170,Open field,Open field - Dry (2013)
Winter Wheat,weatherBaselineopen,2013,6,20,4.0654129999999995,1.49465,2.19875,Dry,-0.9979094773570276,named in manuscript,2013-06-20,171,Open field,Open field - Dry (2013)
Winter Wheat,weatherBaselineopen,2013,6,21,4.203582,1.60563,2.19132,Dry,-0.9979094773570276,named in manuscript,2013-06-21,172,Open field,Open field - Dry (2013)
Winter Wheat,weatherBaselineopen,2013,6,22,4.326756,1.70811,2.17951,Dry,-0.9979094773570276,named in manuscript,2013-06-22,173,Open field,Open field - Dry (2013)
Winter Wheat,weatherBaselineopen,2013,6,23,4.431082999999999,1.79793,2.16237,Dry,-0.9979094773570276,named in manuscript,2013-06-23,174,Open field,Open field - Dry (2013)
Winter Wheat,weatherBaselineopen,2013,6,24,4.556515,1.90561,2.14096,Dry,-0.9979094773570276,named in manuscript,2013-06-24,175,Open field,Open field - Dry (2013)
Winter Wheat,weatherBaselineopen,2013,6,25,4.708956,2.03597,2.12226,Dry,-0.9979094773570276,named in manuscript,2013-06-25,176,Open field,Open field - Dry (2013)
Winter Wheat,weatherBaselineopen,2013,6,26,4.885493,2.18724,2.10652,Dry,-0.9979094773570276,named in manuscript,2013-06-26,177,Open field,Open field - Dry (2013)
Winter Wheat,weatherBaselineopen,2013,6,27,5.066898,2.34491,2.09327,Dry,-0.9979094773570276,named in manuscript,2013-06-27,178,Open field,Open field - Dry (2013)
Winter Wheat,weatherBaselineopen,2013,6,28,5.222306,2.48305,2.07853,Dry,-0.9979094773570276,named in manuscript,2013-06-28,179,Open field,Open field - Dry (2013)
Winter Wheat,weatherBaselineopen,2013,6,29,5.3732690000000005,2.61865,2.059,Dry,-0.9979094773570276,named in manuscript,2013-06-29,180,Open field,Open field - Dry (2013)
Winter Wheat,weatherBaselineopen,2013,6,30,5.5299949999999995,2.76026,2.03826,Dry,-0.9979094773570276,named in manuscript,2013-06-30,181,Open field,Open field - Dry (2013)
Winter Wheat,weatherBaselineopen,2013,7,1,5.721883,2.93294,2.01767,Dry,-0.9979094773570276,named in manuscript,2013-07-01,182,Open field,Open field - Dry (2013)
Winter Wheat,weatherBaselineopen,2013,7,2,5.898521,3.09453,2.00042,Dry,-0.9979094773570276,named in manuscript,2013-07-02,183,Open field,Open field - Dry (2013)
Winter Wheat,weatherBaselineopen,2013,7,3,6.09668,3.27607,1.97975,Dry,-0.9979094773570276,named in manuscript,2013-07-03,184,Open field,Open field - Dry (2013)
Winter Wheat,weatherBaselineopen,2013,7,4,6.286377,3.4528,1.96092,Dry,-0.9979094773570276,named in manuscript,2013-07-04,185,Open field,Open field - Dry (2013)
Winter Wheat,weatherBaselineopen,2013,7,5,6.428502999999999,3.59006,1.93882,Dry,-0.9979094773570276,named in manuscript,2013-07-05,186,Open field,Open field - Dry (2013)
Winter Wheat,weatherBaselineopen,2013,7,6,6.617523,3.77063,1.91007,Dry,-0.9979094773570276,named in manuscript,2013-07-06,187,Open field,Open field - Dry (2013)
Winter Wheat,weatherBaselineopen,2013,7,7,6.871409,4.01134,1.88535,Dry,-0.9979094773570276,named in manuscript,2013-07-07,188,Open field,Open field - Dry (2013)
Winter Wheat,weatherBaselineopen,2013,7,8,7.159009,4.28533,1.86524,Dry,-0.9979094773570276,named in manuscript,2013-07-08,189,Open field,Open field - Dry (2013)
Winter Wheat,weatherBaselineopen,2013,7,9,7.461283,4.57577,1.84607,Dry,-0.9979094773570276,named in manuscript,2013-07-09,190,Open field,Open field - Dry (2013)
Winter Wheat,weatherBaselineopen,2013,7,10,7.773453999999999,4.87829,1.82594,Dry,-0.9979094773570276,named in manuscript,2013-07-10,191,Open field,Open field - Dry (2013)
Winter Wheat,weatherBaselineopen,2013,7,11,8.092448000000001,5.18975,1.80453,Dry,-0.9979094773570276,named in manuscript,2013-07-11,192,Open field,Open field - Dry (2013)
Winter Wheat,weatherBaselineopen,2013,7,12,8.404649,5.49754,1.78188,Dry,-0.9979094773570276,named in manuscript,2013-07-12,193,Open field,Open field - Dry (2013)
Winter Wheat,weatherBaselineopen,2013,7,13,8.706182,5.79775,1.75684,Dry,-0.9979094773570276,named in manuscript,2013-07-13,194,Open field,Open field - Dry (2013)
Winter Wheat,weatherBaselineopen,2013,7,14,8.98357,6.0771,1.72938,Dry,-0.9979094773570276,named in manuscript,2013-07-14,195,Open field,Open field - Dry (2013)
Winter Wheat,weatherBaselineopen,2013,7,15,9.236703,6.33364,1.69898,Dry,-0.9979094773570276,named in manuscript,2013-07-15,196,Open field,Open field - Dry (2013)
Winter Wheat,weatherBaselineopen,2013,7,16,9.456497,6.55855,1.66683,Dry,-0.9979094773570276,named in manuscript,2013-07-16,197,Open field,Open field - Dry (2013)
Winter Wheat,weatherBaselineopen,2013,7,17,9.68524,6.79229,1.63233,Dry,-0.9979094773570276,named in manuscript,2013-07-17,198,Open field,Open field - Dry (2013)
Winter Wheat,weatherBaselineopen,2013,7,18,9.951815,7.0626,1.59817,Dry,-0.9979094773570276,named in manuscript,2013-07-18,199,Open field,Open field - Dry (2013)
Winter Wheat,weatherBaselineopen,2013,7,19,10.22475,7.33935,1.56568,Dry,-0.9979094773570276,named in manuscript,2013-07-19,200,Open field,Open field - Dry (2013)
Winter Wheat,weatherBaselineopen,2013,7,20,10.472358,7.59213,1.5329,Dry,-0.9979094773570276,named in manuscript,2013-07-20,201,Open field,Open field - Dry (2013)
Winter Wheat,weatherBaselineopen,2013,7,21,10.728959,7.85387,1.49826,Dry,-0.9979094773570276,named in manuscript,2013-07-21,202,Open field,Open field - Dry (2013)
Winter Wheat,weatherBaselineopen,2013,7,22,10.955046,8.08654,1.46368,Dry,-0.9979094773570276,named in manuscript,2013-07-22,203,Open field,Open field - Dry (2013)
Winter Wheat,weatherBaselineopen,2013,7,23,11.129825,8.26996,1.42704,Dry,-0.9979094773570276,named in manuscript,2013-07-23,204,Open field,Open field - Dry (2013)
Winter Wheat,weatherBaselineopen,2013,7,24,11.259667,8.42988,1.38765,Dry,-0.9979094773570276,named in manuscript,2013-07-24,205,Open field,Open field - Dry (2013)
Winter Wheat,weatherBaselineopen,2013,7,25,11.388267,8.58985,1.34717,Dry,-0.9979094773570276,named in manuscript,2013-07-25,206,Open field,Open field - Dry (2013)
Winter Wheat,weatherBaselineopen,2013,7,26,11.491543,8.72477,1.30682,Dry,-0.9979094773570276,named in manuscript,2013-07-26,207,Open field,Open field - Dry (2013)
Winter Wheat,weatherBaselineopen,2013,7,27,11.566132000000001,8.83134,1.2654,Dry,-0.9979094773570276,named in manuscript,2013-07-27,208,Open field,Open field - Dry (2013)
Winter Wheat,weatherBaselineopen,2013,7,28,11.614839,8.91219,1.22292,Dry,-0.9979094773570276,named in manuscript,2013-07-28,209,Open field,Open field - Dry (2013)
Winter Wheat,weatherBaselineopen,2013,7,29,11.649398999999999,8.97862,1.17971,Dry,-0.9979094773570276,named in manuscript,2013-07-29,210,Open field,Open field - Dry (2013)
Winter Wheat,weatherBaselineopen,2013,7,30,11.681875999999999,9.04228,1.13649,Dry,-0.9979094773570276,named in manuscript,2013-07-30,211,Open field,Open field - Dry (2013)
Winter Wheat,weatherBaselineopen,2013,7,31,11.713221999999998,9.10409,1.09391,Dry,-0.9979094773570276,named in manuscript,2013-07-31,212,Open field,Open field - Dry (2013)
Winter Wheat,weatherBaselineopen,2013,8,1,11.748739,9.16915,1.05214,Dry,-0.9979094773570276,named in manuscript,2013-08-01,213,Open field,Open field - Dry (2013)
Winter Wheat,weatherBaselineopen,2013,8,2,11.777236,9.22658,1.01149,Dry,-0.9979094773570276,named in manuscript,2013-08-02,214,Open field,Open field - Dry (2013)
Winter Wheat,weatherBaselineopen,2013,8,3,11.79468,9.27256,0.971572,Dry,-0.9979094773570276,named in manuscript,2013-08-03,215,Open field,Open field - Dry (2013)
Winter Wheat,weatherBaselineopen,2013,8,4,11.810526999999999,9.31627,0.931955,Dry,-0.9979094773570276,named in manuscript,2013-08-04,216,Open field,Open field - Dry (2013)
Winter Wheat,weatherBaselineopen,2013,8,5,11.832706,9.36544,0.893093,Dry,-0.9979094773570276,named in manuscript,2013-08-05,217,Open field,Open field - Dry (2013)
Winter Wheat,weatherBaselineopen,2013,8,6,11.851697000000001,9.41078,0.855399,Dry,-0.9979094773570276,named in manuscript,2013-08-06,218,Open field,Open field - Dry (2013)
Winter Wheat,weatherBaselineopen,2013,8,7,11.865467,9.45029,0.818499,Dry,-0.9979094773570276,named in manuscript,2013-08-07,219,Open field,Open field - Dry (2013)
Winter Wheat,weatherBaselineopen,2013,8,8,11.883588,9.49331,0.782402,Dry,-0.9979094773570276,named in manuscript,2013-08-08,220,Open field,Open field - Dry (2013)
Winter Wheat,weatherBaselineopen,2013,8,9,11.894171,9.52817,0.747529,Dry,-0.9979094773570276,named in manuscript,2013-08-09,221,Open field,Open field - Dry (2013)
Winter Wheat,weatherBaselineopen,2013,8,10,11.91314,9.57055,0.713609,Dry,-0.9979094773570276,named in manuscript,2013-08-10,222,Open field,Open field - Dry (2013)
Winter Wheat,weatherBaselineopen,2013,8,11,11.93034,9.61047,0.680986,Dry,-0.9979094773570276,named in manuscript,2013-08-11,223,Open field,Open field - Dry (2013)
Winter Wheat,weatherRad0Center,2023,1,1,0.1279912,0,0.364775,Near-normal,0.2874774103294811,named in manuscript,2023-01-01,1,VAPV (Rad 0%),VAPV (Rad 0%) - Near-normal (2023)
Winter Wheat,weatherRad0Center,2023,1,2,0.1283696,0,0.364993,Near-normal,0.2874774103294811,named in manuscript,2023-01-02,2,VAPV (Rad 0%),VAPV (Rad 0%) - Near-normal (2023)
Winter Wheat,weatherRad0Center,2023,1,3,0.1287223,0,0.365215,Near-normal,0.2874774103294811,named in manuscript,2023-01-03,3,VAPV (Rad 0%),VAPV (Rad 0%) - Near-normal (2023)
Winter Wheat,weatherRad0Center,2023,1,4,0.1288735,0,0.365407,Near-normal,0.2874774103294811,named in manuscript,2023-01-04,4,VAPV (Rad 0%),VAPV (Rad 0%) - Near-normal (2023)
Winter Wheat,weatherRad0Center,2023,1,5,0.1290347,0,0.365298,Near-normal,0.2874774103294811,named in manuscript,2023-01-05,5,VAPV (Rad 0%),VAPV (Rad 0%) - Near-normal (2023)
Winter Wheat,weatherRad0Center,2023,1,6,0.1291242,0,0.36486,Near-normal,0.2874774103294811,named in manuscript,2023-01-06,6,VAPV (Rad 0%),VAPV (Rad 0%) - Near-normal (2023)
Winter Wheat,weatherRad0Center,2023,1,7,0.12920203066,0,0.364894,Near-normal,0.2874774103294811,named in manuscript,2023-01-07,7,VAPV (Rad 0%),VAPV (Rad 0%) - Near-normal (2023)
Winter Wheat,weatherRad0Center,2023,1,8,0.12943305456,0,0.364445,Near-normal,0.2874774103294811,named in manuscript,2023-01-08,8,VAPV (Rad 0%),VAPV (Rad 0%) - Near-normal (2023)
Winter Wheat,weatherRad0Center,2023,1,9,0.1297806233,0,0.364145,Near-normal,0.2874774103294811,named in manuscript,2023-01-09,9,VAPV (Rad 0%),VAPV (Rad 0%) - Near-normal (2023)
Winter Wheat,weatherRad0Center,2023,1,10,0.13012798550000002,0,0.364202,Near-normal,0.2874774103294811,named in manuscript,2023-01-10,10,VAPV (Rad 0%),VAPV (Rad 0%) - Near-normal (2023)
Winter Wheat,weatherRad0Center,2023,1,11,0.1305030643,0,0.364401,Near-normal,0.2874774103294811,named in manuscript,2023-01-11,11,VAPV (Rad 0%),VAPV (Rad 0%) - Near-normal (2023)
Winter Wheat,weatherRad0Center,2023,1,12,0.1310684591,0,0.364714,Near-normal,0.2874774103294811,named in manuscript,2023-01-12,12,VAPV (Rad 0%),VAPV (Rad 0%) - Near-normal (2023)
Winter Wheat,weatherRad0Center,2023,1,13,0.1314678074,0,0.365351,Near-normal,0.2874774103294811,named in manuscript,2023-01-13,13,VAPV (Rad 0%),VAPV (Rad 0%) - Near-normal (2023)
Winter Wheat,weatherRad0Center,2023,1,14,0.131732039,0,0.365689,Near-normal,0.2874774103294811,named in manuscript,2023-01-14,14,VAPV (Rad 0%),VAPV (Rad 0%) - Near-normal (2023)
Winter Wheat,weatherRad0Center,2023,1,15,0.131962509,0,0.36553,Near-normal,0.2874774103294811,named in manuscript,2023-01-15,15,VAPV (Rad 0%),VAPV (Rad 0%) - Near-normal (2023)
Winter Wheat,weatherRad0Center,2023,1,16,0.13206891899999998,0,0.365369,Near-normal,0.2874774103294811,named in manuscript,2023-01-16,16,VAPV (Rad 0%),VAPV (Rad 0%) - Near-normal (2023)
Winter Wheat,weatherRad0Center,2023,1,17,0.13202392799999998,0,0.364933,Near-normal,0.2874774103294811,named in manuscript,2023-01-17,17,VAPV (Rad 0%),VAPV (Rad 0%) - Near-normal (2023)
Winter Wheat,weatherRad0Center,2023,1,18,0.131913212,0,0.364281,Near-normal,0.2874774103294811,named in manuscript,2023-01-18,18,VAPV (Rad 0%),VAPV (Rad 0%) - Near-normal (2023)
Winter Wheat,weatherRad0Center,2023,1,19,0.131827103,0,0.363587,Near-normal,0.2874774103294811,named in manuscript,2023-01-19,19,VAPV (Rad 0%),VAPV (Rad 0%) - Near-normal (2023)
Winter Wheat,weatherRad0Center,2023,1,20,0.131733759,0,0.363216,Near-normal,0.2874774103294811,named in manuscript,2023-01-20,20,VAPV (Rad 0%),VAPV (Rad 0%) - Near-normal (2023)
Winter Wheat,weatherRad0Center,2023,1,21,0.131653779,0,0.362823,Near-normal,0.2874774103294811,named in manuscript,2023-01-21,21,VAPV (Rad 0%),VAPV (Rad 0%) - Near-normal (2023)
Winter Wheat,weatherRad0Center,2023,1,22,0.131574766,0,0.362472,Near-normal,0.2874774103294811,named in manuscript,2023-01-22,22,VAPV (Rad 0%),VAPV (Rad 0%) - Near-normal (2023)
Winter Wheat,weatherRad0Center,2023,1,23,0.13149572,0,0.362122,Near-normal,0.2874774103294811,named in manuscript,2023-01-23,23,VAPV (Rad 0%),VAPV (Rad 0%) - Near-normal (2023)
Winter Wheat,weatherRad0Center,2023,1,24,0.131416642,0,0.361771,Near-normal,0.2874774103294811,named in manuscript,2023-01-24,24,VAPV (Rad 0%),VAPV (Rad 0%) - Near-normal (2023)
Winter Wheat,weatherRad0Center,2023,1,25,0.131320028,0,0.361419,Near-normal,0.2874774103294811,named in manuscript,2023-01-25,25,VAPV (Rad 0%),VAPV (Rad 0%) - Near-normal (2023)
Winter Wheat,weatherRad0Center,2023,1,26,0.131151367,0,0.361008,Near-normal,0.2874774103294811,named in manuscript,2023-01-26,26,VAPV (Rad 0%),VAPV (Rad 0%) - Near-normal (2023)
Winter Wheat,weatherRad0Center,2023,1,27,0.131018653,0,0.360393,Near-normal,0.2874774103294811,named in manuscript,2023-01-27,27,VAPV (Rad 0%),VAPV (Rad 0%) - Near-normal (2023)
Winter Wheat,weatherRad0Center,2023,1,28,0.130940398,0,0.35989,Near-normal,0.2874774103294811,named in manuscript,2023-01-28,28,VAPV (Rad 0%),VAPV (Rad 0%) - Near-normal (2023)
Winter Wheat,weatherRad0Center,2023,1,29,0.13081690499999998,0,0.359536,Near-normal,0.2874774103294811,named in manuscript,2023-01-29,29,VAPV (Rad 0%),VAPV (Rad 0%) - Near-normal (2023)
Winter Wheat,weatherRad0Center,2023,1,30,0.13078767000000002,0,0.359044,Near-normal,0.2874774103294811,named in manuscript,2023-01-30,30,VAPV (Rad 0%),VAPV (Rad 0%) - Near-normal (2023)
Winter Wheat,weatherRad0Center,2023,1,31,0.130748248,0,0.35885,Near-normal,0.2874774103294811,named in manuscript,2023-01-31,31,VAPV (Rad 0%),VAPV (Rad 0%) - Near-normal (2023)
Winter Wheat,weatherRad0Center,2023,2,1,0.130579934,0,0.358059,Near-normal,0.2874774103294811,named in manuscript,2023-02-01,32,VAPV (Rad 0%),VAPV (Rad 0%) - Near-normal (2023)
Winter Wheat,weatherRad0Center,2023,2,2,0.130406437,0,0.35695,Near-normal,0.2874774103294811,named in manuscript,2023-02-02,33,VAPV (Rad 0%),VAPV (Rad 0%) - Near-normal (2023)
Winter Wheat,weatherRad0Center,2023,2,3,0.130294581,0,0.356313,Near-normal,0.2874774103294811,named in manuscript,2023-02-03,34,VAPV (Rad 0%),VAPV (Rad 0%) - Near-normal (2023)
Winter Wheat,weatherRad0Center,2023,2,4,0.130120966,0,0.355844,Near-normal,0.2874774103294811,named in manuscript,2023-02-04,35,VAPV (Rad 0%),VAPV (Rad 0%) - Near-normal (2023)
Winter Wheat,weatherRad0Center,2023,2,5,0.130032696,0,0.355211,Near-normal,0.2874774103294811,named in manuscript,2023-02-05,36,VAPV (Rad 0%),VAPV (Rad 0%) - Near-normal (2023)
Winter Wheat,weatherRad0Center,2023,2,6,0.12991458000000003,0,0.354819,Near-normal,0.2874774103294811,named in manuscript,2023-02-06,37,VAPV (Rad 0%),VAPV (Rad 0%) - Near-normal (2023)
Winter Wheat,weatherRad0Center,2023,2,7,0.12978601099999998,0,0.354339,Near-normal,0.2874774103294811,named in manuscript,2023-02-07,38,VAPV (Rad 0%),VAPV (Rad 0%) - Near-normal (2023)
Winter Wheat,weatherRad0Center,2023,2,8,0.12961118200000002,0,0.353824,Near-normal,0.2874774103294811,named in manuscript,2023-02-08,39,VAPV (Rad 0%),VAPV (Rad 0%) - Near-normal (2023)
Winter Wheat,weatherRad0Center,2023,2,9,0.12947429,0,0.35318,Near-normal,0.2874774103294811,named in manuscript,2023-02-09,40,VAPV (Rad 0%),VAPV (Rad 0%) - Near-normal (2023)
Winter Wheat,weatherRad0Center,2023,2,10,0.12941534,0,0.352636,Near-normal,0.2874774103294811,named in manuscript,2023-02-10,41,VAPV (Rad 0%),VAPV (Rad 0%) - Near-normal (2023)
Winter Wheat,weatherRad0Center,2023,2,11,0.12967879000000002,0,0.352345,Near-normal,0.2874774103294811,named in manuscript,2023-02-11,42,VAPV (Rad 0%),VAPV (Rad 0%) - Near-normal (2023)
Winter Wheat,weatherRad0Center,2023,2,12,0.13116293,0,0.352286,Near-normal,0.2874774103294811,named in manuscript,2023-02-12,43,VAPV (Rad 0%),VAPV (Rad 0%) - Near-normal (2023)
Winter Wheat,weatherRad0Center,2023,2,13,0.13321474,0,0.355391,Near-normal,0.2874774103294811,named in manuscript,2023-02-13,44,VAPV (Rad 0%),VAPV (Rad 0%) - Near-normal (2023)
Winter Wheat,weatherRad0Center,2023,2,14,0.13515197,0,0.359871,Near-normal,0.2874774103294811,named in manuscript,2023-02-14,45,VAPV (Rad 0%),VAPV (Rad 0%) - Near-normal (2023)
Winter Wheat,weatherRad0Center,2023,2,15,0.13617175,0,0.364112,Near-normal,0.2874774103294811,named in manuscript,2023-02-15,46,VAPV (Rad 0%),VAPV (Rad 0%) - Near-normal (2023)
Winter Wheat,weatherRad0Center,2023,2,16,0.13641778,0,0.366028,Near-normal,0.2874774103294811,named in manuscript,2023-02-16,47,VAPV (Rad 0%),VAPV (Rad 0%) - Near-normal (2023)
Winter Wheat,weatherRad0Center,2023,2,17,0.13688551999999998,0,0.365957,Near-normal,0.2874774103294811,named in manuscript,2023-02-17,48,VAPV (Rad 0%),VAPV (Rad 0%) - Near-normal (2023)
Winter Wheat,weatherRad0Center,2023,2,18,0.13770099,0,0.366296,Near-normal,0.2874774103294811,named in manuscript,2023-02-18,49,VAPV (Rad 0%),VAPV (Rad 0%) - Near-normal (2023)
Winter Wheat,weatherRad0Center,2023,2,19,0.13814847,0,0.367344,Near-normal,0.2874774103294811,named in manuscript,2023-02-19,50,VAPV (Rad 0%),VAPV (Rad 0%) - Near-normal (2023)
Winter Wheat,weatherRad0Center,2023,2,20,0.13815681999999999,0,0.367662,Near-normal,0.2874774103294811,named in manuscript,2023-02-20,51,VAPV (Rad 0%),VAPV (Rad 0%) - Near-normal (2023)
Winter Wheat,weatherRad0Center,2023,2,21,0.13855823,0,0.366928,Near-normal,0.2874774103294811,named in manuscript,2023-02-21,52,VAPV (Rad 0%),VAPV (Rad 0%) - Near-normal (2023)
Winter Wheat,weatherRad0Center,2023,2,22,0.13957316,0,0.366826,Near-normal,0.2874774103294811,named in manuscript,2023-02-22,53,VAPV (Rad 0%),VAPV (Rad 0%) - Near-normal (2023)
Winter Wheat,weatherRad0Center,2023,2,23,0.14010608,0,0.368488,Near-normal,0.2874774103294811,named in manuscript,2023-02-23,54,VAPV (Rad 0%),VAPV (Rad 0%) - Near-normal (2023)
Winter Wheat,weatherRad0Center,2023,2,24,0.14017368000000002,0,0.368978,Near-normal,0.2874774103294811,named in manuscript,2023-02-24,55,VAPV (Rad 0%),VAPV (Rad 0%) - Near-normal (2023)
Winter Wheat,weatherRad0Center,2023,2,25,0.14004502,0,0.368217,Near-normal,0.2874774103294811,named in manuscript,2023-02-25,56,VAPV (Rad 0%),VAPV (Rad 0%) - Near-normal (2023)
Winter Wheat,weatherRad0Center,2023,2,26,0.13983551,0,0.367042,Near-normal,0.2874774103294811,named in manuscript,2023-02-26,57,VAPV (Rad 0%),VAPV (Rad 0%) - Near-normal (2023)
Winter Wheat,weatherRad0Center,2023,2,27,0.13962059999999998,0,0.366043,Near-normal,0.2874774103294811,named in manuscript,2023-02-27,58,VAPV (Rad 0%),VAPV (Rad 0%) - Near-normal (2023)
Winter Wheat,weatherRad0Center,2023,2,28,0.13933534,0,0.365129,Near-normal,0.2874774103294811,named in manuscript,2023-02-28,59,VAPV (Rad 0%),VAPV (Rad 0%) - Near-normal (2023)
Winter Wheat,weatherRad0Center,2023,3,1,0.13909204,0,0.364025,Near-normal,0.2874774103294811,named in manuscript,2023-03-01,60,VAPV (Rad 0%),VAPV (Rad 0%) - Near-normal (2023)
Winter Wheat,weatherRad0Center,2023,3,2,0.13887011000000002,0,0.36304,Near-normal,0.2874774103294811,named in manuscript,2023-03-02,61,VAPV (Rad 0%),VAPV (Rad 0%) - Near-normal (2023)
Winter Wheat,weatherRad0Center,2023,3,3,0.13861395,0,0.362114,Near-normal,0.2874774103294811,named in manuscript,2023-03-03,62,VAPV (Rad 0%),VAPV (Rad 0%) - Near-normal (2023)
Winter Wheat,weatherRad0Center,2023,3,4,0.13834313,0,0.36109,Near-normal,0.2874774103294811,named in manuscript,2023-03-04,63,VAPV (Rad 0%),VAPV (Rad 0%) - Near-normal (2023)
Winter Wheat,weatherRad0Center,2023,3,5,0.13810187999999998,0,0.36003,Near-normal,0.2874774103294811,named in manuscript,2023-03-05,64,VAPV (Rad 0%),VAPV (Rad 0%) - Near-normal (2023)
Winter Wheat,weatherRad0Center,2023,3,6,0.1379016,0,0.359057,Near-normal,0.2874774103294811,named in manuscript,2023-03-06,65,VAPV (Rad 0%),VAPV (Rad 0%) - Near-normal (2023)
Winter Wheat,weatherRad0Center,2023,3,7,0.13770211999999998,0,0.358201,Near-normal,0.2874774103294811,named in manuscript,2023-03-07,66,VAPV (Rad 0%),VAPV (Rad 0%) - Near-normal (2023)
Winter Wheat,weatherRad0Center,2023,3,8,0.13750342999999998,0,0.357346,Near-normal,0.2874774103294811,named in manuscript,2023-03-08,67,VAPV (Rad 0%),VAPV (Rad 0%) - Near-normal (2023)
Winter Wheat,weatherRad0Center,2023,3,9,0.13729634,0,0.356492,Near-normal,0.2874774103294811,named in manuscript,2023-03-09,68,VAPV (Rad 0%),VAPV (Rad 0%) - Near-normal (2023)
Winter Wheat,weatherRad0Center,2023,3,10,0.13709825,0,0.355619,Near-normal,0.2874774103294811,named in manuscript,2023-03-10,69,VAPV (Rad 0%),VAPV (Rad 0%) - Near-normal (2023)
Winter Wheat,weatherRad0Center,2023,3,11,0.13690095000000002,0,0.354771,Near-normal,0.2874774103294811,named in manuscript,2023-03-11,70,VAPV (Rad 0%),VAPV (Rad 0%) - Near-normal (2023)
Winter Wheat,weatherRad0Center,2023,3,12,0.13670344,0,0.353924,Near-normal,0.2874774103294811,named in manuscript,2023-03-12,71,VAPV (Rad 0%),VAPV (Rad 0%) - Near-normal (2023)
Winter Wheat,weatherRad0Center,2023,3,13,0.13650464,0,0.35308,Near-normal,0.2874774103294811,named in manuscript,2023-03-13,72,VAPV (Rad 0%),VAPV (Rad 0%) - Near-normal (2023)
Winter Wheat,weatherRad0Center,2023,3,14,0.13709705,0,0.352199,Near-normal,0.2874774103294811,named in manuscript,2023-03-14,73,VAPV (Rad 0%),VAPV (Rad 0%) - Near-normal (2023)
Winter Wheat,weatherRad0Center,2023,3,15,0.13765505,0,0.353622,Near-normal,0.2874774103294811,named in manuscript,2023-03-15,74,VAPV (Rad 0%),VAPV (Rad 0%) - Near-normal (2023)
Winter Wheat,weatherRad0Center,2023,3,16,0.13772058,0,0.35422,Near-normal,0.2874774103294811,named in manuscript,2023-03-16,75,VAPV (Rad 0%),VAPV (Rad 0%) - Near-normal (2023)
Winter Wheat,weatherRad0Center,2023,3,17,0.13759533,0,0.353639,Near-normal,0.2874774103294811,named in manuscript,2023-03-17,76,VAPV (Rad 0%),VAPV (Rad 0%) - Near-normal (2023)
Winter Wheat,weatherRad0Center,2023,3,18,0.13828653999999999,0,0.352074,Near-normal,0.2874774103294811,named in manuscript,2023-03-18,77,VAPV (Rad 0%),VAPV (Rad 0%) - Near-normal (2023)
Winter Wheat,weatherRad0Center,2023,3,19,0.14051247,0,0.352893,Near-normal,0.2874774103294811,named in manuscript,2023-03-19,78,VAPV (Rad 0%),VAPV (Rad 0%) - Near-normal (2023)
Winter Wheat,weatherRad0Center,2023,3,20,0.14383181,0,0.357537,Near-normal,0.2874774103294811,named in manuscript,2023-03-20,79,VAPV (Rad 0%),VAPV (Rad 0%) - Near-normal (2023)
Winter Wheat,weatherRad0Center,2023,3,21,0.14672740000000004,0,0.364865,Near-normal,0.2874774103294811,named in manuscript,2023-03-21,80,VAPV (Rad 0%),VAPV (Rad 0%) - Near-normal (2023)
Winter Wheat,weatherRad0Center,2023,3,22,0.14857909,0,0.370411,Near-normal,0.2874774103294811,named in manuscript,2023-03-22,81,VAPV (Rad 0%),VAPV (Rad 0%) - Near-normal (2023)
Winter Wheat,weatherRad0Center,2023,3,23,0.15038893,0,0.373969,Near-normal,0.2874774103294811,named in manuscript,2023-03-23,82,VAPV (Rad 0%),VAPV (Rad 0%) - Near-normal (2023)
Winter Wheat,weatherRad0Center,2023,3,24,0.1536093,0,0.376232,Near-normal,0.2874774103294811,named in manuscript,2023-03-24,83,VAPV (Rad 0%),VAPV (Rad 0%) - Near-normal (2023)
Winter Wheat,weatherRad0Center,2023,3,25,0.15763981,0,0.38314,Near-normal,0.2874774103294811,named in manuscript,2023-03-25,84,VAPV (Rad 0%),VAPV (Rad 0%) - Near-normal (2023)
Winter Wheat,weatherRad0Center,2023,3,26,0.16195479,0,0.391925,Near-normal,0.2874774103294811,named in manuscript,2023-03-26,85,VAPV (Rad 0%),VAPV (Rad 0%) - Near-normal (2023)
Winter Wheat,weatherRad0Center,2023,3,27,0.16435308999999998,0,0.401432,Near-normal,0.2874774103294811,named in manuscript,2023-03-27,86,VAPV (Rad 0%),VAPV (Rad 0%) - Near-normal (2023)
Winter Wheat,weatherRad0Center,2023,3,28,0.164947,0,0.405968,Near-normal,0.2874774103294811,named in manuscript,2023-03-28,87,VAPV (Rad 0%),VAPV (Rad 0%) - Near-normal (2023)
Winter Wheat,weatherRad0Center,2023,3,29,0.16487475999999998,0,0.406658,Near-normal,0.2874774103294811,named in manuscript,2023-03-29,88,VAPV (Rad 0%),VAPV (Rad 0%) - Near-normal (2023)
Winter Wheat,weatherRad0Center,2023,3,30,0.16463138,0,0.40524,Near-normal,0.2874774103294811,named in manuscript,2023-03-30,89,VAPV (Rad 0%),VAPV (Rad 0%) - Near-normal (2023)
Winter Wheat,weatherRad0Center,2023,3,31,0.16512097,0,0.402177,Near-normal,0.2874774103294811,named in manuscript,2023-03-31,90,VAPV (Rad 0%),VAPV (Rad 0%) - Near-normal (2023)
Winter Wheat,weatherRad0Center,2023,4,1,0.16592105000000001,0,0.40081,Near-normal,0.2874774103294811,named in manuscript,2023-04-01,91,VAPV (Rad 0%),VAPV (Rad 0%) - Near-normal (2023)
Winter Wheat,weatherRad0Center,2023,4,2,0.16611301,0,0.401366,Near-normal,0.2874774103294811,named in manuscript,2023-04-02,92,VAPV (Rad 0%),VAPV (Rad 0%) - Near-normal (2023)
Winter Wheat,weatherRad0Center,2023,4,3,0.1658441,0,0.400312,Near-normal,0.2874774103294811,named in manuscript,2023-04-03,93,VAPV (Rad 0%),VAPV (Rad 0%) - Near-normal (2023)
Winter Wheat,weatherRad0Center,2023,4,4,0.16538161999999998,0,0.397996,Near-normal,0.2874774103294811,named in manuscript,2023-04-04,94,VAPV (Rad 0%),VAPV (Rad 0%) - Near-normal (2023)
Winter Wheat,weatherRad0Center,2023,4,5,0.16481623,0,0.394851,Near-normal,0.2874774103294811,named in manuscript,2023-04-05,95,VAPV (Rad 0%),VAPV (Rad 0%) - Near-normal (2023)
Winter Wheat,weatherRad0Center,2023,4,6,0.16424023000000001,0,0.392693,Near-normal,0.2874774103294811,named in manuscript,2023-04-06,96,VAPV (Rad 0%),VAPV (Rad 0%) - Near-normal (2023)
Winter Wheat,weatherRad0Center,2023,4,7,0.16427935999999999,0,0.390503,Near-normal,0.2874774103294811,named in manuscript,2023-04-07,97,VAPV (Rad 0%),VAPV (Rad 0%) - Near-normal (2023)
Winter Wheat,weatherRad0Center,2023,4,8,0.16508615000000001,0,0.389988,Near-normal,0.2874774103294811,named in manuscript,2023-04-08,98,VAPV (Rad 0%),VAPV (Rad 0%) - Near-normal (2023)
Winter Wheat,weatherRad0Center,2023,4,9,0.16917886000000001,0,0.389934,Near-normal,0.2874774103294811,named in manuscript,2023-04-09,99,VAPV (Rad 0%),VAPV (Rad 0%) - Near-normal (2023)
Winter Wheat,weatherRad0Center,2023,4,10,0.17649719,0,0.396805,Near-normal,0.2874774103294811,named in manuscript,2023-04-10,100,VAPV (Rad 0%),VAPV (Rad 0%) - Near-normal (2023)
Winter Wheat,weatherRad0Center,2023,4,11,0.18546100000000001,0,0.41096,Near-normal,0.2874774103294811,named in manuscript,2023-04-11,101,VAPV (Rad 0%),VAPV (Rad 0%) - Near-normal (2023)
Winter Wheat,weatherRad0Center,2023,4,12,0.19448022999999998,0,0.427778,Near-normal,0.2874774103294811,named in manuscript,2023-04-12,102,VAPV (Rad 0%),VAPV (Rad 0%) - Near-normal (2023)
Winter Wheat,weatherRad0Center,2023,4,13,0.20202492,0,0.444323,Near-normal,0.2874774103294811,named in manuscript,2023-04-13,103,VAPV (Rad 0%),VAPV (Rad 0%) - Near-normal (2023)
Winter Wheat,weatherRad0Center,2023,4,14,0.20864741,0,0.457895,Near-normal,0.2874774103294811,named in manuscript,2023-04-14,104,VAPV (Rad 0%),VAPV (Rad 0%) - Near-normal (2023)
Winter Wheat,weatherRad0Center,2023,4,15,0.22268135,0,0.469089,Near-normal,0.2874774103294811,named in manuscript,2023-04-15,105,VAPV (Rad 0%),VAPV (Rad 0%) - Near-normal (2023)
Winter Wheat,weatherRad0Center,2023,4,16,0.24017963999999997,0,0.49672,Near-normal,0.2874774103294811,named in manuscript,2023-04-16,106,VAPV (Rad 0%),VAPV (Rad 0%) - Near-normal (2023)
Winter Wheat,weatherRad0Center,2023,4,17,0.26192600000000005,0,0.530515,Near-normal,0.2874774103294811,named in manuscript,2023-04-17,107,VAPV (Rad 0%),VAPV (Rad 0%) - Near-normal (2023)
Winter Wheat,weatherRad0Center,2023,4,18,0.2916285,0,0.575587,Near-normal,0.2874774103294811,named in manuscript,2023-04-18,108,VAPV (Rad 0%),VAPV (Rad 0%) - Near-normal (2023)
Winter Wheat,weatherRad0Center,2023,4,19,0.3291639,0,0.635676,Near-normal,0.2874774103294811,named in manuscript,2023-04-19,109,VAPV (Rad 0%),VAPV (Rad 0%) - Near-normal (2023)
Winter Wheat,weatherRad0Center,2023,4,20,0.3717599,0,0.711115,Near-normal,0.2874774103294811,named in manuscript,2023-04-20,110,VAPV (Rad 0%),VAPV (Rad 0%) - Near-normal (2023)
Winter Wheat,weatherRad0Center,2023,4,21,0.42402609999999996,0,0.7955,Near-normal,0.2874774103294811,named in manuscript,2023-04-21,111,VAPV (Rad 0%),VAPV (Rad 0%) - Near-normal (2023)
Winter Wheat,weatherRad0Center,2023,4,22,0.48689530000000003,0,0.897734,Near-normal,0.2874774103294811,named in manuscript,2023-04-22,112,VAPV (Rad 0%),VAPV (Rad 0%) - Near-normal (2023)
Winter Wheat,weatherRad0Center,2023,4,23,0.5573277999999999,0,0.995809,Near-normal,0.2874774103294811,named in manuscript,2023-04-23,113,VAPV (Rad 0%),VAPV (Rad 0%) - Near-normal (2023)
Winter Wheat,weatherRad0Center,2023,4,24,0.6197649000000001,0,1.05562,Near-normal,0.2874774103294811,named in manuscript,2023-04-24,114,VAPV (Rad 0%),VAPV (Rad 0%) - Near-normal (2023)
Winter Wheat,weatherRad0Center,2023,4,25,0.6613539,0,1.17366,Near-normal,0.2874774103294811,named in manuscript,2023-04-25,115,VAPV (Rad 0%),VAPV (Rad 0%) - Near-normal (2023)
Winter Wheat,weatherRad0Center,2023,4,26,0.6880858,0,1.24888,Near-normal,0.2874774103294811,named in manuscript,2023-04-26,116,VAPV (Rad 0%),VAPV (Rad 0%) - Near-normal (2023)
Winter Wheat,weatherRad0Center,2023,4,27,0.7046986000000001,0,1.29421,Near-normal,0.2874774103294811,named in manuscript,2023-04-27,117,VAPV (Rad 0%),VAPV (Rad 0%) - Near-normal (2023)
Winter Wheat,weatherRad0Center,2023,4,28,0.7171984,0,1.3195,Near-normal,0.2874774103294811,named in manuscript,2023-04-28,118,VAPV (Rad 0%),VAPV (Rad 0%) - Near-normal (2023)
Winter Wheat,weatherRad0Center,2023,4,29,0.7371881,0,1.33834,Near-normal,0.2874774103294811,named in manuscript,2023-04-29,119,VAPV (Rad 0%),VAPV (Rad 0%) - Near-normal (2023)
Winter Wheat,weatherRad0Center,2023,4,30,0.7602388,0,1.36993,Near-normal,0.2874774103294811,named in manuscript,2023-04-30,120,VAPV (Rad 0%),VAPV (Rad 0%) - Near-normal (2023)
Winter Wheat,weatherRad0Center,2023,5,1,0.7840484999999999,0,1.40617,Near-normal,0.2874774103294811,named in manuscript,2023-05-01,121,VAPV (Rad 0%),VAPV (Rad 0%) - Near-normal (2023)
Winter Wheat,weatherRad0Center,2023,5,2,0.8190561,0,1.44282,Near-normal,0.2874774103294811,named in manuscript,2023-05-02,122,VAPV (Rad 0%),VAPV (Rad 0%) - Near-normal (2023)
Winter Wheat,weatherRad0Center,2023,5,3,0.8560538999999999,0,1.4994,Near-normal,0.2874774103294811,named in manuscript,2023-05-03,123,VAPV (Rad 0%),VAPV (Rad 0%) - Near-normal (2023)
Winter Wheat,weatherRad0Center,2023,5,4,0.8923505,0,1.55412,Near-normal,0.2874774103294811,named in manuscript,2023-05-04,124,VAPV (Rad 0%),VAPV (Rad 0%) - Near-normal (2023)
Winter Wheat,weatherRad0Center,2023,5,5,0.9247748,0,1.60901,Near-normal,0.2874774103294811,named in manuscript,2023-05-05,125,VAPV (Rad 0%),VAPV (Rad 0%) - Near-normal (2023)
Winter Wheat,weatherRad0Center,2023,5,6,0.9523302,0,1.65401,Near-normal,0.2874774103294811,named in manuscript,2023-05-06,126,VAPV (Rad 0%),VAPV (Rad 0%) - Near-normal (2023)
Winter Wheat,weatherRad0Center,2023,5,7,0.9815009,0,1.69009,Near-normal,0.2874774103294811,named in manuscript,2023-05-07,127,VAPV (Rad 0%),VAPV (Rad 0%) - Near-normal (2023)
Winter Wheat,weatherRad0Center,2023,5,8,1.0277112000000002,0,1.72682,Near-normal,0.2874774103294811,named in manuscript,2023-05-08,128,VAPV (Rad 0%),VAPV (Rad 0%) - Near-normal (2023)
Winter Wheat,weatherRad0Center,2023,5,9,1.0923929000000001,0,1.78918,Near-normal,0.2874774103294811,named in manuscript,2023-05-09,129,VAPV (Rad 0%),VAPV (Rad 0%) - Near-normal (2023)
Winter Wheat,weatherRad0Center,2023,5,10,1.1632044,0,1.87429,Near-normal,0.2874774103294811,named in manuscript,2023-05-10,130,VAPV (Rad 0%),VAPV (Rad 0%) - Near-normal (2023)
Winter Wheat,weatherRad0Center,2023,5,11,1.2349562,0,1.96158,Near-normal,0.2874774103294811,named in manuscript,2023-05-11,131,VAPV (Rad 0%),VAPV (Rad 0%) - Near-normal (2023)
Winter Wheat,weatherRad0Center,2023,5,12,1.2852081,0,2.0377,Near-normal,0.2874774103294811,named in manuscript,2023-05-12,132,VAPV (Rad 0%),VAPV (Rad 0%) - Near-normal (2023)
Winter Wheat,weatherRad0Center,2023,5,13,1.3401896,0,2.08157,Near-normal,0.2874774103294811,named in manuscript,2023-05-13,133,VAPV (Rad 0%),VAPV (Rad 0%) - Near-normal (2023)
Winter Wheat,weatherRad0Center,2023,5,14,1.4052487,0,2.12447,Near-normal,0.2874774103294811,named in manuscript,2023-05-14,134,VAPV (Rad 0%),VAPV (Rad 0%) - Near-normal (2023)
Winter Wheat,weatherRad0Center,2023,5,15,1.4692865,0,2.17279,Near-normal,0.2874774103294811,named in manuscript,2023-05-15,135,VAPV (Rad 0%),VAPV (Rad 0%) - Near-normal (2023)
Winter Wheat,weatherRad0Center,2023,5,16,1.5265487000000002,0,2.21782,Near-normal,0.2874774103294811,named in manuscript,2023-05-16,136,VAPV (Rad 0%),VAPV (Rad 0%) - Near-normal (2023)
Winter Wheat,weatherRad0Center,2023,5,17,1.5742083999999998,0,2.25202,Near-normal,0.2874774103294811,named in manuscript,2023-05-17,137,VAPV (Rad 0%),VAPV (Rad 0%) - Near-normal (2023)
Winter Wheat,weatherRad0Center,2023,5,18,1.6172080000000002,0,2.27642,Near-normal,0.2874774103294811,named in manuscript,2023-05-18,138,VAPV (Rad 0%),VAPV (Rad 0%) - Near-normal (2023)
Winter Wheat,weatherRad0Center,2023,5,19,1.6692405,0,2.29524,Near-normal,0.2874774103294811,named in manuscript,2023-05-19,139,VAPV (Rad 0%),VAPV (Rad 0%) - Near-normal (2023)
Winter Wheat,weatherRad0Center,2023,5,20,1.7297181,0,2.31983,Near-normal,0.2874774103294811,named in manuscript,2023-05-20,140,VAPV (Rad 0%),VAPV (Rad 0%) - Near-normal (2023)
Winter Wheat,weatherRad0Center,2023,5,21,1.7939938000000002,0,2.3475799999999998,Near-normal,0.2874774103294811,named in manuscript,2023-05-21,141,VAPV (Rad 0%),VAPV (Rad 0%) - Near-normal (2023)
Winter Wheat,weatherRad0Center,2023,5,22,1.8580488999999998,0,2.37331,Near-normal,0.2874774103294811,named in manuscript,2023-05-22,142,VAPV (Rad 0%),VAPV (Rad 0%) - Near-normal (2023)
Winter Wheat,weatherRad0Center,2023,5,23,1.9335371,0.0137625,2.39271,Near-normal,0.2874774103294811,named in manuscript,2023-05-23,143,VAPV (Rad 0%),VAPV (Rad 0%) - Near-normal (2023)
Winter Wheat,weatherRad0Center,2023,5,24,1.9965717,0.033402,2.40799,Near-normal,0.2874774103294811,named in manuscript,2023-05-24,144,VAPV (Rad 0%),VAPV (Rad 0%) - Near-normal (2023)
Winter Wheat,weatherRad0Center,2023,5,25,2.0728985,0.0640355,2.41026,Near-normal,0.2874774103294811,named in manuscript,2023-05-25,145,VAPV (Rad 0%),VAPV (Rad 0%) - Near-normal (2023)
Winter Wheat,weatherRad0Center,2023,5,26,2.1684550000000002,0.103446,2.41408,Near-normal,0.2874774103294811,named in manuscript,2023-05-26,146,VAPV (Rad 0%),VAPV (Rad 0%) - Near-normal (2023)
Winter Wheat,weatherRad0Center,2023,5,27,2.273106,0.147893,2.42431,Near-normal,0.2874774103294811,named in manuscript,2023-05-27,147,VAPV (Rad 0%),VAPV (Rad 0%) - Near-normal (2023)
Winter Wheat,weatherRad0Center,2023,5,28,2.3841959999999998,0.197321,2.43673,Near-normal,0.2874774103294811,named in manuscript,2023-05-28,148,VAPV (Rad 0%),VAPV (Rad 0%) - Near-normal (2023)
Winter Wheat,weatherRad0Center,2023,5,29,2.5000389999999997,0.250695,2.44976,Near-normal,0.2874774103294811,named in manuscript,2023-05-29,149,VAPV (Rad 0%),VAPV (Rad 0%) - Near-normal (2023)
Winter Wheat,weatherRad0Center,2023,5,30,2.6210940000000003,0.308627,2.46299,Near-normal,0.2874774103294811,named in manuscript,2023-05-30,150,VAPV (Rad 0%),VAPV (Rad 0%) - Near-normal (2023)
Winter Wheat,weatherRad0Center,2023,5,31,2.749824,0.37538,2.47631,Near-normal,0.2874774103294811,named in manuscript,2023-05-31,151,VAPV (Rad 0%),VAPV (Rad 0%) - Near-normal (2023)
Winter Wheat,weatherRad0Center,2023,6,1,2.8820840000000003,0.446889,2.48828,Near-normal,0.2874774103294811,named in manuscript,2023-06-01,152,VAPV (Rad 0%),VAPV (Rad 0%) - Near-normal (2023)
Winter Wheat,weatherRad0Center,2023,6,2,3.018599,0.524136,2.49909,Near-normal,0.2874774103294811,named in manuscript,2023-06-02,153,VAPV (Rad 0%),VAPV (Rad 0%) - Near-normal (2023)
Winter Wheat,weatherRad0Center,2023,6,3,3.1574180000000003,0.605584,2.50847,Near-normal,0.2874774103294811,named in manuscript,2023-06-03,154,VAPV (Rad 0%),VAPV (Rad 0%) - Near-normal (2023)
Winter Wheat,weatherRad0Center,2023,6,4,3.3004689999999997,0.69201,2.51625,Near-normal,0.2874774103294811,named in manuscript,2023-06-04,155,VAPV (Rad 0%),VAPV (Rad 0%) - Near-normal (2023)
Winter Wheat,weatherRad0Center,2023,6,5,3.449022,0.784671,2.52331,Near-normal,0.2874774103294811,named in manuscript,2023-06-05,156,VAPV (Rad 0%),VAPV (Rad 0%) - Near-normal (2023)
Winter Wheat,weatherRad0Center,2023,6,6,3.597128,0.880313,2.52947,Near-normal,0.2874774103294811,named in manuscript,2023-06-06,157,VAPV (Rad 0%),VAPV (Rad 0%) - Near-normal (2023)
Winter Wheat,weatherRad0Center,2023,6,7,3.7536490000000002,0.98429,2.53291,Near-normal,0.2874774103294811,named in manuscript,2023-06-07,158,VAPV (Rad 0%),VAPV (Rad 0%) - Near-normal (2023)
Winter Wheat,weatherRad0Center,2023,6,8,3.913087,1.09343,2.53617,Near-normal,0.2874774103294811,named in manuscript,2023-06-08,159,VAPV (Rad 0%),VAPV (Rad 0%) - Near-normal (2023)
Winter Wheat,weatherRad0Center,2023,6,9,4.083568,1.21292,2.53748,Near-normal,0.2874774103294811,named in manuscript,2023-06-09,160,VAPV (Rad 0%),VAPV (Rad 0%) - Near-normal (2023)
Winter Wheat,weatherRad0Center,2023,6,10,4.255734,1.33752,2.53902,Near-normal,0.2874774103294811,named in manuscript,2023-06-10,161,VAPV (Rad 0%),VAPV (Rad 0%) - Near-normal (2023)
Winter Wheat,weatherRad0Center,2023,6,11,4.439329000000001,1.47432,2.53769,Near-normal,0.2874774103294811,named in manuscript,2023-06-11,162,VAPV (Rad 0%),VAPV (Rad 0%) - Near-normal (2023)
Winter Wheat,weatherRad0Center,2023,6,12,4.633535,1.62305,2.53554,Near-normal,0.2874774103294811,named in manuscript,2023-06-12,163,VAPV (Rad 0%),VAPV (Rad 0%) - Near-normal (2023)
Winter Wheat,weatherRad0Center,2023,6,13,4.838195,1.78383,2.53205,Near-normal,0.2874774103294811,named in manuscript,2023-06-13,164,VAPV (Rad 0%),VAPV (Rad 0%) - Near-normal (2023)
Winter Wheat,weatherRad0Center,2023,6,14,5.050821,1.95512,2.52707,Near-normal,0.2874774103294811,named in manuscript,2023-06-14,165,VAPV (Rad 0%),VAPV (Rad 0%) - Near-normal (2023)
Winter Wheat,weatherRad0Center,2023,6,15,5.273515,2.1387,2.51995,Near-normal,0.2874774103294811,named in manuscript,2023-06-15,166,VAPV (Rad 0%),VAPV (Rad 0%) - Near-normal (2023)
Winter Wheat,weatherRad0Center,2023,6,16,5.476349,2.31101,2.51093,Near-normal,0.2874774103294811,named in manuscript,2023-06-16,167,VAPV (Rad 0%),VAPV (Rad 0%) - Near-normal (2023)
Winter Wheat,weatherRad0Center,2023,6,17,5.691693,2.4987,2.49515,Near-normal,0.2874774103294811,named in manuscript,2023-06-17,168,VAPV (Rad 0%),VAPV (Rad 0%) - Near-normal (2023)
Winter Wheat,weatherRad0Center,2023,6,18,5.927006,2.70819,2.47726,Near-normal,0.2874774103294811,named in manuscript,2023-06-18,169,VAPV (Rad 0%),VAPV (Rad 0%) - Near-normal (2023)
Winter Wheat,weatherRad0Center,2023,6,19,6.161557,2.92193,2.45781,Near-normal,0.2874774103294811,named in manuscript,2023-06-19,170,VAPV (Rad 0%),VAPV (Rad 0%) - Near-normal (2023)
Winter Wheat,weatherRad0Center,2023,6,20,6.393352,3.13742,2.43434,Near-normal,0.2874774103294811,named in manuscript,2023-06-20,171,VAPV (Rad 0%),VAPV (Rad 0%) - Near-normal (2023)
Winter Wheat,weatherRad0Center,2023,6,21,6.602684999999999,3.33717,2.40722,Near-normal,0.2874774103294811,named in manuscript,2023-06-21,172,VAPV (Rad 0%),VAPV (Rad 0%) - Near-normal (2023)
Winter Wheat,weatherRad0Center,2023,6,22,6.777672000000001,3.50937,2.37473,Near-normal,0.2874774103294811,named in manuscript,2023-06-22,173,VAPV (Rad 0%),VAPV (Rad 0%) - Near-normal (2023)
Winter Wheat,weatherRad0Center,2023,6,23,6.996085000000001,3.72339,2.33627,Near-normal,0.2874774103294811,named in manuscript,2023-06-23,174,VAPV (Rad 0%),VAPV (Rad 0%) - Near-normal (2023)
Winter Wheat,weatherRad0Center,2023,6,24,7.263242,3.98422,2.30029,Near-normal,0.2874774103294811,named in manuscript,2023-06-24,175,VAPV (Rad 0%),VAPV (Rad 0%) - Near-normal (2023)
Winter Wheat,weatherRad0Center,2023,6,25,7.558172,4.27382,2.26672,Near-normal,0.2874774103294811,named in manuscript,2023-06-25,176,VAPV (Rad 0%),VAPV (Rad 0%) - Near-normal (2023)
Winter Wheat,weatherRad0Center,2023,6,26,7.814855,4.53122,2.23302,Near-normal,0.2874774103294811,named in manuscript,2023-06-26,177,VAPV (Rad 0%),VAPV (Rad 0%) - Near-normal (2023)
Winter Wheat,weatherRad0Center,2023,6,27,8.031093,4.75303,2.1936,Near-normal,0.2874774103294811,named in manuscript,2023-06-27,178,VAPV (Rad 0%),VAPV (Rad 0%) - Near-normal (2023)
Winter Wheat,weatherRad0Center,2023,6,28,8.253498,4.98217,2.14968,Near-normal,0.2874774103294811,named in manuscript,2023-06-28,179,VAPV (Rad 0%),VAPV (Rad 0%) - Near-normal (2023)
Winter Wheat,weatherRad0Center,2023,6,29,8.522326,5.25701,2.10562,Near-normal,0.2874774103294811,named in manuscript,2023-06-29,180,VAPV (Rad 0%),VAPV (Rad 0%) - Near-normal (2023)
Winter Wheat,weatherRad0Center,2023,6,30,8.739481000000001,5.48296,2.06369,Near-normal,0.2874774103294811,named in manuscript,2023-06-30,181,VAPV (Rad 0%),VAPV (Rad 0%) - Near-normal (2023)
Winter Wheat,weatherRad0Center,2023,7,1,8.972624,5.72438,2.01739,Near-normal,0.2874774103294811,named in manuscript,2023-07-01,182,VAPV (Rad 0%),VAPV (Rad 0%) - Near-normal (2023)
Winter Wheat,weatherRad0Center,2023,7,2,9.181232999999999,5.94247,1.97233,Near-normal,0.2874774103294811,named in manuscript,2023-07-02,183,VAPV (Rad 0%),VAPV (Rad 0%) - Near-normal (2023)
Winter Wheat,weatherRad0Center,2023,7,3,9.406212,6.17623,1.92544,Near-normal,0.2874774103294811,named in manuscript,2023-07-03,184,VAPV (Rad 0%),VAPV (Rad 0%) - Near-normal (2023)
Winter Wheat,weatherRad0Center,2023,7,4,9.648724999999999,6.42671,1.88011,Near-normal,0.2874774103294811,named in manuscript,2023-07-04,185,VAPV (Rad 0%),VAPV (Rad 0%) - Near-normal (2023)
Winter Wheat,weatherRad0Center,2023,7,5,9.875829,6.6623,1.83627,Near-normal,0.2874774103294811,named in manuscript,2023-07-05,186,VAPV (Rad 0%),VAPV (Rad 0%) - Near-normal (2023)
Winter Wheat,weatherRad0Center,2023,7,6,10.064668000000001,6.86109,1.79208,Near-normal,0.2874774103294811,named in manuscript,2023-07-06,187,VAPV (Rad 0%),VAPV (Rad 0%) - Near-normal (2023)
Winter Wheat,weatherRad0Center,2023,7,7,10.259936,7.06603,1.74619,Near-normal,0.2874774103294811,named in manuscript,2023-07-07,188,VAPV (Rad 0%),VAPV (Rad 0%) - Near-normal (2023)
Winter Wheat,weatherRad0Center,2023,7,8,10.479954,7.29487,1.70119,Near-normal,0.2874774103294811,named in manuscript,2023-07-08,189,VAPV (Rad 0%),VAPV (Rad 0%) - Near-normal (2023)
Winter Wheat,weatherRad0Center,2023,7,9,10.720307,7.54351,1.6576,Near-normal,0.2874774103294811,named in manuscript,2023-07-09,190,VAPV (Rad 0%),VAPV (Rad 0%) - Near-normal (2023)
Winter Wheat,weatherRad0Center,2023,7,10,10.963999000000001,7.81703,1.61482,Near-normal,0.2874774103294811,named in manuscript,2023-07-10,191,VAPV (Rad 0%),VAPV (Rad 0%) - Near-normal (2023)
Winter Wheat,weatherRad0Center,2023,7,11,11.150348999999999,8.03666,1.573,Near-normal,0.2874774103294811,named in manuscript,2023-07-11,192,VAPV (Rad 0%),VAPV (Rad 0%) - Near-normal (2023)
Winter Wheat,weatherRad0Center,2023,7,12,11.296527999999999,8.21684,1.52819,Near-normal,0.2874774103294811,named in manuscript,2023-07-12,193,VAPV (Rad 0%),VAPV (Rad 0%) - Near-normal (2023)
Winter Wheat,weatherRad0Center,2023,7,13,11.437298,8.3911,1.48188,Near-normal,0.2874774103294811,named in manuscript,2023-07-13,194,VAPV (Rad 0%),VAPV (Rad 0%) - Near-normal (2023)
Winter Wheat,weatherRad0Center,2023,7,14,11.593950999999999,8.58002,1.43582,Near-normal,0.2874774103294811,named in manuscript,2023-07-14,195,VAPV (Rad 0%),VAPV (Rad 0%) - Near-normal (2023)
Winter Wheat,weatherRad0Center,2023,7,15,11.742883,8.76078,1.39104,Near-normal,0.2874774103294811,named in manuscript,2023-07-15,196,VAPV (Rad 0%),VAPV (Rad 0%) - Near-normal (2023)
Winter Wheat,weatherRad0Center,2023,7,16,11.855663999999999,8.90588,1.34637,Near-normal,0.2874774103294811,named in manuscript,2023-07-16,197,VAPV (Rad 0%),VAPV (Rad 0%) - Near-normal (2023)
Winter Wheat,weatherRad0Center,2023,7,17,11.949182,9.03154,1.30051,Near-normal,0.2874774103294811,named in manuscript,2023-07-17,198,VAPV (Rad 0%),VAPV (Rad 0%) - Near-normal (2023)
Winter Wheat,weatherRad0Center,2023,7,18,12.028434,9.14254,1.25464,Near-normal,0.2874774103294811,named in manuscript,2023-07-18,199,VAPV (Rad 0%),VAPV (Rad 0%) - Near-normal (2023)
Winter Wheat,weatherRad0Center,2023,7,19,12.094637,9.23999,1.20912,Near-normal,0.2874774103294811,named in manuscript,2023-07-19,200,VAPV (Rad 0%),VAPV (Rad 0%) - Near-normal (2023)
Winter Wheat,weatherRad0Center,2023,7,20,12.152248,9.32821,1.16423,Near-normal,0.2874774103294811,named in manuscript,2023-07-20,201,VAPV (Rad 0%),VAPV (Rad 0%) - Near-normal (2023)
Winter Wheat,weatherRad0Center,2023,7,21,12.207654999999999,9.41339,1.12021,Near-normal,0.2874774103294811,named in manuscript,2023-07-21,202,VAPV (Rad 0%),VAPV (Rad 0%) - Near-normal (2023)
Winter Wheat,weatherRad0Center,2023,7,22,12.256073,9.4909,1.07736,Near-normal,0.2874774103294811,named in manuscript,2023-07-22,203,VAPV (Rad 0%),VAPV (Rad 0%) - Near-normal (2023)
Winter Wheat,weatherRad0Center,2023,7,23,12.299365,9.56254,1.03551,Near-normal,0.2874774103294811,named in manuscript,2023-07-23,204,VAPV (Rad 0%),VAPV (Rad 0%) - Near-normal (2023)
Winter Wheat,weatherRad0Center,2023,7,24,12.325012999999998,9.61615,0.99474,Near-normal,0.2874774103294811,named in manuscript,2023-07-24,205,VAPV (Rad 0%),VAPV (Rad 0%) - Near-normal (2023)
Winter Wheat,weatherRad0Center,2023,7,25,12.340139,9.6587,0.95451,Near-normal,0.2874774103294811,named in manuscript,2023-07-25,206,VAPV (Rad 0%),VAPV (Rad 0%) - Near-normal (2023)
Winter Wheat,weatherRad0Center,2023,7,26,12.364211,9.70919,0.915056,Near-normal,0.2874774103294811,named in manuscript,2023-07-26,207,VAPV (Rad 0%),VAPV (Rad 0%) - Near-normal (2023)
Winter Wheat,weatherRad0Center,2023,7,27,12.394499,9.76494,0.87709,Near-normal,0.2874774103294811,named in manuscript,2023-07-27,208,VAPV (Rad 0%),VAPV (Rad 0%) - Near-normal (2023)
Winter Wheat,weatherRad0Center,2023,7,28,12.42239,9.81762,0.840587,Near-normal,0.2874774103294811,named in manuscript,2023-07-28,209,VAPV (Rad 0%),VAPV (Rad 0%) - Near-normal (2023)
Winter Wheat,weatherRad0Center,2023,7,29,12.448313,9.86767,0.805028,Near-normal,0.2874774103294811,named in manuscript,2023-07-29,210,VAPV (Rad 0%),VAPV (Rad 0%) - Near-normal (2023)
Winter Wheat,weatherRad0Center,2023,7,30,12.463116,9.90612,0.770419,Near-normal,0.2874774103294811,named in manuscript,2023-07-30,211,VAPV (Rad 0%),VAPV (Rad 0%) - Near-normal (2023)
Winter Wheat,weatherRad0Center,2023,7,31,12.472373,9.9384,0.736497,Near-normal,0.2874774103294811,named in manuscript,2023-07-31,212,VAPV (Rad 0%),VAPV (Rad 0%) - Near-normal (2023)
Winter Wheat,weatherRad0Center,2023,8,1,12.483538,9.97186,0.703575,Near-normal,0.2874774103294811,named in manuscript,2023-08-01,213,VAPV (Rad 0%),VAPV (Rad 0%) - Near-normal (2023)
Winter Wheat,weatherRad0Center,2023,8,2,12.490917,10.0009,0.671788,Near-normal,0.2874774103294811,named in manuscript,2023-08-02,214,VAPV (Rad 0%),VAPV (Rad 0%) - Near-normal (2023)
Winter Wheat,weatherRad0Center,2023,8,3,12.502989,10.0339,0.640974,Near-normal,0.2874774103294811,named in manuscript,2023-08-03,215,VAPV (Rad 0%),VAPV (Rad 0%) - Near-normal (2023)
Winter Wheat,weatherRad0Center,2023,8,4,12.510222,10.0615,0.611287,Near-normal,0.2874774103294811,named in manuscript,2023-08-04,216,VAPV (Rad 0%),VAPV (Rad 0%) - Near-normal (2023)
Winter Wheat,weatherRad0Center,2023,8,5,12.518624,10.0896,0.582478,Near-normal,0.2874774103294811,named in manuscript,2023-08-05,217,VAPV (Rad 0%),VAPV (Rad 0%) - Near-normal (2023)
Winter Wheat,weatherRad0Center,2023,8,6,12.53583,10.1257,0.554724,Near-normal,0.2874774103294811,named in manuscript,2023-08-06,218,VAPV (Rad 0%),VAPV (Rad 0%) - Near-normal (2023)
Winter Wheat,weatherRad0Center,2023,8,7,12.552002,10.1601,0.528321,Near-normal,0.2874774103294811,named in manuscript,2023-08-07,219,VAPV (Rad 0%),VAPV (Rad 0%) - Near-normal (2023)
Winter Wheat,weatherRad0Center,2023,8,8,12.558733,10.1845,0.503124,Near-normal,0.2874774103294811,named in manuscript,2023-08-08,220,VAPV (Rad 0%),VAPV (Rad 0%) - Near-normal (2023)
Winter Wheat,weatherRad0Center,2023,8,9,12.56957,10.2123,0.478953,Near-normal,0.2874774103294811,named in manuscript,2023-08-09,221,VAPV (Rad 0%),VAPV (Rad 0%) - Near-normal (2023)
Winter Wheat,weatherRad0Center,2023,8,10,12.582457000000002,10.2415,0.456019,Near-normal,0.2874774103294811,named in manuscript,2023-08-10,222,VAPV (Rad 0%),VAPV (Rad 0%) - Near-normal (2023)
Winter Wheat,weatherRad0Center,2023,8,11,12.598077,10.2728,0.434201,Near-normal,0.2874774103294811,named in manuscript,2023-08-11,223,VAPV (Rad 0%),VAPV (Rad 0%) - Near-normal (2023)
Winter Wheat,weatherRad0Center,2013,1,1,0.04202258,0,0.146807,Dry,-0.9979094773570276,named in manuscript,2013-01-01,1,VAPV (Rad 0%),VAPV (Rad 0%) - Dry (2013)
Winter Wheat,weatherRad0Center,2013,1,2,0.04206457,0,0.145249,Dry,-0.9979094773570276,named in manuscript,2013-01-02,2,VAPV (Rad 0%),VAPV (Rad 0%) - Dry (2013)
Winter Wheat,weatherRad0Center,2013,1,3,0.04205079,0,0.144363,Dry,-0.9979094773570276,named in manuscript,2013-01-03,3,VAPV (Rad 0%),VAPV (Rad 0%) - Dry (2013)
Winter Wheat,weatherRad0Center,2013,1,4,0.04223077,0,0.143291,Dry,-0.9979094773570276,named in manuscript,2013-01-04,4,VAPV (Rad 0%),VAPV (Rad 0%) - Dry (2013)
Winter Wheat,weatherRad0Center,2013,1,5,0.04245379,0,0.143948,Dry,-0.9979094773570276,named in manuscript,2013-01-05,5,VAPV (Rad 0%),VAPV (Rad 0%) - Dry (2013)
Winter Wheat,weatherRad0Center,2013,1,6,0.04259654,0,0.142837,Dry,-0.9979094773570276,named in manuscript,2013-01-06,6,VAPV (Rad 0%),VAPV (Rad 0%) - Dry (2013)
Winter Wheat,weatherRad0Center,2013,1,7,0.04267143,0,0.141886,Dry,-0.9979094773570276,named in manuscript,2013-01-07,7,VAPV (Rad 0%),VAPV (Rad 0%) - Dry (2013)
Winter Wheat,weatherRad0Center,2013,1,8,0.04268334,0,0.140905,Dry,-0.9979094773570276,named in manuscript,2013-01-08,8,VAPV (Rad 0%),VAPV (Rad 0%) - Dry (2013)
Winter Wheat,weatherRad0Center,2013,1,9,0.042701119999999995,0,0.139953,Dry,-0.9979094773570276,named in manuscript,2013-01-09,9,VAPV (Rad 0%),VAPV (Rad 0%) - Dry (2013)
Winter Wheat,weatherRad0Center,2013,1,10,0.04273314,0,0.138463,Dry,-0.9979094773570276,named in manuscript,2013-01-10,10,VAPV (Rad 0%),VAPV (Rad 0%) - Dry (2013)
Winter Wheat,weatherRad0Center,2013,1,11,0.042738290000000005,0,0.13732,Dry,-0.9979094773570276,named in manuscript,2013-01-11,11,VAPV (Rad 0%),VAPV (Rad 0%) - Dry (2013)
Winter Wheat,weatherRad0Center,2013,1,12,0.042738290000000005,0,0.137277,Dry,-0.9979094773570276,named in manuscript,2013-01-12,12,VAPV (Rad 0%),VAPV (Rad 0%) - Dry (2013)
Winter Wheat,weatherRad0Center,2013,1,13,0.042738290000000005,0,0.137221,Dry,-0.9979094773570276,named in manuscript,2013-01-13,13,VAPV (Rad 0%),VAPV (Rad 0%) - Dry (2013)
Winter Wheat,weatherRad0Center,2013,1,14,0.04273727,0,0.137221,Dry,-0.9979094773570276,named in manuscript,2013-01-14,14,VAPV (Rad 0%),VAPV (Rad 0%) - Dry (2013)
Winter Wheat,weatherRad0Center,2013,1,15,0.042730889999999994,0,0.137217,Dry,-0.9979094773570276,named in manuscript,2013-01-15,15,VAPV (Rad 0%),VAPV (Rad 0%) - Dry (2013)
Winter Wheat,weatherRad0Center,2013,1,16,0.04267424,0,0.137187,Dry,-0.9979094773570276,named in manuscript,2013-01-16,16,VAPV (Rad 0%),VAPV (Rad 0%) - Dry (2013)
Winter Wheat,weatherRad0Center,2013,1,17,0.04259928,0,0.136986,Dry,-0.9979094773570276,named in manuscript,2013-01-17,17,VAPV (Rad 0%),VAPV (Rad 0%) - Dry (2013)
Winter Wheat,weatherRad0Center,2013,1,18,0.04251856,0,0.136723,Dry,-0.9979094773570276,named in manuscript,2013-01-18,18,VAPV (Rad 0%),VAPV (Rad 0%) - Dry (2013)
Winter Wheat,weatherRad0Center,2013,1,19,0.04250437,0,0.13645,Dry,-0.9979094773570276,named in manuscript,2013-01-19,19,VAPV (Rad 0%),VAPV (Rad 0%) - Dry (2013)
Winter Wheat,weatherRad0Center,2013,1,20,0.04245985,0,0.136396,Dry,-0.9979094773570276,named in manuscript,2013-01-20,20,VAPV (Rad 0%),VAPV (Rad 0%) - Dry (2013)
Winter Wheat,weatherRad0Center,2013,1,21,0.042429919999999996,0,0.136242,Dry,-0.9979094773570276,named in manuscript,2013-01-21,21,VAPV (Rad 0%),VAPV (Rad 0%) - Dry (2013)
Winter Wheat,weatherRad0Center,2013,1,22,0.04242242,0,0.136141,Dry,-0.9979094773570276,named in manuscript,2013-01-22,22,VAPV (Rad 0%),VAPV (Rad 0%) - Dry (2013)
Winter Wheat,weatherRad0Center,2013,1,23,0.04241779,0,0.136115,Dry,-0.9979094773570276,named in manuscript,2013-01-23,23,VAPV (Rad 0%),VAPV (Rad 0%) - Dry (2013)
Winter Wheat,weatherRad0Center,2013,1,24,0.04238807,0,0.136095,Dry,-0.9979094773570276,named in manuscript,2013-01-24,24,VAPV (Rad 0%),VAPV (Rad 0%) - Dry (2013)
Winter Wheat,weatherRad0Center,2013,1,25,0.042295620000000006,0,0.135982,Dry,-0.9979094773570276,named in manuscript,2013-01-25,25,VAPV (Rad 0%),VAPV (Rad 0%) - Dry (2013)
Winter Wheat,weatherRad0Center,2013,1,26,0.04226219,0,0.135667,Dry,-0.9979094773570276,named in manuscript,2013-01-26,26,VAPV (Rad 0%),VAPV (Rad 0%) - Dry (2013)
Winter Wheat,weatherRad0Center,2013,1,27,0.04224821,0,0.135553,Dry,-0.9979094773570276,named in manuscript,2013-01-27,27,VAPV (Rad 0%),VAPV (Rad 0%) - Dry (2013)
Winter Wheat,weatherRad0Center,2013,1,28,0.042245740000000004,0,0.135506,Dry,-0.9979094773570276,named in manuscript,2013-01-28,28,VAPV (Rad 0%),VAPV (Rad 0%) - Dry (2013)
Winter Wheat,weatherRad0Center,2013,1,29,0.042226919999999994,0,0.135495,Dry,-0.9979094773570276,named in manuscript,2013-01-29,29,VAPV (Rad 0%),VAPV (Rad 0%) - Dry (2013)
Winter Wheat,weatherRad0Center,2013,1,30,0.04219761,0,0.135428,Dry,-0.9979094773570276,named in manuscript,2013-01-30,30,VAPV (Rad 0%),VAPV (Rad 0%) - Dry (2013)
Winter Wheat,weatherRad0Center,2013,1,31,0.042339260000000004,0,0.135321,Dry,-0.9979094773570276,named in manuscript,2013-01-31,31,VAPV (Rad 0%),VAPV (Rad 0%) - Dry (2013)
Winter Wheat,weatherRad0Center,2013,2,1,0.04247719,0,0.135808,Dry,-0.9979094773570276,named in manuscript,2013-02-01,32,VAPV (Rad 0%),VAPV (Rad 0%) - Dry (2013)
Winter Wheat,weatherRad0Center,2013,2,2,0.04252489,0,0.135164,Dry,-0.9979094773570276,named in manuscript,2013-02-02,33,VAPV (Rad 0%),VAPV (Rad 0%) - Dry (2013)
Winter Wheat,weatherRad0Center,2013,2,3,0.042540220000000004,0,0.135253,Dry,-0.9979094773570276,named in manuscript,2013-02-03,34,VAPV (Rad 0%),VAPV (Rad 0%) - Dry (2013)
Winter Wheat,weatherRad0Center,2013,2,4,0.042545269999999996,0,0.135244,Dry,-0.9979094773570276,named in manuscript,2013-02-04,35,VAPV (Rad 0%),VAPV (Rad 0%) - Dry (2013)
Winter Wheat,weatherRad0Center,2013,2,5,0.04253966,0,0.135203,Dry,-0.9979094773570276,named in manuscript,2013-02-05,36,VAPV (Rad 0%),VAPV (Rad 0%) - Dry (2013)
Winter Wheat,weatherRad0Center,2013,2,6,0.04253791,0,0.134576,Dry,-0.9979094773570276,named in manuscript,2013-02-06,37,VAPV (Rad 0%),VAPV (Rad 0%) - Dry (2013)
Winter Wheat,weatherRad0Center,2013,2,7,0.04253791,0,0.13457,Dry,-0.9979094773570276,named in manuscript,2013-02-07,38,VAPV (Rad 0%),VAPV (Rad 0%) - Dry (2013)
Winter Wheat,weatherRad0Center,2013,2,8,0.04253791,0,0.13457,Dry,-0.9979094773570276,named in manuscript,2013-02-08,39,VAPV (Rad 0%),VAPV (Rad 0%) - Dry (2013)
Winter Wheat,weatherRad0Center,2013,2,9,0.04253791,0,0.13457,Dry,-0.9979094773570276,named in manuscript,2013-02-09,40,VAPV (Rad 0%),VAPV (Rad 0%) - Dry (2013)
Winter Wheat,weatherRad0Center,2013,2,10,0.04253668,0,0.13457,Dry,-0.9979094773570276,named in manuscript,2013-02-10,41,VAPV (Rad 0%),VAPV (Rad 0%) - Dry (2013)
Winter Wheat,weatherRad0Center,2013,2,11,0.042523620000000005,0,0.134564,Dry,-0.9979094773570276,named in manuscript,2013-02-11,42,VAPV (Rad 0%),VAPV (Rad 0%) - Dry (2013)
Winter Wheat,weatherRad0Center,2013,2,12,0.042522689999999995,0,0.134521,Dry,-0.9979094773570276,named in manuscript,2013-02-12,43,VAPV (Rad 0%),VAPV (Rad 0%) - Dry (2013)
Winter Wheat,weatherRad0Center,2013,2,13,0.04252105,0,0.134517,Dry,-0.9979094773570276,named in manuscript,2013-02-13,44,VAPV (Rad 0%),VAPV (Rad 0%) - Dry (2013)
Winter Wheat,weatherRad0Center,2013,2,14,0.04252105,0,0.134512,Dry,-0.9979094773570276,named in manuscript,2013-02-14,45,VAPV (Rad 0%),VAPV (Rad 0%) - Dry (2013)
Winter Wheat,weatherRad0Center,2013,2,15,0.04252105,0,0.134512,Dry,-0.9979094773570276,named in manuscript,2013-02-15,46,VAPV (Rad 0%),VAPV (Rad 0%) - Dry (2013)
Winter Wheat,weatherRad0Center,2013,2,16,0.04252105,0,0.134512,Dry,-0.9979094773570276,named in manuscript,2013-02-16,47,VAPV (Rad 0%),VAPV (Rad 0%) - Dry (2013)
Winter Wheat,weatherRad0Center,2013,2,17,0.042520840000000004,0,0.134512,Dry,-0.9979094773570276,named in manuscript,2013-02-17,48,VAPV (Rad 0%),VAPV (Rad 0%) - Dry (2013)
Winter Wheat,weatherRad0Center,2013,2,18,0.04251837,0,0.134511,Dry,-0.9979094773570276,named in manuscript,2013-02-18,49,VAPV (Rad 0%),VAPV (Rad 0%) - Dry (2013)
Winter Wheat,weatherRad0Center,2013,2,19,0.0425051,0,0.134501,Dry,-0.9979094773570276,named in manuscript,2013-02-19,50,VAPV (Rad 0%),VAPV (Rad 0%) - Dry (2013)
Winter Wheat,weatherRad0Center,2013,2,20,0.0425051,0,0.134457,Dry,-0.9979094773570276,named in manuscript,2013-02-20,51,VAPV (Rad 0%),VAPV (Rad 0%) - Dry (2013)
Winter Wheat,weatherRad0Center,2013,2,21,0.0425051,0,0.134457,Dry,-0.9979094773570276,named in manuscript,2013-02-21,52,VAPV (Rad 0%),VAPV (Rad 0%) - Dry (2013)
Winter Wheat,weatherRad0Center,2013,2,22,0.04250181,0,0.134456,Dry,-0.9979094773570276,named in manuscript,2013-02-22,53,VAPV (Rad 0%),VAPV (Rad 0%) - Dry (2013)
Winter Wheat,weatherRad0Center,2013,2,23,0.04249585,0,0.134444,Dry,-0.9979094773570276,named in manuscript,2013-02-23,54,VAPV (Rad 0%),VAPV (Rad 0%) - Dry (2013)
Winter Wheat,weatherRad0Center,2013,2,24,0.0424941,0,0.134424,Dry,-0.9979094773570276,named in manuscript,2013-02-24,55,VAPV (Rad 0%),VAPV (Rad 0%) - Dry (2013)
Winter Wheat,weatherRad0Center,2013,2,25,0.0424941,0,0.134419,Dry,-0.9979094773570276,named in manuscript,2013-02-25,56,VAPV (Rad 0%),VAPV (Rad 0%) - Dry (2013)
Winter Wheat,weatherRad0Center,2013,2,26,0.0424941,0,0.134419,Dry,-0.9979094773570276,named in manuscript,2013-02-26,57,VAPV (Rad 0%),VAPV (Rad 0%) - Dry (2013)
Winter Wheat,weatherRad0Center,2013,2,27,0.04249317,0,0.134419,Dry,-0.9979094773570276,named in manuscript,2013-02-27,58,VAPV (Rad 0%),VAPV (Rad 0%) - Dry (2013)
Winter Wheat,weatherRad0Center,2013,2,28,0.04249317,0,0.134416,Dry,-0.9979094773570276,named in manuscript,2013-02-28,59,VAPV (Rad 0%),VAPV (Rad 0%) - Dry (2013)
Winter Wheat,weatherRad0Center,2013,3,1,0.042480220000000006,0,0.134414,Dry,-0.9979094773570276,named in manuscript,2013-03-01,60,VAPV (Rad 0%),VAPV (Rad 0%) - Dry (2013)
Winter Wheat,weatherRad0Center,2013,3,2,0.04246921,0,0.134369,Dry,-0.9979094773570276,named in manuscript,2013-03-02,61,VAPV (Rad 0%),VAPV (Rad 0%) - Dry (2013)
Winter Wheat,weatherRad0Center,2013,3,3,0.04245409,0,0.134331,Dry,-0.9979094773570276,named in manuscript,2013-03-03,62,VAPV (Rad 0%),VAPV (Rad 0%) - Dry (2013)
Winter Wheat,weatherRad0Center,2013,3,4,0.04243866,0,0.134278,Dry,-0.9979094773570276,named in manuscript,2013-03-04,63,VAPV (Rad 0%),VAPV (Rad 0%) - Dry (2013)
Winter Wheat,weatherRad0Center,2013,3,5,0.042432290000000004,0,0.134226,Dry,-0.9979094773570276,named in manuscript,2013-03-05,64,VAPV (Rad 0%),VAPV (Rad 0%) - Dry (2013)
Winter Wheat,weatherRad0Center,2013,3,6,0.04241233,0,0.134203,Dry,-0.9979094773570276,named in manuscript,2013-03-06,65,VAPV (Rad 0%),VAPV (Rad 0%) - Dry (2013)
Winter Wheat,weatherRad0Center,2013,3,7,0.04239845,0,0.134134,Dry,-0.9979094773570276,named in manuscript,2013-03-07,66,VAPV (Rad 0%),VAPV (Rad 0%) - Dry (2013)
Winter Wheat,weatherRad0Center,2013,3,8,0.0423823,0,0.134086,Dry,-0.9979094773570276,named in manuscript,2013-03-08,67,VAPV (Rad 0%),VAPV (Rad 0%) - Dry (2013)
Winter Wheat,weatherRad0Center,2013,3,9,0.042380650000000006,0,0.134033,Dry,-0.9979094773570276,named in manuscript,2013-03-09,68,VAPV (Rad 0%),VAPV (Rad 0%) - Dry (2013)
Winter Wheat,weatherRad0Center,2013,3,10,0.042380650000000006,0,0.134027,Dry,-0.9979094773570276,named in manuscript,2013-03-10,69,VAPV (Rad 0%),VAPV (Rad 0%) - Dry (2013)
Winter Wheat,weatherRad0Center,2013,3,11,0.0423717,0,0.134026,Dry,-0.9979094773570276,named in manuscript,2013-03-11,70,VAPV (Rad 0%),VAPV (Rad 0%) - Dry (2013)
Winter Wheat,weatherRad0Center,2013,3,12,0.042349380000000006,0,0.133993,Dry,-0.9979094773570276,named in manuscript,2013-03-12,71,VAPV (Rad 0%),VAPV (Rad 0%) - Dry (2013)
Winter Wheat,weatherRad0Center,2013,3,13,0.04234805,0,0.133919,Dry,-0.9979094773570276,named in manuscript,2013-03-13,72,VAPV (Rad 0%),VAPV (Rad 0%) - Dry (2013)
Winter Wheat,weatherRad0Center,2013,3,14,0.042343519999999996,0,0.133914,Dry,-0.9979094773570276,named in manuscript,2013-03-14,73,VAPV (Rad 0%),VAPV (Rad 0%) - Dry (2013)
Winter Wheat,weatherRad0Center,2013,3,15,0.04232614,0,0.133897,Dry,-0.9979094773570276,named in manuscript,2013-03-15,74,VAPV (Rad 0%),VAPV (Rad 0%) - Dry (2013)
Winter Wheat,weatherRad0Center,2013,3,16,0.04232459,0,0.133839,Dry,-0.9979094773570276,named in manuscript,2013-03-16,75,VAPV (Rad 0%),VAPV (Rad 0%) - Dry (2013)
Winter Wheat,weatherRad0Center,2013,3,17,0.04232459,0,0.133834,Dry,-0.9979094773570276,named in manuscript,2013-03-17,76,VAPV (Rad 0%),VAPV (Rad 0%) - Dry (2013)
Winter Wheat,weatherRad0Center,2013,3,18,0.04232459,0,0.133834,Dry,-0.9979094773570276,named in manuscript,2013-03-18,77,VAPV (Rad 0%),VAPV (Rad 0%) - Dry (2013)
Winter Wheat,weatherRad0Center,2013,3,19,0.04232459,0,0.133834,Dry,-0.9979094773570276,named in manuscript,2013-03-19,78,VAPV (Rad 0%),VAPV (Rad 0%) - Dry (2013)
Winter Wheat,weatherRad0Center,2013,3,20,0.042324179999999996,0,0.133834,Dry,-0.9979094773570276,named in manuscript,2013-03-20,79,VAPV (Rad 0%),VAPV (Rad 0%) - Dry (2013)
Winter Wheat,weatherRad0Center,2013,3,21,0.042317600000000004,0,0.133831,Dry,-0.9979094773570276,named in manuscript,2013-03-21,80,VAPV (Rad 0%),VAPV (Rad 0%) - Dry (2013)
Winter Wheat,weatherRad0Center,2013,3,22,0.042311430000000004,0,0.133809,Dry,-0.9979094773570276,named in manuscript,2013-03-22,81,VAPV (Rad 0%),VAPV (Rad 0%) - Dry (2013)
Winter Wheat,weatherRad0Center,2013,3,23,0.04229795,0,0.133786,Dry,-0.9979094773570276,named in manuscript,2013-03-23,82,VAPV (Rad 0%),VAPV (Rad 0%) - Dry (2013)
Winter Wheat,weatherRad0Center,2013,3,24,0.04227275,0,0.133738,Dry,-0.9979094773570276,named in manuscript,2013-03-24,83,VAPV (Rad 0%),VAPV (Rad 0%) - Dry (2013)
Winter Wheat,weatherRad0Center,2013,3,25,0.04226627,0,0.133654,Dry,-0.9979094773570276,named in manuscript,2013-03-25,84,VAPV (Rad 0%),VAPV (Rad 0%) - Dry (2013)
Winter Wheat,weatherRad0Center,2013,3,26,0.04226298,0,0.133632,Dry,-0.9979094773570276,named in manuscript,2013-03-26,85,VAPV (Rad 0%),VAPV (Rad 0%) - Dry (2013)
Winter Wheat,weatherRad0Center,2013,3,27,0.04226298,0,0.133621,Dry,-0.9979094773570276,named in manuscript,2013-03-27,86,VAPV (Rad 0%),VAPV (Rad 0%) - Dry (2013)
Winter Wheat,weatherRad0Center,2013,3,28,0.04226298,0,0.133621,Dry,-0.9979094773570276,named in manuscript,2013-03-28,87,VAPV (Rad 0%),VAPV (Rad 0%) - Dry (2013)
Winter Wheat,weatherRad0Center,2013,3,29,0.04226298,0,0.133621,Dry,-0.9979094773570276,named in manuscript,2013-03-29,88,VAPV (Rad 0%),VAPV (Rad 0%) - Dry (2013)
Winter Wheat,weatherRad0Center,2013,3,30,0.04226298,0,0.133621,Dry,-0.9979094773570276,named in manuscript,2013-03-30,89,VAPV (Rad 0%),VAPV (Rad 0%) - Dry (2013)
Winter Wheat,weatherRad0Center,2013,3,31,0.04226298,0,0.133621,Dry,-0.9979094773570276,named in manuscript,2013-03-31,90,VAPV (Rad 0%),VAPV (Rad 0%) - Dry (2013)
Winter Wheat,weatherRad0Center,2013,4,1,0.04226257,0,0.133621,Dry,-0.9979094773570276,named in manuscript,2013-04-01,91,VAPV (Rad 0%),VAPV (Rad 0%) - Dry (2013)
Winter Wheat,weatherRad0Center,2013,4,2,0.042256810000000006,0,0.133619,Dry,-0.9979094773570276,named in manuscript,2013-04-02,92,VAPV (Rad 0%),VAPV (Rad 0%) - Dry (2013)
Winter Wheat,weatherRad0Center,2013,4,3,0.042245080000000004,0,0.133598,Dry,-0.9979094773570276,named in manuscript,2013-04-03,93,VAPV (Rad 0%),VAPV (Rad 0%) - Dry (2013)
Winter Wheat,weatherRad0Center,2013,4,4,0.04223263,0,0.133558,Dry,-0.9979094773570276,named in manuscript,2013-04-04,94,VAPV (Rad 0%),VAPV (Rad 0%) - Dry (2013)
Winter Wheat,weatherRad0Center,2013,4,5,0.04222502,0,0.133515,Dry,-0.9979094773570276,named in manuscript,2013-04-05,95,VAPV (Rad 0%),VAPV (Rad 0%) - Dry (2013)
Winter Wheat,weatherRad0Center,2013,4,6,0.04221390999999999,0,0.133488,Dry,-0.9979094773570276,named in manuscript,2013-04-06,96,VAPV (Rad 0%),VAPV (Rad 0%) - Dry (2013)
Winter Wheat,weatherRad0Center,2013,4,7,0.042198690000000004,0,0.133449,Dry,-0.9979094773570276,named in manuscript,2013-04-07,97,VAPV (Rad 0%),VAPV (Rad 0%) - Dry (2013)
Winter Wheat,weatherRad0Center,2013,4,8,0.042193549999999996,0,0.133399,Dry,-0.9979094773570276,named in manuscript,2013-04-08,98,VAPV (Rad 0%),VAPV (Rad 0%) - Dry (2013)
Winter Wheat,weatherRad0Center,2013,4,9,0.042187369999999995,0,0.133381,Dry,-0.9979094773570276,named in manuscript,2013-04-09,99,VAPV (Rad 0%),VAPV (Rad 0%) - Dry (2013)
Winter Wheat,weatherRad0Center,2013,4,10,0.04217626,0,0.133359,Dry,-0.9979094773570276,named in manuscript,2013-04-10,100,VAPV (Rad 0%),VAPV (Rad 0%) - Dry (2013)
Winter Wheat,weatherRad0Center,2013,4,11,0.04216834,0,0.133321,Dry,-0.9979094773570276,named in manuscript,2013-04-11,101,VAPV (Rad 0%),VAPV (Rad 0%) - Dry (2013)
Winter Wheat,weatherRad0Center,2013,4,12,0.04215209,0,0.133292,Dry,-0.9979094773570276,named in manuscript,2013-04-12,102,VAPV (Rad 0%),VAPV (Rad 0%) - Dry (2013)
Winter Wheat,weatherRad0Center,2013,4,13,0.04213203,0,0.133236,Dry,-0.9979094773570276,named in manuscript,2013-04-13,103,VAPV (Rad 0%),VAPV (Rad 0%) - Dry (2013)
Winter Wheat,weatherRad0Center,2013,4,14,0.042324219999999996,0,0.133163,Dry,-0.9979094773570276,named in manuscript,2013-04-14,104,VAPV (Rad 0%),VAPV (Rad 0%) - Dry (2013)
Winter Wheat,weatherRad0Center,2013,4,15,0.04375803,0,0.133814,Dry,-0.9979094773570276,named in manuscript,2013-04-15,105,VAPV (Rad 0%),VAPV (Rad 0%) - Dry (2013)
Winter Wheat,weatherRad0Center,2013,4,16,0.046892460000000004,0,0.132808,Dry,-0.9979094773570276,named in manuscript,2013-04-16,106,VAPV (Rad 0%),VAPV (Rad 0%) - Dry (2013)
Winter Wheat,weatherRad0Center,2013,4,17,0.050891059999999995,0,0.137492,Dry,-0.9979094773570276,named in manuscript,2013-04-17,107,VAPV (Rad 0%),VAPV (Rad 0%) - Dry (2013)
Winter Wheat,weatherRad0Center,2013,4,18,0.05587702,0,0.147828,Dry,-0.9979094773570276,named in manuscript,2013-04-18,108,VAPV (Rad 0%),VAPV (Rad 0%) - Dry (2013)
Winter Wheat,weatherRad0Center,2013,4,19,0.06104031,0,0.160622,Dry,-0.9979094773570276,named in manuscript,2013-04-19,109,VAPV (Rad 0%),VAPV (Rad 0%) - Dry (2013)
Winter Wheat,weatherRad0Center,2013,4,20,0.06481566999999999,0,0.173599,Dry,-0.9979094773570276,named in manuscript,2013-04-20,110,VAPV (Rad 0%),VAPV (Rad 0%) - Dry (2013)
Winter Wheat,weatherRad0Center,2013,4,21,0.06752821887,0,0.183097,Dry,-0.9979094773570276,named in manuscript,2013-04-21,111,VAPV (Rad 0%),VAPV (Rad 0%) - Dry (2013)
Winter Wheat,weatherRad0Center,2013,4,22,0.0704973577,0,0.189682,Dry,-0.9979094773570276,named in manuscript,2013-04-22,112,VAPV (Rad 0%),VAPV (Rad 0%) - Dry (2013)
Winter Wheat,weatherRad0Center,2013,4,23,0.07469983929999999,0,0.196596,Dry,-0.9979094773570276,named in manuscript,2013-04-23,113,VAPV (Rad 0%),VAPV (Rad 0%) - Dry (2013)
Winter Wheat,weatherRad0Center,2013,4,24,0.0795196189,0,0.206476,Dry,-0.9979094773570276,named in manuscript,2013-04-24,114,VAPV (Rad 0%),VAPV (Rad 0%) - Dry (2013)
Winter Wheat,weatherRad0Center,2013,4,25,0.0840792571,0,0.217729,Dry,-0.9979094773570276,named in manuscript,2013-04-25,115,VAPV (Rad 0%),VAPV (Rad 0%) - Dry (2013)
Winter Wheat,weatherRad0Center,2013,4,26,0.088147992,0,0.228079,Dry,-0.9979094773570276,named in manuscript,2013-04-26,116,VAPV (Rad 0%),VAPV (Rad 0%) - Dry (2013)
Winter Wheat,weatherRad0Center,2013,4,27,0.091762305,0,0.237355,Dry,-0.9979094773570276,named in manuscript,2013-04-27,117,VAPV (Rad 0%),VAPV (Rad 0%) - Dry (2013)
Winter Wheat,weatherRad0Center,2013,4,28,0.09498946899999999,0,0.245075,Dry,-0.9979094773570276,named in manuscript,2013-04-28,118,VAPV (Rad 0%),VAPV (Rad 0%) - Dry (2013)
Winter Wheat,weatherRad0Center,2013,4,29,0.097934372,0,0.251715,Dry,-0.9979094773570276,named in manuscript,2013-04-29,119,VAPV (Rad 0%),VAPV (Rad 0%) - Dry (2013)
Winter Wheat,weatherRad0Center,2013,4,30,0.100719361,0,0.25754,Dry,-0.9979094773570276,named in manuscript,2013-04-30,120,VAPV (Rad 0%),VAPV (Rad 0%) - Dry (2013)
Winter Wheat,weatherRad0Center,2013,5,1,0.103611765,0,0.262383,Dry,-0.9979094773570276,named in manuscript,2013-05-01,121,VAPV (Rad 0%),VAPV (Rad 0%) - Dry (2013)
Winter Wheat,weatherRad0Center,2013,5,2,0.10657417100000001,0,0.267466,Dry,-0.9979094773570276,named in manuscript,2013-05-02,122,VAPV (Rad 0%),VAPV (Rad 0%) - Dry (2013)
Winter Wheat,weatherRad0Center,2013,5,3,0.109932101,0,0.272929,Dry,-0.9979094773570276,named in manuscript,2013-05-03,123,VAPV (Rad 0%),VAPV (Rad 0%) - Dry (2013)
Winter Wheat,weatherRad0Center,2013,5,4,0.115972356,0,0.278924,Dry,-0.9979094773570276,named in manuscript,2013-05-04,124,VAPV (Rad 0%),VAPV (Rad 0%) - Dry (2013)
Winter Wheat,weatherRad0Center,2013,5,5,0.12524932,0,0.291244,Dry,-0.9979094773570276,named in manuscript,2013-05-05,125,VAPV (Rad 0%),VAPV (Rad 0%) - Dry (2013)
Winter Wheat,weatherRad0Center,2013,5,6,0.13635023000000002,0,0.310049,Dry,-0.9979094773570276,named in manuscript,2013-05-06,126,VAPV (Rad 0%),VAPV (Rad 0%) - Dry (2013)
Winter Wheat,weatherRad0Center,2013,5,7,0.14924308,0,0.33228799999999997,Dry,-0.9979094773570276,named in manuscript,2013-05-07,127,VAPV (Rad 0%),VAPV (Rad 0%) - Dry (2013)
Winter Wheat,weatherRad0Center,2013,5,8,0.16391071999999998,0,0.357171,Dry,-0.9979094773570276,named in manuscript,2013-05-08,128,VAPV (Rad 0%),VAPV (Rad 0%) - Dry (2013)
Winter Wheat,weatherRad0Center,2013,5,9,0.17551208999999998,0,0.384624,Dry,-0.9979094773570276,named in manuscript,2013-05-09,129,VAPV (Rad 0%),VAPV (Rad 0%) - Dry (2013)
Winter Wheat,weatherRad0Center,2013,5,10,0.18733834,0,0.402687,Dry,-0.9979094773570276,named in manuscript,2013-05-10,130,VAPV (Rad 0%),VAPV (Rad 0%) - Dry (2013)
Winter Wheat,weatherRad0Center,2013,5,11,0.20031479000000002,0,0.42315,Dry,-0.9979094773570276,named in manuscript,2013-05-11,131,VAPV (Rad 0%),VAPV (Rad 0%) - Dry (2013)
Winter Wheat,weatherRad0Center,2013,5,12,0.22553546,0,0.445037,Dry,-0.9979094773570276,named in manuscript,2013-05-12,132,VAPV (Rad 0%),VAPV (Rad 0%) - Dry (2013)
Winter Wheat,weatherRad0Center,2013,5,13,0.25013239,0,0.492422,Dry,-0.9979094773570276,named in manuscript,2013-05-13,133,VAPV (Rad 0%),VAPV (Rad 0%) - Dry (2013)
Winter Wheat,weatherRad0Center,2013,5,14,0.26914613,0,0.537676,Dry,-0.9979094773570276,named in manuscript,2013-05-14,134,VAPV (Rad 0%),VAPV (Rad 0%) - Dry (2013)
Winter Wheat,weatherRad0Center,2013,5,15,0.29376669,0,0.569307,Dry,-0.9979094773570276,named in manuscript,2013-05-15,135,VAPV (Rad 0%),VAPV (Rad 0%) - Dry (2013)
Winter Wheat,weatherRad0Center,2013,5,16,0.32867494,0,0.611707,Dry,-0.9979094773570276,named in manuscript,2013-05-16,136,VAPV (Rad 0%),VAPV (Rad 0%) - Dry (2013)
Winter Wheat,weatherRad0Center,2013,5,17,0.36969050999999997,0,0.668785,Dry,-0.9979094773570276,named in manuscript,2013-05-17,137,VAPV (Rad 0%),VAPV (Rad 0%) - Dry (2013)
Winter Wheat,weatherRad0Center,2013,5,18,0.40935643,0,0.731786,Dry,-0.9979094773570276,named in manuscript,2013-05-18,138,VAPV (Rad 0%),VAPV (Rad 0%) - Dry (2013)
Winter Wheat,weatherRad0Center,2013,5,19,0.45470520999999997,0,0.775436,Dry,-0.9979094773570276,named in manuscript,2013-05-19,139,VAPV (Rad 0%),VAPV (Rad 0%) - Dry (2013)
Winter Wheat,weatherRad0Center,2013,5,20,0.4985369,0,0.848442,Dry,-0.9979094773570276,named in manuscript,2013-05-20,140,VAPV (Rad 0%),VAPV (Rad 0%) - Dry (2013)
Winter Wheat,weatherRad0Center,2013,5,21,0.5373836000000001,0,0.9148,Dry,-0.9979094773570276,named in manuscript,2013-05-21,141,VAPV (Rad 0%),VAPV (Rad 0%) - Dry (2013)
Winter Wheat,weatherRad0Center,2013,5,22,0.5745795,0,0.96957,Dry,-0.9979094773570276,named in manuscript,2013-05-22,142,VAPV (Rad 0%),VAPV (Rad 0%) - Dry (2013)
Winter Wheat,weatherRad0Center,2013,5,23,0.5968446,0,1.01753,Dry,-0.9979094773570276,named in manuscript,2013-05-23,143,VAPV (Rad 0%),VAPV (Rad 0%) - Dry (2013)
Winter Wheat,weatherRad0Center,2013,5,24,0.6196364999999999,0,1.0426,Dry,-0.9979094773570276,named in manuscript,2013-05-24,144,VAPV (Rad 0%),VAPV (Rad 0%) - Dry (2013)
Winter Wheat,weatherRad0Center,2013,5,25,0.6546664999999999,0,1.06779,Dry,-0.9979094773570276,named in manuscript,2013-05-25,145,VAPV (Rad 0%),VAPV (Rad 0%) - Dry (2013)
Winter Wheat,weatherRad0Center,2013,5,26,0.6934136999999999,0,1.10647,Dry,-0.9979094773570276,named in manuscript,2013-05-26,146,VAPV (Rad 0%),VAPV (Rad 0%) - Dry (2013)
Winter Wheat,weatherRad0Center,2013,5,27,0.7349834,0,1.14324,Dry,-0.9979094773570276,named in manuscript,2013-05-27,147,VAPV (Rad 0%),VAPV (Rad 0%) - Dry (2013)
Winter Wheat,weatherRad0Center,2013,5,28,0.7763413,0,1.17828,Dry,-0.9979094773570276,named in manuscript,2013-05-28,148,VAPV (Rad 0%),VAPV (Rad 0%) - Dry (2013)
Winter Wheat,weatherRad0Center,2013,5,29,0.8115089,0,1.21077,Dry,-0.9979094773570276,named in manuscript,2013-05-29,149,VAPV (Rad 0%),VAPV (Rad 0%) - Dry (2013)
Winter Wheat,weatherRad0Center,2013,5,30,0.8454869,0,1.23506,Dry,-0.9979094773570276,named in manuscript,2013-05-30,150,VAPV (Rad 0%),VAPV (Rad 0%) - Dry (2013)
Winter Wheat,weatherRad0Center,2013,5,31,0.8860768,0,1.25708,Dry,-0.9979094773570276,named in manuscript,2013-05-31,151,VAPV (Rad 0%),VAPV (Rad 0%) - Dry (2013)
Winter Wheat,weatherRad0Center,2013,6,1,0.929535,0,1.28195,Dry,-0.9979094773570276,named in manuscript,2013-06-01,152,VAPV (Rad 0%),VAPV (Rad 0%) - Dry (2013)
Winter Wheat,weatherRad0Center,2013,6,2,0.9701455,0,1.30627,Dry,-0.9979094773570276,named in manuscript,2013-06-02,153,VAPV (Rad 0%),VAPV (Rad 0%) - Dry (2013)
Winter Wheat,weatherRad0Center,2013,6,3,1.0112777,0,1.32528,Dry,-0.9979094773570276,named in manuscript,2013-06-03,154,VAPV (Rad 0%),VAPV (Rad 0%) - Dry (2013)
Winter Wheat,weatherRad0Center,2013,6,4,1.0554997000000002,0,1.34189,Dry,-0.9979094773570276,named in manuscript,2013-06-04,155,VAPV (Rad 0%),VAPV (Rad 0%) - Dry (2013)
Winter Wheat,weatherRad0Center,2013,6,5,1.1104438300000001,0.00991753,1.3572,Dry,-0.9979094773570276,named in manuscript,2013-06-05,156,VAPV (Rad 0%),VAPV (Rad 0%) - Dry (2013)
Winter Wheat,weatherRad0Center,2013,6,6,1.1740771000000003,0.0298297,1.37221,Dry,-0.9979094773570276,named in manuscript,2013-06-06,157,VAPV (Rad 0%),VAPV (Rad 0%) - Dry (2013)
Winter Wheat,weatherRad0Center,2013,6,7,1.2469323999999997,0.0602439,1.38574,Dry,-0.9979094773570276,named in manuscript,2013-06-07,158,VAPV (Rad 0%),VAPV (Rad 0%) - Dry (2013)
Winter Wheat,weatherRad0Center,2013,6,8,1.3249806,0.0948639,1.39798,Dry,-0.9979094773570276,named in manuscript,2013-06-08,159,VAPV (Rad 0%),VAPV (Rad 0%) - Dry (2013)
Winter Wheat,weatherRad0Center,2013,6,9,1.4009080999999999,0.130914,1.41061,Dry,-0.9979094773570276,named in manuscript,2013-06-09,160,VAPV (Rad 0%),VAPV (Rad 0%) - Dry (2013)
Winter Wheat,weatherRad0Center,2013,6,10,1.4823434,0.172209,1.42054,Dry,-0.9979094773570276,named in manuscript,2013-06-10,161,VAPV (Rad 0%),VAPV (Rad 0%) - Dry (2013)
Winter Wheat,weatherRad0Center,2013,6,11,1.5717986999999998,0.220872,1.43048,Dry,-0.9979094773570276,named in manuscript,2013-06-11,162,VAPV (Rad 0%),VAPV (Rad 0%) - Dry (2013)
Winter Wheat,weatherRad0Center,2013,6,12,1.6520189,0.266384,1.44049,Dry,-0.9979094773570276,named in manuscript,2013-06-12,163,VAPV (Rad 0%),VAPV (Rad 0%) - Dry (2013)
Winter Wheat,weatherRad0Center,2013,6,13,1.7242867,0.309894,1.44605,Dry,-0.9979094773570276,named in manuscript,2013-06-13,164,VAPV (Rad 0%),VAPV (Rad 0%) - Dry (2013)
Winter Wheat,weatherRad0Center,2013,6,14,1.7928023000000002,0.353582,1.4475,Dry,-0.9979094773570276,named in manuscript,2013-06-14,165,VAPV (Rad 0%),VAPV (Rad 0%) - Dry (2013)
Winter Wheat,weatherRad0Center,2013,6,15,1.8656555,0.401082,1.44623,Dry,-0.9979094773570276,named in manuscript,2013-06-15,166,VAPV (Rad 0%),VAPV (Rad 0%) - Dry (2013)
Winter Wheat,weatherRad0Center,2013,6,16,1.9488239,0.455961,1.44519,Dry,-0.9979094773570276,named in manuscript,2013-06-16,167,VAPV (Rad 0%),VAPV (Rad 0%) - Dry (2013)
Winter Wheat,weatherRad0Center,2013,6,17,2.0303132,0.51087,1.446,Dry,-0.9979094773570276,named in manuscript,2013-06-17,168,VAPV (Rad 0%),VAPV (Rad 0%) - Dry (2013)
Winter Wheat,weatherRad0Center,2013,6,18,2.1243257,0.575424,1.44545,Dry,-0.9979094773570276,named in manuscript,2013-06-18,169,VAPV (Rad 0%),VAPV (Rad 0%) - Dry (2013)
Winter Wheat,weatherRad0Center,2013,6,19,2.2357175,0.653991,1.4469,Dry,-0.9979094773570276,named in manuscript,2013-06-19,170,VAPV (Rad 0%),VAPV (Rad 0%) - Dry (2013)
Winter Wheat,weatherRad0Center,2013,6,20,2.3271597,0.7219,1.45027,Dry,-0.9979094773570276,named in manuscript,2013-06-20,171,VAPV (Rad 0%),VAPV (Rad 0%) - Dry (2013)
Winter Wheat,weatherRad0Center,2013,6,21,2.4127788,0.787993,1.44657,Dry,-0.9979094773570276,named in manuscript,2013-06-21,172,VAPV (Rad 0%),VAPV (Rad 0%) - Dry (2013)
Winter Wheat,weatherRad0Center,2013,6,22,2.4865664,0.847469,1.44029,Dry,-0.9979094773570276,named in manuscript,2013-06-22,173,VAPV (Rad 0%),VAPV (Rad 0%) - Dry (2013)
Winter Wheat,weatherRad0Center,2013,6,23,2.5490082,0.899758,1.42984,Dry,-0.9979094773570276,named in manuscript,2013-06-23,174,VAPV (Rad 0%),VAPV (Rad 0%) - Dry (2013)
Winter Wheat,weatherRad0Center,2013,6,24,2.6274639000000004,0.965079,1.41662,Dry,-0.9979094773570276,named in manuscript,2013-06-24,175,VAPV (Rad 0%),VAPV (Rad 0%) - Dry (2013)
Winter Wheat,weatherRad0Center,2013,6,25,2.720282,1.04236,1.40568,Dry,-0.9979094773570276,named in manuscript,2013-06-25,176,VAPV (Rad 0%),VAPV (Rad 0%) - Dry (2013)
Winter Wheat,weatherRad0Center,2013,6,26,2.8238890000000003,1.12905,1.39626,Dry,-0.9979094773570276,named in manuscript,2013-06-26,177,VAPV (Rad 0%),VAPV (Rad 0%) - Dry (2013)
Winter Wheat,weatherRad0Center,2013,6,27,2.931898,1.2204,1.38791,Dry,-0.9979094773570276,named in manuscript,2013-06-27,178,VAPV (Rad 0%),VAPV (Rad 0%) - Dry (2013)
Winter Wheat,weatherRad0Center,2013,6,28,3.027338,1.30267,1.37922,Dry,-0.9979094773570276,named in manuscript,2013-06-28,179,VAPV (Rad 0%),VAPV (Rad 0%) - Dry (2013)
Winter Wheat,weatherRad0Center,2013,6,29,3.118666,1.38233,1.36795,Dry,-0.9979094773570276,named in manuscript,2013-06-29,180,VAPV (Rad 0%),VAPV (Rad 0%) - Dry (2013)
Winter Wheat,weatherRad0Center,2013,6,30,3.215589,1.46734,1.35572,Dry,-0.9979094773570276,named in manuscript,2013-06-30,181,VAPV (Rad 0%),VAPV (Rad 0%) - Dry (2013)
Winter Wheat,weatherRad0Center,2013,7,1,3.333697,1.57073,1.34382,Dry,-0.9979094773570276,named in manuscript,2013-07-01,182,VAPV (Rad 0%),VAPV (Rad 0%) - Dry (2013)
Winter Wheat,weatherRad0Center,2013,7,2,3.440064,1.66574,1.33407,Dry,-0.9979094773570276,named in manuscript,2013-07-02,183,VAPV (Rad 0%),VAPV (Rad 0%) - Dry (2013)
Winter Wheat,weatherRad0Center,2013,7,3,3.554453,1.7685,1.32157,Dry,-0.9979094773570276,named in manuscript,2013-07-03,184,VAPV (Rad 0%),VAPV (Rad 0%) - Dry (2013)
Winter Wheat,weatherRad0Center,2013,7,4,3.6661070000000002,1.87061,1.30963,Dry,-0.9979094773570276,named in manuscript,2013-07-04,185,VAPV (Rad 0%),VAPV (Rad 0%) - Dry (2013)
Winter Wheat,weatherRad0Center,2013,7,5,3.753679,1.95359,1.29585,Dry,-0.9979094773570276,named in manuscript,2013-07-05,186,VAPV (Rad 0%),VAPV (Rad 0%) - Dry (2013)
Winter Wheat,weatherRad0Center,2013,7,6,3.8689800000000005,2.06185,1.27811,Dry,-0.9979094773570276,named in manuscript,2013-07-06,187,VAPV (Rad 0%),VAPV (Rad 0%) - Dry (2013)
Winter Wheat,weatherRad0Center,2013,7,7,4.020398,2.20323,1.26287,Dry,-0.9979094773570276,named in manuscript,2013-07-07,188,VAPV (Rad 0%),VAPV (Rad 0%) - Dry (2013)
Winter Wheat,weatherRad0Center,2013,7,8,4.190558,2.36313,1.25031,Dry,-0.9979094773570276,named in manuscript,2013-07-08,189,VAPV (Rad 0%),VAPV (Rad 0%) - Dry (2013)
Winter Wheat,weatherRad0Center,2013,7,9,4.368736,2.53225,1.23818,Dry,-0.9979094773570276,named in manuscript,2013-07-09,190,VAPV (Rad 0%),VAPV (Rad 0%) - Dry (2013)
Winter Wheat,weatherRad0Center,2013,7,10,4.553241,2.70906,1.2253,Dry,-0.9979094773570276,named in manuscript,2013-07-10,191,VAPV (Rad 0%),VAPV (Rad 0%) - Dry (2013)
Winter Wheat,weatherRad0Center,2013,7,11,4.741789000000001,2.89128,1.21158,Dry,-0.9979094773570276,named in manuscript,2013-07-11,192,VAPV (Rad 0%),VAPV (Rad 0%) - Dry (2013)
Winter Wheat,weatherRad0Center,2013,7,12,4.927722,3.07286,1.19701,Dry,-0.9979094773570276,named in manuscript,2013-07-12,193,VAPV (Rad 0%),VAPV (Rad 0%) - Dry (2013)
Winter Wheat,weatherRad0Center,2013,7,13,5.107823,3.25066,1.18095,Dry,-0.9979094773570276,named in manuscript,2013-07-13,194,VAPV (Rad 0%),VAPV (Rad 0%) - Dry (2013)
Winter Wheat,weatherRad0Center,2013,7,14,5.273186,3.416,1.16331,Dry,-0.9979094773570276,named in manuscript,2013-07-14,195,VAPV (Rad 0%),VAPV (Rad 0%) - Dry (2013)
Winter Wheat,weatherRad0Center,2013,7,15,5.425101,3.56947,1.14367,Dry,-0.9979094773570276,named in manuscript,2013-07-15,196,VAPV (Rad 0%),VAPV (Rad 0%) - Dry (2013)
Winter Wheat,weatherRad0Center,2013,7,16,5.563028,3.71055,1.1227,Dry,-0.9979094773570276,named in manuscript,2013-07-16,197,VAPV (Rad 0%),VAPV (Rad 0%) - Dry (2013)
Winter Wheat,weatherRad0Center,2013,7,17,5.710247,3.86085,1.10034,Dry,-0.9979094773570276,named in manuscript,2013-07-17,198,VAPV (Rad 0%),VAPV (Rad 0%) - Dry (2013)
Winter Wheat,weatherRad0Center,2013,7,18,5.875562,4.02869,1.07828,Dry,-0.9979094773570276,named in manuscript,2013-07-18,199,VAPV (Rad 0%),VAPV (Rad 0%) - Dry (2013)
Winter Wheat,weatherRad0Center,2013,7,19,6.046623,4.20226,1.05693,Dry,-0.9979094773570276,named in manuscript,2013-07-19,200,VAPV (Rad 0%),VAPV (Rad 0%) - Dry (2013)
Winter Wheat,weatherRad0Center,2013,7,20,6.205722,4.36459,1.03549,Dry,-0.9979094773570276,named in manuscript,2013-07-20,201,VAPV (Rad 0%),VAPV (Rad 0%) - Dry (2013)
Winter Wheat,weatherRad0Center,2013,7,21,6.368502,4.53068,1.01299,Dry,-0.9979094773570276,named in manuscript,2013-07-21,202,VAPV (Rad 0%),VAPV (Rad 0%) - Dry (2013)
Winter Wheat,weatherRad0Center,2013,7,22,6.528061,4.69388,0.9904,Dry,-0.9979094773570276,named in manuscript,2013-07-22,203,VAPV (Rad 0%),VAPV (Rad 0%) - Dry (2013)
Winter Wheat,weatherRad0Center,2013,7,23,6.674508,4.84462,0.967335,Dry,-0.9979094773570276,named in manuscript,2013-07-23,204,VAPV (Rad 0%),VAPV (Rad 0%) - Dry (2013)
Winter Wheat,weatherRad0Center,2013,7,24,6.811401999999999,4.98633,0.943382,Dry,-0.9979094773570276,named in manuscript,2013-07-24,205,VAPV (Rad 0%),VAPV (Rad 0%) - Dry (2013)
Winter Wheat,weatherRad0Center,2013,7,25,6.951101,5.14329,0.918788,Dry,-0.9979094773570276,named in manuscript,2013-07-25,206,VAPV (Rad 0%),VAPV (Rad 0%) - Dry (2013)
Winter Wheat,weatherRad0Center,2013,7,26,7.094896,5.3051,0.894964,Dry,-0.9979094773570276,named in manuscript,2013-07-26,207,VAPV (Rad 0%),VAPV (Rad 0%) - Dry (2013)
Winter Wheat,weatherRad0Center,2013,7,27,7.232891,5.4611,0.871164,Dry,-0.9979094773570276,named in manuscript,2013-07-27,208,VAPV (Rad 0%),VAPV (Rad 0%) - Dry (2013)
Winter Wheat,weatherRad0Center,2013,7,28,7.357118999999999,5.60354,0.846913,Dry,-0.9979094773570276,named in manuscript,2013-07-28,209,VAPV (Rad 0%),VAPV (Rad 0%) - Dry (2013)
Winter Wheat,weatherRad0Center,2013,7,29,7.470371999999999,5.73508,0.821907,Dry,-0.9979094773570276,named in manuscript,2013-07-29,210,VAPV (Rad 0%),VAPV (Rad 0%) - Dry (2013)
Winter Wheat,weatherRad0Center,2013,7,30,7.58655,5.86914,0.796428,Dry,-0.9979094773570276,named in manuscript,2013-07-30,211,VAPV (Rad 0%),VAPV (Rad 0%) - Dry (2013)
Winter Wheat,weatherRad0Center,2013,7,31,7.698332,5.99859,0.771246,Dry,-0.9979094773570276,named in manuscript,2013-07-31,212,VAPV (Rad 0%),VAPV (Rad 0%) - Dry (2013)
Winter Wheat,weatherRad0Center,2013,8,1,7.80859,6.12616,0.746107,Dry,-0.9979094773570276,named in manuscript,2013-08-01,213,VAPV (Rad 0%),VAPV (Rad 0%) - Dry (2013)
Winter Wheat,weatherRad0Center,2013,8,2,7.9029039999999995,6.23781,0.721298,Dry,-0.9979094773570276,named in manuscript,2013-08-02,214,VAPV (Rad 0%),VAPV (Rad 0%) - Dry (2013)
Winter Wheat,weatherRad0Center,2013,8,3,7.988895,6.34107,0.696274,Dry,-0.9979094773570276,named in manuscript,2013-08-03,215,VAPV (Rad 0%),VAPV (Rad 0%) - Dry (2013)
Winter Wheat,weatherRad0Center,2013,8,4,8.075137,6.44424,0.671162,Dry,-0.9979094773570276,named in manuscript,2013-08-04,216,VAPV (Rad 0%),VAPV (Rad 0%) - Dry (2013)
Winter Wheat,weatherRad0Center,2013,8,5,8.16775,6.55328,0.64632,Dry,-0.9979094773570276,named in manuscript,2013-08-05,217,VAPV (Rad 0%),VAPV (Rad 0%) - Dry (2013)
Winter Wheat,weatherRad0Center,2013,8,6,8.25208,6.65386,0.622124,Dry,-0.9979094773570276,named in manuscript,2013-08-06,218,VAPV (Rad 0%),VAPV (Rad 0%) - Dry (2013)
Winter Wheat,weatherRad0Center,2013,8,7,8.329144,6.74698,0.598015,Dry,-0.9979094773570276,named in manuscript,2013-08-07,219,VAPV (Rad 0%),VAPV (Rad 0%) - Dry (2013)
Winter Wheat,weatherRad0Center,2013,8,8,8.410810999999999,6.8442,0.574138,Dry,-0.9979094773570276,named in manuscript,2013-08-08,220,VAPV (Rad 0%),VAPV (Rad 0%) - Dry (2013)
Winter Wheat,weatherRad0Center,2013,8,9,8.46801,6.91698,0.550979,Dry,-0.9979094773570276,named in manuscript,2013-08-09,221,VAPV (Rad 0%),VAPV (Rad 0%) - Dry (2013)
Winter Wheat,weatherRad0Center,2013,8,10,8.529565,6.99362,0.527777,Dry,-0.9979094773570276,named in manuscript,2013-08-10,222,VAPV (Rad 0%),VAPV (Rad 0%) - Dry (2013)
Winter Wheat,weatherRad0Center,2013,8,11,8.585209,7.06402,0.505369,Dry,-0.9979094773570276,named in manuscript,2013-08-11,223,VAPV (Rad 0%),VAPV (Rad 0%) - Dry (2013)
Spring Barley,weatherBaselineopen,2021,1,1,0,0,0,Near-normal,0.3015292719193799,named in manuscript,2021-01-01,1,Open field,Open field - Near-normal (2021)
Spring Barley,weatherBaselineopen,2021,1,2,0,0,0,Near-normal,0.3015292719193799,named in manuscript,2021-01-02,2,Open field,Open field - Near-normal (2021)
Spring Barley,weatherBaselineopen,2021,1,3,0,0,0,Near-normal,0.3015292719193799,named in manuscript,2021-01-03,3,Open field,Open field - Near-normal (2021)
Spring Barley,weatherBaselineopen,2021,1,4,0,0,0,Near-normal,0.3015292719193799,named in manuscript,2021-01-04,4,Open field,Open field - Near-normal (2021)
Spring Barley,weatherBaselineopen,2021,1,5,0,0,0,Near-normal,0.3015292719193799,named in manuscript,2021-01-05,5,Open field,Open field - Near-normal (2021)
Spring Barley,weatherBaselineopen,2021,1,6,0,0,0,Near-normal,0.3015292719193799,named in manuscript,2021-01-06,6,Open field,Open field - Near-normal (2021)
Spring Barley,weatherBaselineopen,2021,1,7,0,0,0,Near-normal,0.3015292719193799,named in manuscript,2021-01-07,7,Open field,Open field - Near-normal (2021)
Spring Barley,weatherBaselineopen,2021,1,8,0,0,0,Near-normal,0.3015292719193799,named in manuscript,2021-01-08,8,Open field,Open field - Near-normal (2021)
Spring Barley,weatherBaselineopen,2021,1,9,0,0,0,Near-normal,0.3015292719193799,named in manuscript,2021-01-09,9,Open field,Open field - Near-normal (2021)
Spring Barley,weatherBaselineopen,2021,1,10,0,0,0,Near-normal,0.3015292719193799,named in manuscript,2021-01-10,10,Open field,Open field - Near-normal (2021)
Spring Barley,weatherBaselineopen,2021,1,11,0,0,0,Near-normal,0.3015292719193799,named in manuscript,2021-01-11,11,Open field,Open field - Near-normal (2021)
Spring Barley,weatherBaselineopen,2021,1,12,0,0,0,Near-normal,0.3015292719193799,named in manuscript,2021-01-12,12,Open field,Open field - Near-normal (2021)
Spring Barley,weatherBaselineopen,2021,1,13,0,0,0,Near-normal,0.3015292719193799,named in manuscript,2021-01-13,13,Open field,Open field - Near-normal (2021)
Spring Barley,weatherBaselineopen,2021,1,14,0,0,0,Near-normal,0.3015292719193799,named in manuscript,2021-01-14,14,Open field,Open field - Near-normal (2021)
Spring Barley,weatherBaselineopen,2021,1,15,0,0,0,Near-normal,0.3015292719193799,named in manuscript,2021-01-15,15,Open field,Open field - Near-normal (2021)
Spring Barley,weatherBaselineopen,2021,1,16,0,0,0,Near-normal,0.3015292719193799,named in manuscript,2021-01-16,16,Open field,Open field - Near-normal (2021)
Spring Barley,weatherBaselineopen,2021,1,17,0,0,0,Near-normal,0.3015292719193799,named in manuscript,2021-01-17,17,Open field,Open field - Near-normal (2021)
Spring Barley,weatherBaselineopen,2021,1,18,0,0,0,Near-normal,0.3015292719193799,named in manuscript,2021-01-18,18,Open field,Open field - Near-normal (2021)
Spring Barley,weatherBaselineopen,2021,1,19,0,0,0,Near-normal,0.3015292719193799,named in manuscript,2021-01-19,19,Open field,Open field - Near-normal (2021)
Spring Barley,weatherBaselineopen,2021,1,20,0,0,0,Near-normal,0.3015292719193799,named in manuscript,2021-01-20,20,Open field,Open field - Near-normal (2021)
Spring Barley,weatherBaselineopen,2021,1,21,0,0,0,Near-normal,0.3015292719193799,named in manuscript,2021-01-21,21,Open field,Open field - Near-normal (2021)
Spring Barley,weatherBaselineopen,2021,1,22,0,0,0,Near-normal,0.3015292719193799,named in manuscript,2021-01-22,22,Open field,Open field - Near-normal (2021)
Spring Barley,weatherBaselineopen,2021,1,23,0,0,0,Near-normal,0.3015292719193799,named in manuscript,2021-01-23,23,Open field,Open field - Near-normal (2021)
Spring Barley,weatherBaselineopen,2021,1,24,0,0,0,Near-normal,0.3015292719193799,named in manuscript,2021-01-24,24,Open field,Open field - Near-normal (2021)
Spring Barley,weatherBaselineopen,2021,1,25,0,0,0,Near-normal,0.3015292719193799,named in manuscript,2021-01-25,25,Open field,Open field - Near-normal (2021)
Spring Barley,weatherBaselineopen,2021,1,26,0,0,0,Near-normal,0.3015292719193799,named in manuscript,2021-01-26,26,Open field,Open field - Near-normal (2021)
Spring Barley,weatherBaselineopen,2021,1,27,0,0,0,Near-normal,0.3015292719193799,named in manuscript,2021-01-27,27,Open field,Open field - Near-normal (2021)
Spring Barley,weatherBaselineopen,2021,1,28,0,0,0,Near-normal,0.3015292719193799,named in manuscript,2021-01-28,28,Open field,Open field - Near-normal (2021)
Spring Barley,weatherBaselineopen,2021,1,29,0,0,0,Near-normal,0.3015292719193799,named in manuscript,2021-01-29,29,Open field,Open field - Near-normal (2021)
Spring Barley,weatherBaselineopen,2021,1,30,0,0,0,Near-normal,0.3015292719193799,named in manuscript,2021-01-30,30,Open field,Open field - Near-normal (2021)
Spring Barley,weatherBaselineopen,2021,1,31,0,0,0,Near-normal,0.3015292719193799,named in manuscript,2021-01-31,31,Open field,Open field - Near-normal (2021)
Spring Barley,weatherBaselineopen,2021,2,1,0,0,0,Near-normal,0.3015292719193799,named in manuscript,2021-02-01,32,Open field,Open field - Near-normal (2021)
Spring Barley,weatherBaselineopen,2021,2,2,0,0,0,Near-normal,0.3015292719193799,named in manuscript,2021-02-02,33,Open field,Open field - Near-normal (2021)
Spring Barley,weatherBaselineopen,2021,2,3,0,0,0,Near-normal,0.3015292719193799,named in manuscript,2021-02-03,34,Open field,Open field - Near-normal (2021)
Spring Barley,weatherBaselineopen,2021,2,4,0,0,0,Near-normal,0.3015292719193799,named in manuscript,2021-02-04,35,Open field,Open field - Near-normal (2021)
Spring Barley,weatherBaselineopen,2021,2,5,0,0,0,Near-normal,0.3015292719193799,named in manuscript,2021-02-05,36,Open field,Open field - Near-normal (2021)
Spring Barley,weatherBaselineopen,2021,2,6,0,0,0,Near-normal,0.3015292719193799,named in manuscript,2021-02-06,37,Open field,Open field - Near-normal (2021)
Spring Barley,weatherBaselineopen,2021,2,7,0,0,0,Near-normal,0.3015292719193799,named in manuscript,2021-02-07,38,Open field,Open field - Near-normal (2021)
Spring Barley,weatherBaselineopen,2021,2,8,0,0,0,Near-normal,0.3015292719193799,named in manuscript,2021-02-08,39,Open field,Open field - Near-normal (2021)
Spring Barley,weatherBaselineopen,2021,2,9,0,0,0,Near-normal,0.3015292719193799,named in manuscript,2021-02-09,40,Open field,Open field - Near-normal (2021)
Spring Barley,weatherBaselineopen,2021,2,10,0,0,0,Near-normal,0.3015292719193799,named in manuscript,2021-02-10,41,Open field,Open field - Near-normal (2021)
Spring Barley,weatherBaselineopen,2021,2,11,0,0,0,Near-normal,0.3015292719193799,named in manuscript,2021-02-11,42,Open field,Open field - Near-normal (2021)
Spring Barley,weatherBaselineopen,2021,2,12,0,0,0,Near-normal,0.3015292719193799,named in manuscript,2021-02-12,43,Open field,Open field - Near-normal (2021)
Spring Barley,weatherBaselineopen,2021,2,13,0,0,0,Near-normal,0.3015292719193799,named in manuscript,2021-02-13,44,Open field,Open field - Near-normal (2021)
Spring Barley,weatherBaselineopen,2021,2,14,0,0,0,Near-normal,0.3015292719193799,named in manuscript,2021-02-14,45,Open field,Open field - Near-normal (2021)
Spring Barley,weatherBaselineopen,2021,2,15,0,0,0,Near-normal,0.3015292719193799,named in manuscript,2021-02-15,46,Open field,Open field - Near-normal (2021)
Spring Barley,weatherBaselineopen,2021,2,16,0,0,0,Near-normal,0.3015292719193799,named in manuscript,2021-02-16,47,Open field,Open field - Near-normal (2021)
Spring Barley,weatherBaselineopen,2021,2,17,0,0,0,Near-normal,0.3015292719193799,named in manuscript,2021-02-17,48,Open field,Open field - Near-normal (2021)
Spring Barley,weatherBaselineopen,2021,2,18,0,0,0,Near-normal,0.3015292719193799,named in manuscript,2021-02-18,49,Open field,Open field - Near-normal (2021)
Spring Barley,weatherBaselineopen,2021,2,19,0,0,0,Near-normal,0.3015292719193799,named in manuscript,2021-02-19,50,Open field,Open field - Near-normal (2021)
Spring Barley,weatherBaselineopen,2021,2,20,0,0,0,Near-normal,0.3015292719193799,named in manuscript,2021-02-20,51,Open field,Open field - Near-normal (2021)
Spring Barley,weatherBaselineopen,2021,2,21,0,0,0,Near-normal,0.3015292719193799,named in manuscript,2021-02-21,52,Open field,Open field - Near-normal (2021)
Spring Barley,weatherBaselineopen,2021,2,22,0,0,0,Near-normal,0.3015292719193799,named in manuscript,2021-02-22,53,Open field,Open field - Near-normal (2021)
Spring Barley,weatherBaselineopen,2021,2,23,0,0,0,Near-normal,0.3015292719193799,named in manuscript,2021-02-23,54,Open field,Open field - Near-normal (2021)
Spring Barley,weatherBaselineopen,2021,2,24,0,0,0,Near-normal,0.3015292719193799,named in manuscript,2021-02-24,55,Open field,Open field - Near-normal (2021)
Spring Barley,weatherBaselineopen,2021,2,25,0,0,0,Near-normal,0.3015292719193799,named in manuscript,2021-02-25,56,Open field,Open field - Near-normal (2021)
Spring Barley,weatherBaselineopen,2021,2,26,0,0,0,Near-normal,0.3015292719193799,named in manuscript,2021-02-26,57,Open field,Open field - Near-normal (2021)
Spring Barley,weatherBaselineopen,2021,2,27,0,0,0,Near-normal,0.3015292719193799,named in manuscript,2021-02-27,58,Open field,Open field - Near-normal (2021)
Spring Barley,weatherBaselineopen,2021,2,28,0,0,0,Near-normal,0.3015292719193799,named in manuscript,2021-02-28,59,Open field,Open field - Near-normal (2021)
Spring Barley,weatherBaselineopen,2021,3,1,0,0,0,Near-normal,0.3015292719193799,named in manuscript,2021-03-01,60,Open field,Open field - Near-normal (2021)
Spring Barley,weatherBaselineopen,2021,3,2,0,0,0,Near-normal,0.3015292719193799,named in manuscript,2021-03-02,61,Open field,Open field - Near-normal (2021)
Spring Barley,weatherBaselineopen,2021,3,3,0,0,0,Near-normal,0.3015292719193799,named in manuscript,2021-03-03,62,Open field,Open field - Near-normal (2021)
Spring Barley,weatherBaselineopen,2021,3,4,0,0,0,Near-normal,0.3015292719193799,named in manuscript,2021-03-04,63,Open field,Open field - Near-normal (2021)
Spring Barley,weatherBaselineopen,2021,3,5,0,0,0,Near-normal,0.3015292719193799,named in manuscript,2021-03-05,64,Open field,Open field - Near-normal (2021)
Spring Barley,weatherBaselineopen,2021,3,6,0,0,0,Near-normal,0.3015292719193799,named in manuscript,2021-03-06,65,Open field,Open field - Near-normal (2021)
Spring Barley,weatherBaselineopen,2021,3,7,0,0,0,Near-normal,0.3015292719193799,named in manuscript,2021-03-07,66,Open field,Open field - Near-normal (2021)
Spring Barley,weatherBaselineopen,2021,3,8,0,0,0,Near-normal,0.3015292719193799,named in manuscript,2021-03-08,67,Open field,Open field - Near-normal (2021)
Spring Barley,weatherBaselineopen,2021,3,9,0,0,0,Near-normal,0.3015292719193799,named in manuscript,2021-03-09,68,Open field,Open field - Near-normal (2021)
Spring Barley,weatherBaselineopen,2021,3,10,0,0,0,Near-normal,0.3015292719193799,named in manuscript,2021-03-10,69,Open field,Open field - Near-normal (2021)
Spring Barley,weatherBaselineopen,2021,3,11,0,0,0,Near-normal,0.3015292719193799,named in manuscript,2021-03-11,70,Open field,Open field - Near-normal (2021)
Spring Barley,weatherBaselineopen,2021,3,12,0,0,0,Near-normal,0.3015292719193799,named in manuscript,2021-03-12,71,Open field,Open field - Near-normal (2021)
Spring Barley,weatherBaselineopen,2021,3,13,0,0,0,Near-normal,0.3015292719193799,named in manuscript,2021-03-13,72,Open field,Open field - Near-normal (2021)
Spring Barley,weatherBaselineopen,2021,3,14,0,0,0,Near-normal,0.3015292719193799,named in manuscript,2021-03-14,73,Open field,Open field - Near-normal (2021)
Spring Barley,weatherBaselineopen,2021,3,15,0,0,0,Near-normal,0.3015292719193799,named in manuscript,2021-03-15,74,Open field,Open field - Near-normal (2021)
Spring Barley,weatherBaselineopen,2021,3,16,0,0,0,Near-normal,0.3015292719193799,named in manuscript,2021-03-16,75,Open field,Open field - Near-normal (2021)
Spring Barley,weatherBaselineopen,2021,3,17,0,0,0,Near-normal,0.3015292719193799,named in manuscript,2021-03-17,76,Open field,Open field - Near-normal (2021)
Spring Barley,weatherBaselineopen,2021,3,18,0,0,0,Near-normal,0.3015292719193799,named in manuscript,2021-03-18,77,Open field,Open field - Near-normal (2021)
Spring Barley,weatherBaselineopen,2021,3,19,0,0,0,Near-normal,0.3015292719193799,named in manuscript,2021-03-19,78,Open field,Open field - Near-normal (2021)
Spring Barley,weatherBaselineopen,2021,3,20,0,0,0,Near-normal,0.3015292719193799,named in manuscript,2021-03-20,79,Open field,Open field - Near-normal (2021)
Spring Barley,weatherBaselineopen,2021,3,21,0,0,0,Near-normal,0.3015292719193799,named in manuscript,2021-03-21,80,Open field,Open field - Near-normal (2021)
Spring Barley,weatherBaselineopen,2021,3,22,0,0,0,Near-normal,0.3015292719193799,named in manuscript,2021-03-22,81,Open field,Open field - Near-normal (2021)
Spring Barley,weatherBaselineopen,2021,3,23,0,0,0,Near-normal,0.3015292719193799,named in manuscript,2021-03-23,82,Open field,Open field - Near-normal (2021)
Spring Barley,weatherBaselineopen,2021,3,24,0,0,0,Near-normal,0.3015292719193799,named in manuscript,2021-03-24,83,Open field,Open field - Near-normal (2021)
Spring Barley,weatherBaselineopen,2021,3,25,0,0,0,Near-normal,0.3015292719193799,named in manuscript,2021-03-25,84,Open field,Open field - Near-normal (2021)
Spring Barley,weatherBaselineopen,2021,3,26,1e-5,0,0,Near-normal,0.3015292719193799,named in manuscript,2021-03-26,85,Open field,Open field - Near-normal (2021)
Spring Barley,weatherBaselineopen,2021,3,27,1e-5,0,0,Near-normal,0.3015292719193799,named in manuscript,2021-03-27,86,Open field,Open field - Near-normal (2021)
Spring Barley,weatherBaselineopen,2021,3,28,1e-5,0,0,Near-normal,0.3015292719193799,named in manuscript,2021-03-28,87,Open field,Open field - Near-normal (2021)
Spring Barley,weatherBaselineopen,2021,3,29,1e-5,0,0,Near-normal,0.3015292719193799,named in manuscript,2021-03-29,88,Open field,Open field - Near-normal (2021)
Spring Barley,weatherBaselineopen,2021,3,30,1e-5,0,0,Near-normal,0.3015292719193799,named in manuscript,2021-03-30,89,Open field,Open field - Near-normal (2021)
Spring Barley,weatherBaselineopen,2021,3,31,1e-5,0,0,Near-normal,0.3015292719193799,named in manuscript,2021-03-31,90,Open field,Open field - Near-normal (2021)
Spring Barley,weatherBaselineopen,2021,4,1,1e-5,0,0,Near-normal,0.3015292719193799,named in manuscript,2021-04-01,91,Open field,Open field - Near-normal (2021)
Spring Barley,weatherBaselineopen,2021,4,2,1e-5,0,0,Near-normal,0.3015292719193799,named in manuscript,2021-04-02,92,Open field,Open field - Near-normal (2021)
Spring Barley,weatherBaselineopen,2021,4,3,1e-5,0,0,Near-normal,0.3015292719193799,named in manuscript,2021-04-03,93,Open field,Open field - Near-normal (2021)
Spring Barley,weatherBaselineopen,2021,4,4,1e-5,0,0,Near-normal,0.3015292719193799,named in manuscript,2021-04-04,94,Open field,Open field - Near-normal (2021)
Spring Barley,weatherBaselineopen,2021,4,5,1e-5,0,0,Near-normal,0.3015292719193799,named in manuscript,2021-04-05,95,Open field,Open field - Near-normal (2021)
Spring Barley,weatherBaselineopen,2021,4,6,1e-5,0,0,Near-normal,0.3015292719193799,named in manuscript,2021-04-06,96,Open field,Open field - Near-normal (2021)
Spring Barley,weatherBaselineopen,2021,4,7,1e-5,0,0,Near-normal,0.3015292719193799,named in manuscript,2021-04-07,97,Open field,Open field - Near-normal (2021)
Spring Barley,weatherBaselineopen,2021,4,8,1e-5,0,0,Near-normal,0.3015292719193799,named in manuscript,2021-04-08,98,Open field,Open field - Near-normal (2021)
Spring Barley,weatherBaselineopen,2021,4,9,1e-5,0,0,Near-normal,0.3015292719193799,named in manuscript,2021-04-09,99,Open field,Open field - Near-normal (2021)
Spring Barley,weatherBaselineopen,2021,4,10,1e-5,0,0,Near-normal,0.3015292719193799,named in manuscript,2021-04-10,100,Open field,Open field - Near-normal (2021)
Spring Barley,weatherBaselineopen,2021,4,11,1e-5,0,0,Near-normal,0.3015292719193799,named in manuscript,2021-04-11,101,Open field,Open field - Near-normal (2021)
Spring Barley,weatherBaselineopen,2021,4,12,1.5437594e-4,0,0.109097,Near-normal,0.3015292719193799,named in manuscript,2021-04-12,102,Open field,Open field - Near-normal (2021)
Spring Barley,weatherBaselineopen,2021,4,13,8.578692999999999e-4,0,0.109097,Near-normal,0.3015292719193799,named in manuscript,2021-04-13,103,Open field,Open field - Near-normal (2021)
Spring Barley,weatherBaselineopen,2021,4,14,0.0022433448000000003,0,0.109194,Near-normal,0.3015292719193799,named in manuscript,2021-04-14,104,Open field,Open field - Near-normal (2021)
Spring Barley,weatherBaselineopen,2021,4,15,0.0039824216,0,0.109846,Near-normal,0.3015292719193799,named in manuscript,2021-04-15,105,Open field,Open field - Near-normal (2021)
Spring Barley,weatherBaselineopen,2021,4,16,0.0059337821,0,0.110237,Near-normal,0.3015292719193799,named in manuscript,2021-04-16,106,Open field,Open field - Near-normal (2021)
Spring Barley,weatherBaselineopen,2021,4,17,0.008243767,0,0.111548,Near-normal,0.3015292719193799,named in manuscript,2021-04-17,107,Open field,Open field - Near-normal (2021)
Spring Barley,weatherBaselineopen,2021,4,18,0.011202501,0,0.114997,Near-normal,0.3015292719193799,named in manuscript,2021-04-18,108,Open field,Open field - Near-normal (2021)
Spring Barley,weatherBaselineopen,2021,4,19,0.015204431999999999,0,0.12517,Near-normal,0.3015292719193799,named in manuscript,2021-04-19,109,Open field,Open field - Near-normal (2021)
Spring Barley,weatherBaselineopen,2021,4,20,0.020106577,0,0.13561,Near-normal,0.3015292719193799,named in manuscript,2021-04-20,110,Open field,Open field - Near-normal (2021)
Spring Barley,weatherBaselineopen,2021,4,21,0.025831152,0,0.151819,Near-normal,0.3015292719193799,named in manuscript,2021-04-21,111,Open field,Open field - Near-normal (2021)
Spring Barley,weatherBaselineopen,2021,4,22,0.03134839,0,0.170145,Near-normal,0.3015292719193799,named in manuscript,2021-04-22,112,Open field,Open field - Near-normal (2021)
Spring Barley,weatherBaselineopen,2021,4,23,0.03669266,0,0.180449,Near-normal,0.3015292719193799,named in manuscript,2021-04-23,113,Open field,Open field - Near-normal (2021)
Spring Barley,weatherBaselineopen,2021,4,24,0.041962540000000007,0,0.188765,Near-normal,0.3015292719193799,named in manuscript,2021-04-24,114,Open field,Open field - Near-normal (2021)
Spring Barley,weatherBaselineopen,2021,4,25,0.047029,0,0.19735,Near-normal,0.3015292719193799,named in manuscript,2021-04-25,115,Open field,Open field - Near-normal (2021)
Spring Barley,weatherBaselineopen,2021,4,26,0.05168136,0,0.202336,Near-normal,0.3015292719193799,named in manuscript,2021-04-26,116,Open field,Open field - Near-normal (2021)
Spring Barley,weatherBaselineopen,2021,4,27,0.05600358,0,0.203601,Near-normal,0.3015292719193799,named in manuscript,2021-04-27,117,Open field,Open field - Near-normal (2021)
Spring Barley,weatherBaselineopen,2021,4,28,0.06070296,0,0.205237,Near-normal,0.3015292719193799,named in manuscript,2021-04-28,118,Open field,Open field - Near-normal (2021)
Spring Barley,weatherBaselineopen,2021,4,29,0.06615782,0,0.211753,Near-normal,0.3015292719193799,named in manuscript,2021-04-29,119,Open field,Open field - Near-normal (2021)
Spring Barley,weatherBaselineopen,2021,4,30,0.07253583999999999,0,0.224229,Near-normal,0.3015292719193799,named in manuscript,2021-04-30,120,Open field,Open field - Near-normal (2021)
Spring Barley,weatherBaselineopen,2021,5,1,0.07792186000000001,0,0.241757,Near-normal,0.3015292719193799,named in manuscript,2021-05-01,121,Open field,Open field - Near-normal (2021)
Spring Barley,weatherBaselineopen,2021,5,2,0.08316574,0,0.25289,Near-normal,0.3015292719193799,named in manuscript,2021-05-02,122,Open field,Open field - Near-normal (2021)
Spring Barley,weatherBaselineopen,2021,5,3,0.09043222000000001,0,0.254748,Near-normal,0.3015292719193799,named in manuscript,2021-05-03,123,Open field,Open field - Near-normal (2021)
Spring Barley,weatherBaselineopen,2021,5,4,0.09846055,0,0.273181,Near-normal,0.3015292719193799,named in manuscript,2021-05-04,124,Open field,Open field - Near-normal (2021)
Spring Barley,weatherBaselineopen,2021,5,5,0.10559338,0,0.287949,Near-normal,0.3015292719193799,named in manuscript,2021-05-05,125,Open field,Open field - Near-normal (2021)
Spring Barley,weatherBaselineopen,2021,5,6,0.11258218,0,0.30614,Near-normal,0.3015292719193799,named in manuscript,2021-05-06,126,Open field,Open field - Near-normal (2021)
Spring Barley,weatherBaselineopen,2021,5,7,0.1192823,0,0.319821,Near-normal,0.3015292719193799,named in manuscript,2021-05-07,127,Open field,Open field - Near-normal (2021)
Spring Barley,weatherBaselineopen,2021,5,8,0.1262436,0,0.337714,Near-normal,0.3015292719193799,named in manuscript,2021-05-08,128,Open field,Open field - Near-normal (2021)
Spring Barley,weatherBaselineopen,2021,5,9,0.13595,0,0.356429,Near-normal,0.3015292719193799,named in manuscript,2021-05-09,129,Open field,Open field - Near-normal (2021)
Spring Barley,weatherBaselineopen,2021,5,10,0.14940140000000002,0,0.382423,Near-normal,0.3015292719193799,named in manuscript,2021-05-10,130,Open field,Open field - Near-normal (2021)
Spring Barley,weatherBaselineopen,2021,5,11,0.167299,0,0.417165,Near-normal,0.3015292719193799,named in manuscript,2021-05-11,131,Open field,Open field - Near-normal (2021)
Spring Barley,weatherBaselineopen,2021,5,12,0.1867394,0,0.46263,Near-normal,0.3015292719193799,named in manuscript,2021-05-12,132,Open field,Open field - Near-normal (2021)
Spring Barley,weatherBaselineopen,2021,5,13,0.20739449999999998,0,0.510028,Near-normal,0.3015292719193799,named in manuscript,2021-05-13,133,Open field,Open field - Near-normal (2021)
Spring Barley,weatherBaselineopen,2021,5,14,0.2556537,0,0.56151,Near-normal,0.3015292719193799,named in manuscript,2021-05-14,134,Open field,Open field - Near-normal (2021)
Spring Barley,weatherBaselineopen,2021,5,15,0.31570960000000003,0,0.676696,Near-normal,0.3015292719193799,named in manuscript,2021-05-15,135,Open field,Open field - Near-normal (2021)
Spring Barley,weatherBaselineopen,2021,5,16,0.3759347,0,0.81762,Near-normal,0.3015292719193799,named in manuscript,2021-05-16,136,Open field,Open field - Near-normal (2021)
Spring Barley,weatherBaselineopen,2021,5,17,0.440871,0,0.955133,Near-normal,0.3015292719193799,named in manuscript,2021-05-17,137,Open field,Open field - Near-normal (2021)
Spring Barley,weatherBaselineopen,2021,5,18,0.525148,0,1.1034,Near-normal,0.3015292719193799,named in manuscript,2021-05-18,138,Open field,Open field - Near-normal (2021)
Spring Barley,weatherBaselineopen,2021,5,19,0.63924,0,1.29434,Near-normal,0.3015292719193799,named in manuscript,2021-05-19,139,Open field,Open field - Near-normal (2021)
Spring Barley,weatherBaselineopen,2021,5,20,0.776681,0,1.54646,Near-normal,0.3015292719193799,named in manuscript,2021-05-20,140,Open field,Open field - Near-normal (2021)
Spring Barley,weatherBaselineopen,2021,5,21,0.934785,0,1.84215,Near-normal,0.3015292719193799,named in manuscript,2021-05-21,141,Open field,Open field - Near-normal (2021)
Spring Barley,weatherBaselineopen,2021,5,22,1.121775,0,2.17712,Near-normal,0.3015292719193799,named in manuscript,2021-05-22,142,Open field,Open field - Near-normal (2021)
Spring Barley,weatherBaselineopen,2021,5,23,1.3042880000000001,0,2.56414,Near-normal,0.3015292719193799,named in manuscript,2021-05-23,143,Open field,Open field - Near-normal (2021)
Spring Barley,weatherBaselineopen,2021,5,24,1.4632370000000001,0,2.9368,Near-normal,0.3015292719193799,named in manuscript,2021-05-24,144,Open field,Open field - Near-normal (2021)
Spring Barley,weatherBaselineopen,2021,5,25,1.635812,0,3.25762,Near-normal,0.3015292719193799,named in manuscript,2021-05-25,145,Open field,Open field - Near-normal (2021)
Spring Barley,weatherBaselineopen,2021,5,26,1.7965680000000002,0,3.6026,Near-normal,0.3015292719193799,named in manuscript,2021-05-26,146,Open field,Open field - Near-normal (2021)
Spring Barley,weatherBaselineopen,2021,5,27,1.9465270000000001,0,3.92056,Near-normal,0.3015292719193799,named in manuscript,2021-05-27,147,Open field,Open field - Near-normal (2021)
Spring Barley,weatherBaselineopen,2021,5,28,2.146598,0,4.21523,Near-normal,0.3015292719193799,named in manuscript,2021-05-28,148,Open field,Open field - Near-normal (2021)
Spring Barley,weatherBaselineopen,2021,5,29,2.429792,0,4.61399,Near-normal,0.3015292719193799,named in manuscript,2021-05-29,149,Open field,Open field - Near-normal (2021)
Spring Barley,weatherBaselineopen,2021,5,30,2.78852992,0,5.16604,Near-normal,0.3015292719193799,named in manuscript,2021-05-30,150,Open field,Open field - Near-normal (2021)
Spring Barley,weatherBaselineopen,2021,5,31,3.1903452999999997,0,5.81443,Near-normal,0.3015292719193799,named in manuscript,2021-05-31,151,Open field,Open field - Near-normal (2021)
Spring Barley,weatherBaselineopen,2021,6,1,3.5396194,0,6.36321,Near-normal,0.3015292719193799,named in manuscript,2021-06-01,152,Open field,Open field - Near-normal (2021)
Spring Barley,weatherBaselineopen,2021,6,2,3.8453069999999996,0,6.63926,Near-normal,0.3015292719193799,named in manuscript,2021-06-02,153,Open field,Open field - Near-normal (2021)
Spring Barley,weatherBaselineopen,2021,6,3,4.11895,0,6.73489,Near-normal,0.3015292719193799,named in manuscript,2021-06-03,154,Open field,Open field - Near-normal (2021)
Spring Barley,weatherBaselineopen,2021,6,4,4.365685,0,6.73198,Near-normal,0.3015292719193799,named in manuscript,2021-06-04,155,Open field,Open field - Near-normal (2021)
Spring Barley,weatherBaselineopen,2021,6,5,4.644304,0,6.66209,Near-normal,0.3015292719193799,named in manuscript,2021-06-05,156,Open field,Open field - Near-normal (2021)
Spring Barley,weatherBaselineopen,2021,6,6,5.00934,0,6.65985,Near-normal,0.3015292719193799,named in manuscript,2021-06-06,157,Open field,Open field - Near-normal (2021)
Spring Barley,weatherBaselineopen,2021,6,7,5.342937000000001,0,6.74315,Near-normal,0.3015292719193799,named in manuscript,2021-06-07,158,Open field,Open field - Near-normal (2021)
Spring Barley,weatherBaselineopen,2021,6,8,5.61963,0,6.74903,Near-normal,0.3015292719193799,named in manuscript,2021-06-08,159,Open field,Open field - Near-normal (2021)
Spring Barley,weatherBaselineopen,2021,6,9,5.944386999999999,0,6.62484,Near-normal,0.3015292719193799,named in manuscript,2021-06-09,160,Open field,Open field - Near-normal (2021)
Spring Barley,weatherBaselineopen,2021,6,10,6.328164,0,6.62321,Near-normal,0.3015292719193799,named in manuscript,2021-06-10,161,Open field,Open field - Near-normal (2021)
Spring Barley,weatherBaselineopen,2021,6,11,6.731445000000001,0,6.60735,Near-normal,0.3015292719193799,named in manuscript,2021-06-11,162,Open field,Open field - Near-normal (2021)
Spring Barley,weatherBaselineopen,2021,6,12,7.091194,0,6.52234,Near-normal,0.3015292719193799,named in manuscript,2021-06-12,163,Open field,Open field - Near-normal (2021)
Spring Barley,weatherBaselineopen,2021,6,13,7.443985999999999,0,6.30716,Near-normal,0.3015292719193799,named in manuscript,2021-06-13,164,Open field,Open field - Near-normal (2021)
Spring Barley,weatherBaselineopen,2021,6,14,7.8665590000000005,0,6.11264,Near-normal,0.3015292719193799,named in manuscript,2021-06-14,165,Open field,Open field - Near-normal (2021)
Spring Barley,weatherBaselineopen,2021,6,15,8.273769999999999,0,5.96233,Near-normal,0.3015292719193799,named in manuscript,2021-06-15,166,Open field,Open field - Near-normal (2021)
Spring Barley,weatherBaselineopen,2021,6,16,8.66527,0,5.7904,Near-normal,0.3015292719193799,named in manuscript,2021-06-16,167,Open field,Open field - Near-normal (2021)
Spring Barley,weatherBaselineopen,2021,6,17,9.1366,0,5.62592,Near-normal,0.3015292719193799,named in manuscript,2021-06-17,168,Open field,Open field - Near-normal (2021)
Spring Barley,weatherBaselineopen,2021,6,18,9.64964,0,5.47677,Near-normal,0.3015292719193799,named in manuscript,2021-06-18,169,Open field,Open field - Near-normal (2021)
Spring Barley,weatherBaselineopen,2021,6,19,10.13374,0,5.29178,Near-normal,0.3015292719193799,named in manuscript,2021-06-19,170,Open field,Open field - Near-normal (2021)
Spring Barley,weatherBaselineopen,2021,6,20,10.63307,0,5.16983,Near-normal,0.3015292719193799,named in manuscript,2021-06-20,171,Open field,Open field - Near-normal (2021)
Spring Barley,weatherBaselineopen,2021,6,21,11.05568,0,5.0861,Near-normal,0.3015292719193799,named in manuscript,2021-06-21,172,Open field,Open field - Near-normal (2021)
Spring Barley,weatherBaselineopen,2021,6,22,11.43696,0,5.02657,Near-normal,0.3015292719193799,named in manuscript,2021-06-22,173,Open field,Open field - Near-normal (2021)
Spring Barley,weatherBaselineopen,2021,6,23,11.84418754,0.00384754,4.98475,Near-normal,0.3015292719193799,named in manuscript,2021-06-23,174,Open field,Open field - Near-normal (2021)
Spring Barley,weatherBaselineopen,2021,6,24,12.2813667,0.0161467,4.95178,Near-normal,0.3015292719193799,named in manuscript,2021-06-24,175,Open field,Open field - Near-normal (2021)
Spring Barley,weatherBaselineopen,2021,6,25,12.5620098,0.0406698,4.91713,Near-normal,0.3015292719193799,named in manuscript,2021-06-25,176,Open field,Open field - Near-normal (2021)
Spring Barley,weatherBaselineopen,2001,1,1,0,0,0,Dry,-0.06155035266821581,named in manuscript,2001-01-01,1,Open field,Open field - Dry (2001)
Spring Barley,weatherBaselineopen,2001,1,2,0,0,0,Dry,-0.06155035266821581,named in manuscript,2001-01-02,2,Open field,Open field - Dry (2001)
Spring Barley,weatherBaselineopen,2001,1,3,0,0,0,Dry,-0.06155035266821581,named in manuscript,2001-01-03,3,Open field,Open field - Dry (2001)
Spring Barley,weatherBaselineopen,2001,1,4,0,0,0,Dry,-0.06155035266821581,named in manuscript,2001-01-04,4,Open field,Open field - Dry (2001)
Spring Barley,weatherBaselineopen,2001,1,5,0,0,0,Dry,-0.06155035266821581,named in manuscript,2001-01-05,5,Open field,Open field - Dry (2001)
Spring Barley,weatherBaselineopen,2001,1,6,0,0,0,Dry,-0.06155035266821581,named in manuscript,2001-01-06,6,Open field,Open field - Dry (2001)
Spring Barley,weatherBaselineopen,2001,1,7,0,0,0,Dry,-0.06155035266821581,named in manuscript,2001-01-07,7,Open field,Open field - Dry (2001)
Spring Barley,weatherBaselineopen,2001,1,8,0,0,0,Dry,-0.06155035266821581,named in manuscript,2001-01-08,8,Open field,Open field - Dry (2001)
Spring Barley,weatherBaselineopen,2001,1,9,0,0,0,Dry,-0.06155035266821581,named in manuscript,2001-01-09,9,Open field,Open field - Dry (2001)
Spring Barley,weatherBaselineopen,2001,1,10,0,0,0,Dry,-0.06155035266821581,named in manuscript,2001-01-10,10,Open field,Open field - Dry (2001)
Spring Barley,weatherBaselineopen,2001,1,11,0,0,0,Dry,-0.06155035266821581,named in manuscript,2001-01-11,11,Open field,Open field - Dry (2001)
Spring Barley,weatherBaselineopen,2001,1,12,0,0,0,Dry,-0.06155035266821581,named in manuscript,2001-01-12,12,Open field,Open field - Dry (2001)
Spring Barley,weatherBaselineopen,2001,1,13,0,0,0,Dry,-0.06155035266821581,named in manuscript,2001-01-13,13,Open field,Open field - Dry (2001)
Spring Barley,weatherBaselineopen,2001,1,14,0,0,0,Dry,-0.06155035266821581,named in manuscript,2001-01-14,14,Open field,Open field - Dry (2001)
Spring Barley,weatherBaselineopen,2001,1,15,0,0,0,Dry,-0.06155035266821581,named in manuscript,2001-01-15,15,Open field,Open field - Dry (2001)
Spring Barley,weatherBaselineopen,2001,1,16,0,0,0,Dry,-0.06155035266821581,named in manuscript,2001-01-16,16,Open field,Open field - Dry (2001)
Spring Barley,weatherBaselineopen,2001,1,17,0,0,0,Dry,-0.06155035266821581,named in manuscript,2001-01-17,17,Open field,Open field - Dry (2001)
Spring Barley,weatherBaselineopen,2001,1,18,0,0,0,Dry,-0.06155035266821581,named in manuscript,2001-01-18,18,Open field,Open field - Dry (2001)
Spring Barley,weatherBaselineopen,2001,1,19,0,0,0,Dry,-0.06155035266821581,named in manuscript,2001-01-19,19,Open field,Open field - Dry (2001)
Spring Barley,weatherBaselineopen,2001,1,20,0,0,0,Dry,-0.06155035266821581,named in manuscript,2001-01-20,20,Open field,Open field - Dry (2001)
Spring Barley,weatherBaselineopen,2001,1,21,0,0,0,Dry,-0.06155035266821581,named in manuscript,2001-01-21,21,Open field,Open field - Dry (2001)
Spring Barley,weatherBaselineopen,2001,1,22,0,0,0,Dry,-0.06155035266821581,named in manuscript,2001-01-22,22,Open field,Open field - Dry (2001)
Spring Barley,weatherBaselineopen,2001,1,23,0,0,0,Dry,-0.06155035266821581,named in manuscript,2001-01-23,23,Open field,Open field - Dry (2001)
Spring Barley,weatherBaselineopen,2001,1,24,0,0,0,Dry,-0.06155035266821581,named in manuscript,2001-01-24,24,Open field,Open field - Dry (2001)
Spring Barley,weatherBaselineopen,2001,1,25,0,0,0,Dry,-0.06155035266821581,named in manuscript,2001-01-25,25,Open field,Open field - Dry (2001)
Spring Barley,weatherBaselineopen,2001,1,26,0,0,0,Dry,-0.06155035266821581,named in manuscript,2001-01-26,26,Open field,Open field - Dry (2001)
Spring Barley,weatherBaselineopen,2001,1,27,0,0,0,Dry,-0.06155035266821581,named in manuscript,2001-01-27,27,Open field,Open field - Dry (2001)
Spring Barley,weatherBaselineopen,2001,1,28,0,0,0,Dry,-0.06155035266821581,named in manuscript,2001-01-28,28,Open field,Open field - Dry (2001)
Spring Barley,weatherBaselineopen,2001,1,29,0,0,0,Dry,-0.06155035266821581,named in manuscript,2001-01-29,29,Open field,Open field - Dry (2001)
Spring Barley,weatherBaselineopen,2001,1,30,0,0,0,Dry,-0.06155035266821581,named in manuscript,2001-01-30,30,Open field,Open field - Dry (2001)
Spring Barley,weatherBaselineopen,2001,1,31,0,0,0,Dry,-0.06155035266821581,named in manuscript,2001-01-31,31,Open field,Open field - Dry (2001)
Spring Barley,weatherBaselineopen,2001,2,1,0,0,0,Dry,-0.06155035266821581,named in manuscript,2001-02-01,32,Open field,Open field - Dry (2001)
Spring Barley,weatherBaselineopen,2001,2,2,0,0,0,Dry,-0.06155035266821581,named in manuscript,2001-02-02,33,Open field,Open field - Dry (2001)
Spring Barley,weatherBaselineopen,2001,2,3,0,0,0,Dry,-0.06155035266821581,named in manuscript,2001-02-03,34,Open field,Open field - Dry (2001)
Spring Barley,weatherBaselineopen,2001,2,4,0,0,0,Dry,-0.06155035266821581,named in manuscript,2001-02-04,35,Open field,Open field - Dry (2001)
Spring Barley,weatherBaselineopen,2001,2,5,0,0,0,Dry,-0.06155035266821581,named in manuscript,2001-02-05,36,Open field,Open field - Dry (2001)
Spring Barley,weatherBaselineopen,2001,2,6,0,0,0,Dry,-0.06155035266821581,named in manuscript,2001-02-06,37,Open field,Open field - Dry (2001)
Spring Barley,weatherBaselineopen,2001,2,7,0,0,0,Dry,-0.06155035266821581,named in manuscript,2001-02-07,38,Open field,Open field - Dry (2001)
Spring Barley,weatherBaselineopen,2001,2,8,0,0,0,Dry,-0.06155035266821581,named in manuscript,2001-02-08,39,Open field,Open field - Dry (2001)
Spring Barley,weatherBaselineopen,2001,2,9,0,0,0,Dry,-0.06155035266821581,named in manuscript,2001-02-09,40,Open field,Open field - Dry (2001)
Spring Barley,weatherBaselineopen,2001,2,10,0,0,0,Dry,-0.06155035266821581,named in manuscript,2001-02-10,41,Open field,Open field - Dry (2001)
Spring Barley,weatherBaselineopen,2001,2,11,0,0,0,Dry,-0.06155035266821581,named in manuscript,2001-02-11,42,Open field,Open field - Dry (2001)
Spring Barley,weatherBaselineopen,2001,2,12,0,0,0,Dry,-0.06155035266821581,named in manuscript,2001-02-12,43,Open field,Open field - Dry (2001)
Spring Barley,weatherBaselineopen,2001,2,13,0,0,0,Dry,-0.06155035266821581,named in manuscript,2001-02-13,44,Open field,Open field - Dry (2001)
Spring Barley,weatherBaselineopen,2001,2,14,0,0,0,Dry,-0.06155035266821581,named in manuscript,2001-02-14,45,Open field,Open field - Dry (2001)
Spring Barley,weatherBaselineopen,2001,2,15,0,0,0,Dry,-0.06155035266821581,named in manuscript,2001-02-15,46,Open field,Open field - Dry (2001)
Spring Barley,weatherBaselineopen,2001,2,16,0,0,0,Dry,-0.06155035266821581,named in manuscript,2001-02-16,47,Open field,Open field - Dry (2001)
Spring Barley,weatherBaselineopen,2001,2,17,0,0,0,Dry,-0.06155035266821581,named in manuscript,2001-02-17,48,Open field,Open field - Dry (2001)
Spring Barley,weatherBaselineopen,2001,2,18,0,0,0,Dry,-0.06155035266821581,named in manuscript,2001-02-18,49,Open field,Open field - Dry (2001)
Spring Barley,weatherBaselineopen,2001,2,19,0,0,0,Dry,-0.06155035266821581,named in manuscript,2001-02-19,50,Open field,Open field - Dry (2001)
Spring Barley,weatherBaselineopen,2001,2,20,0,0,0,Dry,-0.06155035266821581,named in manuscript,2001-02-20,51,Open field,Open field - Dry (2001)
Spring Barley,weatherBaselineopen,2001,2,21,0,0,0,Dry,-0.06155035266821581,named in manuscript,2001-02-21,52,Open field,Open field - Dry (2001)
Spring Barley,weatherBaselineopen,2001,2,22,0,0,0,Dry,-0.06155035266821581,named in manuscript,2001-02-22,53,Open field,Open field - Dry (2001)
Spring Barley,weatherBaselineopen,2001,2,23,0,0,0,Dry,-0.06155035266821581,named in manuscript,2001-02-23,54,Open field,Open field - Dry (2001)
Spring Barley,weatherBaselineopen,2001,2,24,0,0,0,Dry,-0.06155035266821581,named in manuscript,2001-02-24,55,Open field,Open field - Dry (2001)
Spring Barley,weatherBaselineopen,2001,2,25,0,0,0,Dry,-0.06155035266821581,named in manuscript,2001-02-25,56,Open field,Open field - Dry (2001)
Spring Barley,weatherBaselineopen,2001,2,26,0,0,0,Dry,-0.06155035266821581,named in manuscript,2001-02-26,57,Open field,Open field - Dry (2001)
Spring Barley,weatherBaselineopen,2001,2,27,0,0,0,Dry,-0.06155035266821581,named in manuscript,2001-02-27,58,Open field,Open field - Dry (2001)
Spring Barley,weatherBaselineopen,2001,2,28,0,0,0,Dry,-0.06155035266821581,named in manuscript,2001-02-28,59,Open field,Open field - Dry (2001)
Spring Barley,weatherBaselineopen,2001,3,1,0,0,0,Dry,-0.06155035266821581,named in manuscript,2001-03-01,60,Open field,Open field - Dry (2001)
Spring Barley,weatherBaselineopen,2001,3,2,0,0,0,Dry,-0.06155035266821581,named in manuscript,2001-03-02,61,Open field,Open field - Dry (2001)
Spring Barley,weatherBaselineopen,2001,3,3,0,0,0,Dry,-0.06155035266821581,named in manuscript,2001-03-03,62,Open field,Open field - Dry (2001)
Spring Barley,weatherBaselineopen,2001,3,4,0,0,0,Dry,-0.06155035266821581,named in manuscript,2001-03-04,63,Open field,Open field - Dry (2001)
Spring Barley,weatherBaselineopen,2001,3,5,0,0,0,Dry,-0.06155035266821581,named in manuscript,2001-03-05,64,Open field,Open field - Dry (2001)
Spring Barley,weatherBaselineopen,2001,3,6,0,0,0,Dry,-0.06155035266821581,named in manuscript,2001-03-06,65,Open field,Open field - Dry (2001)
Spring Barley,weatherBaselineopen,2001,3,7,0,0,0,Dry,-0.06155035266821581,named in manuscript,2001-03-07,66,Open field,Open field - Dry (2001)
Spring Barley,weatherBaselineopen,2001,3,8,0,0,0,Dry,-0.06155035266821581,named in manuscript,2001-03-08,67,Open field,Open field - Dry (2001)
Spring Barley,weatherBaselineopen,2001,3,9,0,0,0,Dry,-0.06155035266821581,named in manuscript,2001-03-09,68,Open field,Open field - Dry (2001)
Spring Barley,weatherBaselineopen,2001,3,10,0,0,0,Dry,-0.06155035266821581,named in manuscript,2001-03-10,69,Open field,Open field - Dry (2001)
Spring Barley,weatherBaselineopen,2001,3,11,0,0,0,Dry,-0.06155035266821581,named in manuscript,2001-03-11,70,Open field,Open field - Dry (2001)
Spring Barley,weatherBaselineopen,2001,3,12,0,0,0,Dry,-0.06155035266821581,named in manuscript,2001-03-12,71,Open field,Open field - Dry (2001)
Spring Barley,weatherBaselineopen,2001,3,13,0,0,0,Dry,-0.06155035266821581,named in manuscript,2001-03-13,72,Open field,Open field - Dry (2001)
Spring Barley,weatherBaselineopen,2001,3,14,0,0,0,Dry,-0.06155035266821581,named in manuscript,2001-03-14,73,Open field,Open field - Dry (2001)
Spring Barley,weatherBaselineopen,2001,3,15,0,0,0,Dry,-0.06155035266821581,named in manuscript,2001-03-15,74,Open field,Open field - Dry (2001)
Spring Barley,weatherBaselineopen,2001,3,16,0,0,0,Dry,-0.06155035266821581,named in manuscript,2001-03-16,75,Open field,Open field - Dry (2001)
Spring Barley,weatherBaselineopen,2001,3,17,0,0,0,Dry,-0.06155035266821581,named in manuscript,2001-03-17,76,Open field,Open field - Dry (2001)
Spring Barley,weatherBaselineopen,2001,3,18,0,0,0,Dry,-0.06155035266821581,named in manuscript,2001-03-18,77,Open field,Open field - Dry (2001)
Spring Barley,weatherBaselineopen,2001,3,19,0,0,0,Dry,-0.06155035266821581,named in manuscript,2001-03-19,78,Open field,Open field - Dry (2001)
Spring Barley,weatherBaselineopen,2001,3,20,0,0,0,Dry,-0.06155035266821581,named in manuscript,2001-03-20,79,Open field,Open field - Dry (2001)
Spring Barley,weatherBaselineopen,2001,3,21,0,0,0,Dry,-0.06155035266821581,named in manuscript,2001-03-21,80,Open field,Open field - Dry (2001)
Spring Barley,weatherBaselineopen,2001,3,22,0,0,0,Dry,-0.06155035266821581,named in manuscript,2001-03-22,81,Open field,Open field - Dry (2001)
Spring Barley,weatherBaselineopen,2001,3,23,0,0,0,Dry,-0.06155035266821581,named in manuscript,2001-03-23,82,Open field,Open field - Dry (2001)
Spring Barley,weatherBaselineopen,2001,3,24,0,0,0,Dry,-0.06155035266821581,named in manuscript,2001-03-24,83,Open field,Open field - Dry (2001)
Spring Barley,weatherBaselineopen,2001,3,25,0,0,0,Dry,-0.06155035266821581,named in manuscript,2001-03-25,84,Open field,Open field - Dry (2001)
Spring Barley,weatherBaselineopen,2001,3,26,1e-5,0,0,Dry,-0.06155035266821581,named in manuscript,2001-03-26,85,Open field,Open field - Dry (2001)
Spring Barley,weatherBaselineopen,2001,3,27,1e-5,0,0,Dry,-0.06155035266821581,named in manuscript,2001-03-27,86,Open field,Open field - Dry (2001)
Spring Barley,weatherBaselineopen,2001,3,28,1e-5,0,0,Dry,-0.06155035266821581,named in manuscript,2001-03-28,87,Open field,Open field - Dry (2001)
Spring Barley,weatherBaselineopen,2001,3,29,1e-5,0,0,Dry,-0.06155035266821581,named in manuscript,2001-03-29,88,Open field,Open field - Dry (2001)
Spring Barley,weatherBaselineopen,2001,3,30,1e-5,0,0,Dry,-0.06155035266821581,named in manuscript,2001-03-30,89,Open field,Open field - Dry (2001)
Spring Barley,weatherBaselineopen,2001,3,31,1e-5,0,0,Dry,-0.06155035266821581,named in manuscript,2001-03-31,90,Open field,Open field - Dry (2001)
Spring Barley,weatherBaselineopen,2001,4,1,1e-5,0,0,Dry,-0.06155035266821581,named in manuscript,2001-04-01,91,Open field,Open field - Dry (2001)
Spring Barley,weatherBaselineopen,2001,4,2,1e-5,0,0,Dry,-0.06155035266821581,named in manuscript,2001-04-02,92,Open field,Open field - Dry (2001)
Spring Barley,weatherBaselineopen,2001,4,3,1e-5,0,0,Dry,-0.06155035266821581,named in manuscript,2001-04-03,93,Open field,Open field - Dry (2001)
Spring Barley,weatherBaselineopen,2001,4,4,1e-5,0,0,Dry,-0.06155035266821581,named in manuscript,2001-04-04,94,Open field,Open field - Dry (2001)
Spring Barley,weatherBaselineopen,2001,4,5,1e-5,0,0,Dry,-0.06155035266821581,named in manuscript,2001-04-05,95,Open field,Open field - Dry (2001)
Spring Barley,weatherBaselineopen,2001,4,6,1e-5,0,0,Dry,-0.06155035266821581,named in manuscript,2001-04-06,96,Open field,Open field - Dry (2001)
Spring Barley,weatherBaselineopen,2001,4,7,1e-5,0,0,Dry,-0.06155035266821581,named in manuscript,2001-04-07,97,Open field,Open field - Dry (2001)
Spring Barley,weatherBaselineopen,2001,4,8,1e-5,0,0,Dry,-0.06155035266821581,named in manuscript,2001-04-08,98,Open field,Open field - Dry (2001)
Spring Barley,weatherBaselineopen,2001,4,9,1e-5,0,0,Dry,-0.06155035266821581,named in manuscript,2001-04-09,99,Open field,Open field - Dry (2001)
Spring Barley,weatherBaselineopen,2001,4,10,1e-5,0,0,Dry,-0.06155035266821581,named in manuscript,2001-04-10,100,Open field,Open field - Dry (2001)
Spring Barley,weatherBaselineopen,2001,4,11,1e-5,0,0,Dry,-0.06155035266821581,named in manuscript,2001-04-11,101,Open field,Open field - Dry (2001)
Spring Barley,weatherBaselineopen,2001,4,12,1e-5,0,0,Dry,-0.06155035266821581,named in manuscript,2001-04-12,102,Open field,Open field - Dry (2001)
Spring Barley,weatherBaselineopen,2001,4,13,1e-5,0,0,Dry,-0.06155035266821581,named in manuscript,2001-04-13,103,Open field,Open field - Dry (2001)
Spring Barley,weatherBaselineopen,2001,4,14,1e-5,0,0,Dry,-0.06155035266821581,named in manuscript,2001-04-14,104,Open field,Open field - Dry (2001)
Spring Barley,weatherBaselineopen,2001,4,15,1e-5,0,0,Dry,-0.06155035266821581,named in manuscript,2001-04-15,105,Open field,Open field - Dry (2001)
Spring Barley,weatherBaselineopen,2001,4,16,1e-5,0,0,Dry,-0.06155035266821581,named in manuscript,2001-04-16,106,Open field,Open field - Dry (2001)
Spring Barley,weatherBaselineopen,2001,4,17,1e-5,0,0,Dry,-0.06155035266821581,named in manuscript,2001-04-17,107,Open field,Open field - Dry (2001)
Spring Barley,weatherBaselineopen,2001,4,18,1e-5,0,0,Dry,-0.06155035266821581,named in manuscript,2001-04-18,108,Open field,Open field - Dry (2001)
Spring Barley,weatherBaselineopen,2001,4,19,1e-5,0,0,Dry,-0.06155035266821581,named in manuscript,2001-04-19,109,Open field,Open field - Dry (2001)
Spring Barley,weatherBaselineopen,2001,4,20,1e-5,0,0,Dry,-0.06155035266821581,named in manuscript,2001-04-20,110,Open field,Open field - Dry (2001)
Spring Barley,weatherBaselineopen,2001,4,21,1e-5,0,0,Dry,-0.06155035266821581,named in manuscript,2001-04-21,111,Open field,Open field - Dry (2001)
Spring Barley,weatherBaselineopen,2001,4,22,1e-5,0,0,Dry,-0.06155035266821581,named in manuscript,2001-04-22,112,Open field,Open field - Dry (2001)
Spring Barley,weatherBaselineopen,2001,4,23,1e-5,0,0,Dry,-0.06155035266821581,named in manuscript,2001-04-23,113,Open field,Open field - Dry (2001)
Spring Barley,weatherBaselineopen,2001,4,24,1e-5,0,0,Dry,-0.06155035266821581,named in manuscript,2001-04-24,114,Open field,Open field - Dry (2001)
Spring Barley,weatherBaselineopen,2001,4,25,0.0014169371,0,0.109097,Dry,-0.06155035266821581,named in manuscript,2001-04-25,115,Open field,Open field - Dry (2001)
Spring Barley,weatherBaselineopen,2001,4,26,0.0036572523,0,0.109097,Dry,-0.06155035266821581,named in manuscript,2001-04-26,116,Open field,Open field - Dry (2001)
Spring Barley,weatherBaselineopen,2001,4,27,0.006387055,0,0.117217,Dry,-0.06155035266821581,named in manuscript,2001-04-27,117,Open field,Open field - Dry (2001)
Spring Barley,weatherBaselineopen,2001,4,28,0.008859295,0,0.118728,Dry,-0.06155035266821581,named in manuscript,2001-04-28,118,Open field,Open field - Dry (2001)
Spring Barley,weatherBaselineopen,2001,4,29,0.01145676,0,0.121385,Dry,-0.06155035266821581,named in manuscript,2001-04-29,119,Open field,Open field - Dry (2001)
Spring Barley,weatherBaselineopen,2001,4,30,0.014691577,0,0.122577,Dry,-0.06155035266821581,named in manuscript,2001-04-30,120,Open field,Open field - Dry (2001)
Spring Barley,weatherBaselineopen,2001,5,1,0.018432829,0,0.130034,Dry,-0.06155035266821581,named in manuscript,2001-05-01,121,Open field,Open field - Dry (2001)
Spring Barley,weatherBaselineopen,2001,5,2,0.022880329999999997,0,0.150055,Dry,-0.06155035266821581,named in manuscript,2001-05-02,122,Open field,Open field - Dry (2001)
Spring Barley,weatherBaselineopen,2001,5,3,0.02854224,0,0.160983,Dry,-0.06155035266821581,named in manuscript,2001-05-03,123,Open field,Open field - Dry (2001)
Spring Barley,weatherBaselineopen,2001,5,4,0.03475797,0,0.188637,Dry,-0.06155035266821581,named in manuscript,2001-05-04,124,Open field,Open field - Dry (2001)
Spring Barley,weatherBaselineopen,2001,5,5,0.04090444,0,0.212012,Dry,-0.06155035266821581,named in manuscript,2001-05-05,125,Open field,Open field - Dry (2001)
Spring Barley,weatherBaselineopen,2001,5,6,0.047392489999999995,0,0.225758,Dry,-0.06155035266821581,named in manuscript,2001-05-06,126,Open field,Open field - Dry (2001)
Spring Barley,weatherBaselineopen,2001,5,7,0.05500266,0,0.235632,Dry,-0.06155035266821581,named in manuscript,2001-05-07,127,Open field,Open field - Dry (2001)
Spring Barley,weatherBaselineopen,2001,5,8,0.06357669,0,0.263508,Dry,-0.06155035266821581,named in manuscript,2001-05-08,128,Open field,Open field - Dry (2001)
Spring Barley,weatherBaselineopen,2001,5,9,0.07399532,0,0.292778,Dry,-0.06155035266821581,named in manuscript,2001-05-09,129,Open field,Open field - Dry (2001)
Spring Barley,weatherBaselineopen,2001,5,10,0.08881393,0,0.337125,Dry,-0.06155035266821581,named in manuscript,2001-05-10,130,Open field,Open field - Dry (2001)
Spring Barley,weatherBaselineopen,2001,5,11,0.1079458,0,0.382259,Dry,-0.06155035266821581,named in manuscript,2001-05-11,131,Open field,Open field - Dry (2001)
Spring Barley,weatherBaselineopen,2001,5,12,0.13225409999999999,0,0.467619,Dry,-0.06155035266821581,named in manuscript,2001-05-12,132,Open field,Open field - Dry (2001)
Spring Barley,weatherBaselineopen,2001,5,13,0.1625286,0,0.560077,Dry,-0.06155035266821581,named in manuscript,2001-05-13,133,Open field,Open field - Dry (2001)
Spring Barley,weatherBaselineopen,2001,5,14,0.1956859,0,0.64299,Dry,-0.06155035266821581,named in manuscript,2001-05-14,134,Open field,Open field - Dry (2001)
Spring Barley,weatherBaselineopen,2001,5,15,0.2783066,0,0.698029,Dry,-0.06155035266821581,named in manuscript,2001-05-15,135,Open field,Open field - Dry (2001)
Spring Barley,weatherBaselineopen,2001,5,16,0.36458969999999996,0,0.750361,Dry,-0.06155035266821581,named in manuscript,2001-05-16,136,Open field,Open field - Dry (2001)
Spring Barley,weatherBaselineopen,2001,5,17,0.448383,0,0.867871,Dry,-0.06155035266821581,named in manuscript,2001-05-17,137,Open field,Open field - Dry (2001)
Spring Barley,weatherBaselineopen,2001,5,18,0.5498730000000001,0,1.04205,Dry,-0.06155035266821581,named in manuscript,2001-05-18,138,Open field,Open field - Dry (2001)
Spring Barley,weatherBaselineopen,2001,5,19,0.646791,0,1.25046,Dry,-0.06155035266821581,named in manuscript,2001-05-19,139,Open field,Open field - Dry (2001)
Spring Barley,weatherBaselineopen,2001,5,20,0.7678210000000001,0,1.44524,Dry,-0.06155035266821581,named in manuscript,2001-05-20,140,Open field,Open field - Dry (2001)
Spring Barley,weatherBaselineopen,2001,5,21,0.92138,0,1.69168,Dry,-0.06155035266821581,named in manuscript,2001-05-21,141,Open field,Open field - Dry (2001)
Spring Barley,weatherBaselineopen,2001,5,22,1.115372,0,1.99875,Dry,-0.06155035266821581,named in manuscript,2001-05-22,142,Open field,Open field - Dry (2001)
Spring Barley,weatherBaselineopen,2001,5,23,1.340935,0,2.38283,Dry,-0.06155035266821581,named in manuscript,2001-05-23,143,Open field,Open field - Dry (2001)
Spring Barley,weatherBaselineopen,2001,5,24,1.60274,0,2.82327,Dry,-0.06155035266821581,named in manuscript,2001-05-24,144,Open field,Open field - Dry (2001)
Spring Barley,weatherBaselineopen,2001,5,25,1.8799519999999998,0,3.31157,Dry,-0.06155035266821581,named in manuscript,2001-05-25,145,Open field,Open field - Dry (2001)
Spring Barley,weatherBaselineopen,2001,5,26,2.208243,0,3.8319,Dry,-0.06155035266821581,named in manuscript,2001-05-26,146,Open field,Open field - Dry (2001)
Spring Barley,weatherBaselineopen,2001,5,27,2.562717,0,4.45769,Dry,-0.06155035266821581,named in manuscript,2001-05-27,147,Open field,Open field - Dry (2001)
Spring Barley,weatherBaselineopen,2001,5,28,2.92611436,0,5.10153,Dry,-0.06155035266821581,named in manuscript,2001-05-28,148,Open field,Open field - Dry (2001)
Spring Barley,weatherBaselineopen,2001,5,29,3.2251695000000002,0,5.72222,Dry,-0.06155035266821581,named in manuscript,2001-05-29,149,Open field,Open field - Dry (2001)
Spring Barley,weatherBaselineopen,2001,5,30,3.4297937999999997,0,6.06633,Dry,-0.06155035266821581,named in manuscript,2001-05-30,150,Open field,Open field - Dry (2001)
Spring Barley,weatherBaselineopen,2001,5,31,3.563494,0,6.12913,Dry,-0.06155035266821581,named in manuscript,2001-05-31,151,Open field,Open field - Dry (2001)
Spring Barley,weatherBaselineopen,2001,6,1,3.729598,0,6.07365,Dry,-0.06155035266821581,named in manuscript,2001-06-01,152,Open field,Open field - Dry (2001)
Spring Barley,weatherBaselineopen,2001,6,2,3.920446,0,6.08189,Dry,-0.06155035266821581,named in manuscript,2001-06-02,153,Open field,Open field - Dry (2001)
Spring Barley,weatherBaselineopen,2001,6,3,4.073362,0,6.13036,Dry,-0.06155035266821581,named in manuscript,2001-06-03,154,Open field,Open field - Dry (2001)
Spring Barley,weatherBaselineopen,2001,6,4,4.1660070000000005,0,6.07386,Dry,-0.06155035266821581,named in manuscript,2001-06-04,155,Open field,Open field - Dry (2001)
Spring Barley,weatherBaselineopen,2001,6,5,4.312467,0,5.95221,Dry,-0.06155035266821581,named in manuscript,2001-06-05,156,Open field,Open field - Dry (2001)
Spring Barley,weatherBaselineopen,2001,6,6,4.504101,0,5.95135,Dry,-0.06155035266821581,named in manuscript,2001-06-06,157,Open field,Open field - Dry (2001)
Spring Barley,weatherBaselineopen,2001,6,7,4.74656,0,6.00789,Dry,-0.06155035266821581,named in manuscript,2001-06-07,158,Open field,Open field - Dry (2001)
Spring Barley,weatherBaselineopen,2001,6,8,4.968716,0,6.10574,Dry,-0.06155035266821581,named in manuscript,2001-06-08,159,Open field,Open field - Dry (2001)
Spring Barley,weatherBaselineopen,2001,6,9,5.212619,0,6.15121,Dry,-0.06155035266821581,named in manuscript,2001-06-09,160,Open field,Open field - Dry (2001)
Spring Barley,weatherBaselineopen,2001,6,10,5.4706909999999995,0,6.2012,Dry,-0.06155035266821581,named in manuscript,2001-06-10,161,Open field,Open field - Dry (2001)
Spring Barley,weatherBaselineopen,2001,6,11,5.725751999999999,0,6.23731,Dry,-0.06155035266821581,named in manuscript,2001-06-11,162,Open field,Open field - Dry (2001)
Spring Barley,weatherBaselineopen,2001,6,12,5.96799,0,6.2668,Dry,-0.06155035266821581,named in manuscript,2001-06-12,163,Open field,Open field - Dry (2001)
Spring Barley,weatherBaselineopen,2001,6,13,6.253006,0,6.25001,Dry,-0.06155035266821581,named in manuscript,2001-06-13,164,Open field,Open field - Dry (2001)
Spring Barley,weatherBaselineopen,2001,6,14,6.570282,0,6.27789,Dry,-0.06155035266821581,named in manuscript,2001-06-14,165,Open field,Open field - Dry (2001)
Spring Barley,weatherBaselineopen,2001,6,15,6.87216,0,6.29233,Dry,-0.06155035266821581,named in manuscript,2001-06-15,166,Open field,Open field - Dry (2001)
Spring Barley,weatherBaselineopen,2001,6,16,7.2093680000000004,0,6.2411,Dry,-0.06155035266821581,named in manuscript,2001-06-16,167,Open field,Open field - Dry (2001)
Spring Barley,weatherBaselineopen,2001,6,17,7.533644000000001,0,6.19442,Dry,-0.06155035266821581,named in manuscript,2001-06-17,168,Open field,Open field - Dry (2001)
Spring Barley,weatherBaselineopen,2001,6,18,7.904967,0,6.08966,Dry,-0.06155035266821581,named in manuscript,2001-06-18,169,Open field,Open field - Dry (2001)
Spring Barley,weatherBaselineopen,2001,6,19,8.360835999999999,0,6.00443,Dry,-0.06155035266821581,named in manuscript,2001-06-19,170,Open field,Open field - Dry (2001)
Spring Barley,weatherBaselineopen,2001,6,20,8.80174,0,5.93233,Dry,-0.06155035266821581,named in manuscript,2001-06-20,171,Open field,Open field - Dry (2001)
Spring Barley,weatherBaselineopen,2001,6,21,9.15507,0,5.82179,Dry,-0.06155035266821581,named in manuscript,2001-06-21,172,Open field,Open field - Dry (2001)
Spring Barley,weatherBaselineopen,2001,6,22,9.46701,0,5.66585,Dry,-0.06155035266821581,named in manuscript,2001-06-22,173,Open field,Open field - Dry (2001)
Spring Barley,weatherBaselineopen,2001,6,23,9.758,0,5.51769,Dry,-0.06155035266821581,named in manuscript,2001-06-23,174,Open field,Open field - Dry (2001)
Spring Barley,weatherBaselineopen,2001,6,24,10.1512,0,5.37981,Dry,-0.06155035266821581,named in manuscript,2001-06-24,175,Open field,Open field - Dry (2001)
Spring Barley,weatherBaselineopen,2001,6,25,10.57553,0,5.2695,Dry,-0.06155035266821581,named in manuscript,2001-06-25,176,Open field,Open field - Dry (2001)
Spring Barley,weatherRad0Center,2021,1,1,0,0,0,Near-normal,0.3015292719193799,named in manuscript,2021-01-01,1,VAPV (Rad 0%),VAPV (Rad 0%) - Near-normal (2021)
Spring Barley,weatherRad0Center,2021,1,2,0,0,0,Near-normal,0.3015292719193799,named in manuscript,2021-01-02,2,VAPV (Rad 0%),VAPV (Rad 0%) - Near-normal (2021)
Spring Barley,weatherRad0Center,2021,1,3,0,0,0,Near-normal,0.3015292719193799,named in manuscript,2021-01-03,3,VAPV (Rad 0%),VAPV (Rad 0%) - Near-normal (2021)
Spring Barley,weatherRad0Center,2021,1,4,0,0,0,Near-normal,0.3015292719193799,named in manuscript,2021-01-04,4,VAPV (Rad 0%),VAPV (Rad 0%) - Near-normal (2021)
Spring Barley,weatherRad0Center,2021,1,5,0,0,0,Near-normal,0.3015292719193799,named in manuscript,2021-01-05,5,VAPV (Rad 0%),VAPV (Rad 0%) - Near-normal (2021)
Spring Barley,weatherRad0Center,2021,1,6,0,0,0,Near-normal,0.3015292719193799,named in manuscript,2021-01-06,6,VAPV (Rad 0%),VAPV (Rad 0%) - Near-normal (2021)
Spring Barley,weatherRad0Center,2021,1,7,0,0,0,Near-normal,0.3015292719193799,named in manuscript,2021-01-07,7,VAPV (Rad 0%),VAPV (Rad 0%) - Near-normal (2021)
Spring Barley,weatherRad0Center,2021,1,8,0,0,0,Near-normal,0.3015292719193799,named in manuscript,2021-01-08,8,VAPV (Rad 0%),VAPV (Rad 0%) - Near-normal (2021)
Spring Barley,weatherRad0Center,2021,1,9,0,0,0,Near-normal,0.3015292719193799,named in manuscript,2021-01-09,9,VAPV (Rad 0%),VAPV (Rad 0%) - Near-normal (2021)
Spring Barley,weatherRad0Center,2021,1,10,0,0,0,Near-normal,0.3015292719193799,named in manuscript,2021-01-10,10,VAPV (Rad 0%),VAPV (Rad 0%) - Near-normal (2021)
Spring Barley,weatherRad0Center,2021,1,11,0,0,0,Near-normal,0.3015292719193799,named in manuscript,2021-01-11,11,VAPV (Rad 0%),VAPV (Rad 0%) - Near-normal (2021)
Spring Barley,weatherRad0Center,2021,1,12,0,0,0,Near-normal,0.3015292719193799,named in manuscript,2021-01-12,12,VAPV (Rad 0%),VAPV (Rad 0%) - Near-normal (2021)
Spring Barley,weatherRad0Center,2021,1,13,0,0,0,Near-normal,0.3015292719193799,named in manuscript,2021-01-13,13,VAPV (Rad 0%),VAPV (Rad 0%) - Near-normal (2021)
Spring Barley,weatherRad0Center,2021,1,14,0,0,0,Near-normal,0.3015292719193799,named in manuscript,2021-01-14,14,VAPV (Rad 0%),VAPV (Rad 0%) - Near-normal (2021)
Spring Barley,weatherRad0Center,2021,1,15,0,0,0,Near-normal,0.3015292719193799,named in manuscript,2021-01-15,15,VAPV (Rad 0%),VAPV (Rad 0%) - Near-normal (2021)
Spring Barley,weatherRad0Center,2021,1,16,0,0,0,Near-normal,0.3015292719193799,named in manuscript,2021-01-16,16,VAPV (Rad 0%),VAPV (Rad 0%) - Near-normal (2021)
Spring Barley,weatherRad0Center,2021,1,17,0,0,0,Near-normal,0.3015292719193799,named in manuscript,2021-01-17,17,VAPV (Rad 0%),VAPV (Rad 0%) - Near-normal (2021)
Spring Barley,weatherRad0Center,2021,1,18,0,0,0,Near-normal,0.3015292719193799,named in manuscript,2021-01-18,18,VAPV (Rad 0%),VAPV (Rad 0%) - Near-normal (2021)
Spring Barley,weatherRad0Center,2021,1,19,0,0,0,Near-normal,0.3015292719193799,named in manuscript,2021-01-19,19,VAPV (Rad 0%),VAPV (Rad 0%) - Near-normal (2021)
Spring Barley,weatherRad0Center,2021,1,20,0,0,0,Near-normal,0.3015292719193799,named in manuscript,2021-01-20,20,VAPV (Rad 0%),VAPV (Rad 0%) - Near-normal (2021)
Spring Barley,weatherRad0Center,2021,1,21,0,0,0,Near-normal,0.3015292719193799,named in manuscript,2021-01-21,21,VAPV (Rad 0%),VAPV (Rad 0%) - Near-normal (2021)
Spring Barley,weatherRad0Center,2021,1,22,0,0,0,Near-normal,0.3015292719193799,named in manuscript,2021-01-22,22,VAPV (Rad 0%),VAPV (Rad 0%) - Near-normal (2021)
Spring Barley,weatherRad0Center,2021,1,23,0,0,0,Near-normal,0.3015292719193799,named in manuscript,2021-01-23,23,VAPV (Rad 0%),VAPV (Rad 0%) - Near-normal (2021)
Spring Barley,weatherRad0Center,2021,1,24,0,0,0,Near-normal,0.3015292719193799,named in manuscript,2021-01-24,24,VAPV (Rad 0%),VAPV (Rad 0%) - Near-normal (2021)
Spring Barley,weatherRad0Center,2021,1,25,0,0,0,Near-normal,0.3015292719193799,named in manuscript,2021-01-25,25,VAPV (Rad 0%),VAPV (Rad 0%) - Near-normal (2021)
Spring Barley,weatherRad0Center,2021,1,26,0,0,0,Near-normal,0.3015292719193799,named in manuscript,2021-01-26,26,VAPV (Rad 0%),VAPV (Rad 0%) - Near-normal (2021)
Spring Barley,weatherRad0Center,2021,1,27,0,0,0,Near-normal,0.3015292719193799,named in manuscript,2021-01-27,27,VAPV (Rad 0%),VAPV (Rad 0%) - Near-normal (2021)
Spring Barley,weatherRad0Center,2021,1,28,0,0,0,Near-normal,0.3015292719193799,named in manuscript,2021-01-28,28,VAPV (Rad 0%),VAPV (Rad 0%) - Near-normal (2021)
Spring Barley,weatherRad0Center,2021,1,29,0,0,0,Near-normal,0.3015292719193799,named in manuscript,2021-01-29,29,VAPV (Rad 0%),VAPV (Rad 0%) - Near-normal (2021)
Spring Barley,weatherRad0Center,2021,1,30,0,0,0,Near-normal,0.3015292719193799,named in manuscript,2021-01-30,30,VAPV (Rad 0%),VAPV (Rad 0%) - Near-normal (2021)
Spring Barley,weatherRad0Center,2021,1,31,0,0,0,Near-normal,0.3015292719193799,named in manuscript,2021-01-31,31,VAPV (Rad 0%),VAPV (Rad 0%) - Near-normal (2021)
Spring Barley,weatherRad0Center,2021,2,1,0,0,0,Near-normal,0.3015292719193799,named in manuscript,2021-02-01,32,VAPV (Rad 0%),VAPV (Rad 0%) - Near-normal (2021)
Spring Barley,weatherRad0Center,2021,2,2,0,0,0,Near-normal,0.3015292719193799,named in manuscript,2021-02-02,33,VAPV (Rad 0%),VAPV (Rad 0%) - Near-normal (2021)
Spring Barley,weatherRad0Center,2021,2,3,0,0,0,Near-normal,0.3015292719193799,named in manuscript,2021-02-03,34,VAPV (Rad 0%),VAPV (Rad 0%) - Near-normal (2021)
Spring Barley,weatherRad0Center,2021,2,4,0,0,0,Near-normal,0.3015292719193799,named in manuscript,2021-02-04,35,VAPV (Rad 0%),VAPV (Rad 0%) - Near-normal (2021)
Spring Barley,weatherRad0Center,2021,2,5,0,0,0,Near-normal,0.3015292719193799,named in manuscript,2021-02-05,36,VAPV (Rad 0%),VAPV (Rad 0%) - Near-normal (2021)
Spring Barley,weatherRad0Center,2021,2,6,0,0,0,Near-normal,0.3015292719193799,named in manuscript,2021-02-06,37,VAPV (Rad 0%),VAPV (Rad 0%) - Near-normal (2021)
Spring Barley,weatherRad0Center,2021,2,7,0,0,0,Near-normal,0.3015292719193799,named in manuscript,2021-02-07,38,VAPV (Rad 0%),VAPV (Rad 0%) - Near-normal (2021)
Spring Barley,weatherRad0Center,2021,2,8,0,0,0,Near-normal,0.3015292719193799,named in manuscript,2021-02-08,39,VAPV (Rad 0%),VAPV (Rad 0%) - Near-normal (2021)
Spring Barley,weatherRad0Center,2021,2,9,0,0,0,Near-normal,0.3015292719193799,named in manuscript,2021-02-09,40,VAPV (Rad 0%),VAPV (Rad 0%) - Near-normal (2021)
Spring Barley,weatherRad0Center,2021,2,10,0,0,0,Near-normal,0.3015292719193799,named in manuscript,2021-02-10,41,VAPV (Rad 0%),VAPV (Rad 0%) - Near-normal (2021)
Spring Barley,weatherRad0Center,2021,2,11,0,0,0,Near-normal,0.3015292719193799,named in manuscript,2021-02-11,42,VAPV (Rad 0%),VAPV (Rad 0%) - Near-normal (2021)
Spring Barley,weatherRad0Center,2021,2,12,0,0,0,Near-normal,0.3015292719193799,named in manuscript,2021-02-12,43,VAPV (Rad 0%),VAPV (Rad 0%) - Near-normal (2021)
Spring Barley,weatherRad0Center,2021,2,13,0,0,0,Near-normal,0.3015292719193799,named in manuscript,2021-02-13,44,VAPV (Rad 0%),VAPV (Rad 0%) - Near-normal (2021)
Spring Barley,weatherRad0Center,2021,2,14,0,0,0,Near-normal,0.3015292719193799,named in manuscript,2021-02-14,45,VAPV (Rad 0%),VAPV (Rad 0%) - Near-normal (2021)
Spring Barley,weatherRad0Center,2021,2,15,0,0,0,Near-normal,0.3015292719193799,named in manuscript,2021-02-15,46,VAPV (Rad 0%),VAPV (Rad 0%) - Near-normal (2021)
Spring Barley,weatherRad0Center,2021,2,16,0,0,0,Near-normal,0.3015292719193799,named in manuscript,2021-02-16,47,VAPV (Rad 0%),VAPV (Rad 0%) - Near-normal (2021)
Spring Barley,weatherRad0Center,2021,2,17,0,0,0,Near-normal,0.3015292719193799,named in manuscript,2021-02-17,48,VAPV (Rad 0%),VAPV (Rad 0%) - Near-normal (2021)
Spring Barley,weatherRad0Center,2021,2,18,0,0,0,Near-normal,0.3015292719193799,named in manuscript,2021-02-18,49,VAPV (Rad 0%),VAPV (Rad 0%) - Near-normal (2021)
Spring Barley,weatherRad0Center,2021,2,19,0,0,0,Near-normal,0.3015292719193799,named in manuscript,2021-02-19,50,VAPV (Rad 0%),VAPV (Rad 0%) - Near-normal (2021)
Spring Barley,weatherRad0Center,2021,2,20,0,0,0,Near-normal,0.3015292719193799,named in manuscript,2021-02-20,51,VAPV (Rad 0%),VAPV (Rad 0%) - Near-normal (2021)
Spring Barley,weatherRad0Center,2021,2,21,0,0,0,Near-normal,0.3015292719193799,named in manuscript,2021-02-21,52,VAPV (Rad 0%),VAPV (Rad 0%) - Near-normal (2021)
Spring Barley,weatherRad0Center,2021,2,22,0,0,0,Near-normal,0.3015292719193799,named in manuscript,2021-02-22,53,VAPV (Rad 0%),VAPV (Rad 0%) - Near-normal (2021)
Spring Barley,weatherRad0Center,2021,2,23,0,0,0,Near-normal,0.3015292719193799,named in manuscript,2021-02-23,54,VAPV (Rad 0%),VAPV (Rad 0%) - Near-normal (2021)
Spring Barley,weatherRad0Center,2021,2,24,0,0,0,Near-normal,0.3015292719193799,named in manuscript,2021-02-24,55,VAPV (Rad 0%),VAPV (Rad 0%) - Near-normal (2021)
Spring Barley,weatherRad0Center,2021,2,25,0,0,0,Near-normal,0.3015292719193799,named in manuscript,2021-02-25,56,VAPV (Rad 0%),VAPV (Rad 0%) - Near-normal (2021)
Spring Barley,weatherRad0Center,2021,2,26,0,0,0,Near-normal,0.3015292719193799,named in manuscript,2021-02-26,57,VAPV (Rad 0%),VAPV (Rad 0%) - Near-normal (2021)
Spring Barley,weatherRad0Center,2021,2,27,0,0,0,Near-normal,0.3015292719193799,named in manuscript,2021-02-27,58,VAPV (Rad 0%),VAPV (Rad 0%) - Near-normal (2021)
Spring Barley,weatherRad0Center,2021,2,28,0,0,0,Near-normal,0.3015292719193799,named in manuscript,2021-02-28,59,VAPV (Rad 0%),VAPV (Rad 0%) - Near-normal (2021)
Spring Barley,weatherRad0Center,2021,3,1,0,0,0,Near-normal,0.3015292719193799,named in manuscript,2021-03-01,60,VAPV (Rad 0%),VAPV (Rad 0%) - Near-normal (2021)
Spring Barley,weatherRad0Center,2021,3,2,0,0,0,Near-normal,0.3015292719193799,named in manuscript,2021-03-02,61,VAPV (Rad 0%),VAPV (Rad 0%) - Near-normal (2021)
Spring Barley,weatherRad0Center,2021,3,3,0,0,0,Near-normal,0.3015292719193799,named in manuscript,2021-03-03,62,VAPV (Rad 0%),VAPV (Rad 0%) - Near-normal (2021)
Spring Barley,weatherRad0Center,2021,3,4,0,0,0,Near-normal,0.3015292719193799,named in manuscript,2021-03-04,63,VAPV (Rad 0%),VAPV (Rad 0%) - Near-normal (2021)
Spring Barley,weatherRad0Center,2021,3,5,0,0,0,Near-normal,0.3015292719193799,named in manuscript,2021-03-05,64,VAPV (Rad 0%),VAPV (Rad 0%) - Near-normal (2021)
Spring Barley,weatherRad0Center,2021,3,6,0,0,0,Near-normal,0.3015292719193799,named in manuscript,2021-03-06,65,VAPV (Rad 0%),VAPV (Rad 0%) - Near-normal (2021)
Spring Barley,weatherRad0Center,2021,3,7,0,0,0,Near-normal,0.3015292719193799,named in manuscript,2021-03-07,66,VAPV (Rad 0%),VAPV (Rad 0%) - Near-normal (2021)
Spring Barley,weatherRad0Center,2021,3,8,0,0,0,Near-normal,0.3015292719193799,named in manuscript,2021-03-08,67,VAPV (Rad 0%),VAPV (Rad 0%) - Near-normal (2021)
Spring Barley,weatherRad0Center,2021,3,9,0,0,0,Near-normal,0.3015292719193799,named in manuscript,2021-03-09,68,VAPV (Rad 0%),VAPV (Rad 0%) - Near-normal (2021)
Spring Barley,weatherRad0Center,2021,3,10,0,0,0,Near-normal,0.3015292719193799,named in manuscript,2021-03-10,69,VAPV (Rad 0%),VAPV (Rad 0%) - Near-normal (2021)
Spring Barley,weatherRad0Center,2021,3,11,0,0,0,Near-normal,0.3015292719193799,named in manuscript,2021-03-11,70,VAPV (Rad 0%),VAPV (Rad 0%) - Near-normal (2021)
Spring Barley,weatherRad0Center,2021,3,12,0,0,0,Near-normal,0.3015292719193799,named in manuscript,2021-03-12,71,VAPV (Rad 0%),VAPV (Rad 0%) - Near-normal (2021)
Spring Barley,weatherRad0Center,2021,3,13,0,0,0,Near-normal,0.3015292719193799,named in manuscript,2021-03-13,72,VAPV (Rad 0%),VAPV (Rad 0%) - Near-normal (2021)
Spring Barley,weatherRad0Center,2021,3,14,0,0,0,Near-normal,0.3015292719193799,named in manuscript,2021-03-14,73,VAPV (Rad 0%),VAPV (Rad 0%) - Near-normal (2021)
Spring Barley,weatherRad0Center,2021,3,15,0,0,0,Near-normal,0.3015292719193799,named in manuscript,2021-03-15,74,VAPV (Rad 0%),VAPV (Rad 0%) - Near-normal (2021)
Spring Barley,weatherRad0Center,2021,3,16,0,0,0,Near-normal,0.3015292719193799,named in manuscript,2021-03-16,75,VAPV (Rad 0%),VAPV (Rad 0%) - Near-normal (2021)
Spring Barley,weatherRad0Center,2021,3,17,0,0,0,Near-normal,0.3015292719193799,named in manuscript,2021-03-17,76,VAPV (Rad 0%),VAPV (Rad 0%) - Near-normal (2021)
Spring Barley,weatherRad0Center,2021,3,18,0,0,0,Near-normal,0.3015292719193799,named in manuscript,2021-03-18,77,VAPV (Rad 0%),VAPV (Rad 0%) - Near-normal (2021)
Spring Barley,weatherRad0Center,2021,3,19,0,0,0,Near-normal,0.3015292719193799,named in manuscript,2021-03-19,78,VAPV (Rad 0%),VAPV (Rad 0%) - Near-normal (2021)
Spring Barley,weatherRad0Center,2021,3,20,0,0,0,Near-normal,0.3015292719193799,named in manuscript,2021-03-20,79,VAPV (Rad 0%),VAPV (Rad 0%) - Near-normal (2021)
Spring Barley,weatherRad0Center,2021,3,21,0,0,0,Near-normal,0.3015292719193799,named in manuscript,2021-03-21,80,VAPV (Rad 0%),VAPV (Rad 0%) - Near-normal (2021)
Spring Barley,weatherRad0Center,2021,3,22,0,0,0,Near-normal,0.3015292719193799,named in manuscript,2021-03-22,81,VAPV (Rad 0%),VAPV (Rad 0%) - Near-normal (2021)
Spring Barley,weatherRad0Center,2021,3,23,0,0,0,Near-normal,0.3015292719193799,named in manuscript,2021-03-23,82,VAPV (Rad 0%),VAPV (Rad 0%) - Near-normal (2021)
Spring Barley,weatherRad0Center,2021,3,24,0,0,0,Near-normal,0.3015292719193799,named in manuscript,2021-03-24,83,VAPV (Rad 0%),VAPV (Rad 0%) - Near-normal (2021)
Spring Barley,weatherRad0Center,2021,3,25,0,0,0,Near-normal,0.3015292719193799,named in manuscript,2021-03-25,84,VAPV (Rad 0%),VAPV (Rad 0%) - Near-normal (2021)
Spring Barley,weatherRad0Center,2021,3,26,1e-5,0,0,Near-normal,0.3015292719193799,named in manuscript,2021-03-26,85,VAPV (Rad 0%),VAPV (Rad 0%) - Near-normal (2021)
Spring Barley,weatherRad0Center,2021,3,27,1e-5,0,0,Near-normal,0.3015292719193799,named in manuscript,2021-03-27,86,VAPV (Rad 0%),VAPV (Rad 0%) - Near-normal (2021)
Spring Barley,weatherRad0Center,2021,3,28,1e-5,0,0,Near-normal,0.3015292719193799,named in manuscript,2021-03-28,87,VAPV (Rad 0%),VAPV (Rad 0%) - Near-normal (2021)
Spring Barley,weatherRad0Center,2021,3,29,1e-5,0,0,Near-normal,0.3015292719193799,named in manuscript,2021-03-29,88,VAPV (Rad 0%),VAPV (Rad 0%) - Near-normal (2021)
Spring Barley,weatherRad0Center,2021,3,30,1e-5,0,0,Near-normal,0.3015292719193799,named in manuscript,2021-03-30,89,VAPV (Rad 0%),VAPV (Rad 0%) - Near-normal (2021)
Spring Barley,weatherRad0Center,2021,3,31,1e-5,0,0,Near-normal,0.3015292719193799,named in manuscript,2021-03-31,90,VAPV (Rad 0%),VAPV (Rad 0%) - Near-normal (2021)
Spring Barley,weatherRad0Center,2021,4,1,1e-5,0,0,Near-normal,0.3015292719193799,named in manuscript,2021-04-01,91,VAPV (Rad 0%),VAPV (Rad 0%) - Near-normal (2021)
Spring Barley,weatherRad0Center,2021,4,2,1e-5,0,0,Near-normal,0.3015292719193799,named in manuscript,2021-04-02,92,VAPV (Rad 0%),VAPV (Rad 0%) - Near-normal (2021)
Spring Barley,weatherRad0Center,2021,4,3,1e-5,0,0,Near-normal,0.3015292719193799,named in manuscript,2021-04-03,93,VAPV (Rad 0%),VAPV (Rad 0%) - Near-normal (2021)
Spring Barley,weatherRad0Center,2021,4,4,1e-5,0,0,Near-normal,0.3015292719193799,named in manuscript,2021-04-04,94,VAPV (Rad 0%),VAPV (Rad 0%) - Near-normal (2021)
Spring Barley,weatherRad0Center,2021,4,5,1e-5,0,0,Near-normal,0.3015292719193799,named in manuscript,2021-04-05,95,VAPV (Rad 0%),VAPV (Rad 0%) - Near-normal (2021)
Spring Barley,weatherRad0Center,2021,4,6,1e-5,0,0,Near-normal,0.3015292719193799,named in manuscript,2021-04-06,96,VAPV (Rad 0%),VAPV (Rad 0%) - Near-normal (2021)
Spring Barley,weatherRad0Center,2021,4,7,1e-5,0,0,Near-normal,0.3015292719193799,named in manuscript,2021-04-07,97,VAPV (Rad 0%),VAPV (Rad 0%) - Near-normal (2021)
Spring Barley,weatherRad0Center,2021,4,8,1e-5,0,0,Near-normal,0.3015292719193799,named in manuscript,2021-04-08,98,VAPV (Rad 0%),VAPV (Rad 0%) - Near-normal (2021)
Spring Barley,weatherRad0Center,2021,4,9,1e-5,0,0,Near-normal,0.3015292719193799,named in manuscript,2021-04-09,99,VAPV (Rad 0%),VAPV (Rad 0%) - Near-normal (2021)
Spring Barley,weatherRad0Center,2021,4,10,1e-5,0,0,Near-normal,0.3015292719193799,named in manuscript,2021-04-10,100,VAPV (Rad 0%),VAPV (Rad 0%) - Near-normal (2021)
Spring Barley,weatherRad0Center,2021,4,11,1e-5,0,0,Near-normal,0.3015292719193799,named in manuscript,2021-04-11,101,VAPV (Rad 0%),VAPV (Rad 0%) - Near-normal (2021)
Spring Barley,weatherRad0Center,2021,4,12,1.4286072000000002e-4,0,0.109097,Near-normal,0.3015292719193799,named in manuscript,2021-04-12,102,VAPV (Rad 0%),VAPV (Rad 0%) - Near-normal (2021)
Spring Barley,weatherRad0Center,2021,4,13,7.784161e-4,0,0.109097,Near-normal,0.3015292719193799,named in manuscript,2021-04-13,103,VAPV (Rad 0%),VAPV (Rad 0%) - Near-normal (2021)
Spring Barley,weatherRad0Center,2021,4,14,0.0020034407,0,0.109132,Near-normal,0.3015292719193799,named in manuscript,2021-04-14,104,VAPV (Rad 0%),VAPV (Rad 0%) - Near-normal (2021)
Spring Barley,weatherRad0Center,2021,4,15,0.0035503115,0,0.1096,Near-normal,0.3015292719193799,named in manuscript,2021-04-15,105,VAPV (Rad 0%),VAPV (Rad 0%) - Near-normal (2021)
Spring Barley,weatherRad0Center,2021,4,16,0.0052946326,0,0.10988,Near-normal,0.3015292719193799,named in manuscript,2021-04-16,106,VAPV (Rad 0%),VAPV (Rad 0%) - Near-normal (2021)
Spring Barley,weatherRad0Center,2021,4,17,0.0073224909999999995,0,0.111187,Near-normal,0.3015292719193799,named in manuscript,2021-04-17,107,VAPV (Rad 0%),VAPV (Rad 0%) - Near-normal (2021)
Spring Barley,weatherRad0Center,2021,4,18,0.009890547,0,0.11365,Near-normal,0.3015292719193799,named in manuscript,2021-04-18,108,VAPV (Rad 0%),VAPV (Rad 0%) - Near-normal (2021)
Spring Barley,weatherRad0Center,2021,4,19,0.013294097999999999,0,0.120813,Near-normal,0.3015292719193799,named in manuscript,2021-04-19,109,VAPV (Rad 0%),VAPV (Rad 0%) - Near-normal (2021)
Spring Barley,weatherRad0Center,2021,4,20,0.017343469,0,0.126896,Near-normal,0.3015292719193799,named in manuscript,2021-04-20,110,VAPV (Rad 0%),VAPV (Rad 0%) - Near-normal (2021)
Spring Barley,weatherRad0Center,2021,4,21,0.021938921,0,0.137771,Near-normal,0.3015292719193799,named in manuscript,2021-04-21,111,VAPV (Rad 0%),VAPV (Rad 0%) - Near-normal (2021)
Spring Barley,weatherRad0Center,2021,4,22,0.026250789,0,0.149782,Near-normal,0.3015292719193799,named in manuscript,2021-04-22,112,VAPV (Rad 0%),VAPV (Rad 0%) - Near-normal (2021)
Spring Barley,weatherRad0Center,2021,4,23,0.03030747,0,0.154946,Near-normal,0.3015292719193799,named in manuscript,2021-04-23,113,VAPV (Rad 0%),VAPV (Rad 0%) - Near-normal (2021)
Spring Barley,weatherRad0Center,2021,4,24,0.034205889999999996,0,0.160218,Near-normal,0.3015292719193799,named in manuscript,2021-04-24,114,VAPV (Rad 0%),VAPV (Rad 0%) - Near-normal (2021)
Spring Barley,weatherRad0Center,2021,4,25,0.03789267,0,0.16609,Near-normal,0.3015292719193799,named in manuscript,2021-04-25,115,VAPV (Rad 0%),VAPV (Rad 0%) - Near-normal (2021)
Spring Barley,weatherRad0Center,2021,4,26,0.04125949,0,0.169489,Near-normal,0.3015292719193799,named in manuscript,2021-04-26,116,VAPV (Rad 0%),VAPV (Rad 0%) - Near-normal (2021)
Spring Barley,weatherRad0Center,2021,4,27,0.04437372,0,0.170349,Near-normal,0.3015292719193799,named in manuscript,2021-04-27,117,VAPV (Rad 0%),VAPV (Rad 0%) - Near-normal (2021)
Spring Barley,weatherRad0Center,2021,4,28,0.04776482,0,0.171261,Near-normal,0.3015292719193799,named in manuscript,2021-04-28,118,VAPV (Rad 0%),VAPV (Rad 0%) - Near-normal (2021)
Spring Barley,weatherRad0Center,2021,4,29,0.0517211,0,0.174428,Near-normal,0.3015292719193799,named in manuscript,2021-04-29,119,VAPV (Rad 0%),VAPV (Rad 0%) - Near-normal (2021)
Spring Barley,weatherRad0Center,2021,4,30,0.05638714,0,0.182809,Near-normal,0.3015292719193799,named in manuscript,2021-04-30,120,VAPV (Rad 0%),VAPV (Rad 0%) - Near-normal (2021)
Spring Barley,weatherRad0Center,2021,5,1,0.06032578,0,0.197925,Near-normal,0.3015292719193799,named in manuscript,2021-05-01,121,VAPV (Rad 0%),VAPV (Rad 0%) - Near-normal (2021)
Spring Barley,weatherRad0Center,2021,5,2,0.0641591,0,0.207592,Near-normal,0.3015292719193799,named in manuscript,2021-05-02,122,VAPV (Rad 0%),VAPV (Rad 0%) - Near-normal (2021)
Spring Barley,weatherRad0Center,2021,5,3,0.06949716,0,0.209211,Near-normal,0.3015292719193799,named in manuscript,2021-05-03,123,VAPV (Rad 0%),VAPV (Rad 0%) - Near-normal (2021)
Spring Barley,weatherRad0Center,2021,5,4,0.07539513,0,0.22072,Near-normal,0.3015292719193799,named in manuscript,2021-05-04,124,VAPV (Rad 0%),VAPV (Rad 0%) - Near-normal (2021)
Spring Barley,weatherRad0Center,2021,5,5,0.08055321,0,0.233564,Near-normal,0.3015292719193799,named in manuscript,2021-05-05,125,VAPV (Rad 0%),VAPV (Rad 0%) - Near-normal (2021)
Spring Barley,weatherRad0Center,2021,5,6,0.08565613,0,0.243695,Near-normal,0.3015292719193799,named in manuscript,2021-05-06,126,VAPV (Rad 0%),VAPV (Rad 0%) - Near-normal (2021)
Spring Barley,weatherRad0Center,2021,5,7,0.09054717999999999,0,0.249585,Near-normal,0.3015292719193799,named in manuscript,2021-05-07,127,VAPV (Rad 0%),VAPV (Rad 0%) - Near-normal (2021)
Spring Barley,weatherRad0Center,2021,5,8,0.09554712,0,0.26229,Near-normal,0.3015292719193799,named in manuscript,2021-05-08,128,VAPV (Rad 0%),VAPV (Rad 0%) - Near-normal (2021)
Spring Barley,weatherRad0Center,2021,5,9,0.1023005,0,0.276153,Near-normal,0.3015292719193799,named in manuscript,2021-05-09,129,VAPV (Rad 0%),VAPV (Rad 0%) - Near-normal (2021)
Spring Barley,weatherRad0Center,2021,5,10,0.11184735999999999,0,0.294886,Near-normal,0.3015292719193799,named in manuscript,2021-05-10,130,VAPV (Rad 0%),VAPV (Rad 0%) - Near-normal (2021)
Spring Barley,weatherRad0Center,2021,5,11,0.1243653,0,0.32065,Near-normal,0.3015292719193799,named in manuscript,2021-05-11,131,VAPV (Rad 0%),VAPV (Rad 0%) - Near-normal (2021)
Spring Barley,weatherRad0Center,2021,5,12,0.1374396,0,0.35374,Near-normal,0.3015292719193799,named in manuscript,2021-05-12,132,VAPV (Rad 0%),VAPV (Rad 0%) - Near-normal (2021)
Spring Barley,weatherRad0Center,2021,5,13,0.1486882,0,0.387578,Near-normal,0.3015292719193799,named in manuscript,2021-05-13,133,VAPV (Rad 0%),VAPV (Rad 0%) - Near-normal (2021)
Spring Barley,weatherRad0Center,2021,5,14,0.1614743,0,0.416087,Near-normal,0.3015292719193799,named in manuscript,2021-05-14,134,VAPV (Rad 0%),VAPV (Rad 0%) - Near-normal (2021)
Spring Barley,weatherRad0Center,2021,5,15,0.1763365,0,0.448771,Near-normal,0.3015292719193799,named in manuscript,2021-05-15,135,VAPV (Rad 0%),VAPV (Rad 0%) - Near-normal (2021)
Spring Barley,weatherRad0Center,2021,5,16,0.1901473,0,0.486166,Near-normal,0.3015292719193799,named in manuscript,2021-05-16,136,VAPV (Rad 0%),VAPV (Rad 0%) - Near-normal (2021)
Spring Barley,weatherRad0Center,2021,5,17,0.21015540000000002,0,0.520093,Near-normal,0.3015292719193799,named in manuscript,2021-05-17,137,VAPV (Rad 0%),VAPV (Rad 0%) - Near-normal (2021)
Spring Barley,weatherRad0Center,2021,5,18,0.2535141,0,0.571699,Near-normal,0.3015292719193799,named in manuscript,2021-05-18,138,VAPV (Rad 0%),VAPV (Rad 0%) - Near-normal (2021)
Spring Barley,weatherRad0Center,2021,5,19,0.30878500000000003,0,0.677997,Near-normal,0.3015292719193799,named in manuscript,2021-05-19,139,VAPV (Rad 0%),VAPV (Rad 0%) - Near-normal (2021)
Spring Barley,weatherRad0Center,2021,5,20,0.37517,0,0.811313,Near-normal,0.3015292719193799,named in manuscript,2021-05-20,140,VAPV (Rad 0%),VAPV (Rad 0%) - Near-normal (2021)
Spring Barley,weatherRad0Center,2021,5,21,0.4529698,0,0.968893,Near-normal,0.3015292719193799,named in manuscript,2021-05-21,141,VAPV (Rad 0%),VAPV (Rad 0%) - Near-normal (2021)
Spring Barley,weatherRad0Center,2021,5,22,0.5477299999999999,0,1.15121,Near-normal,0.3015292719193799,named in manuscript,2021-05-22,142,VAPV (Rad 0%),VAPV (Rad 0%) - Near-normal (2021)
Spring Barley,weatherRad0Center,2021,5,23,0.6593720000000001,0,1.36931,Near-normal,0.3015292719193799,named in manuscript,2021-05-23,143,VAPV (Rad 0%),VAPV (Rad 0%) - Near-normal (2021)
Spring Barley,weatherRad0Center,2021,5,24,0.765308,0,1.62139,Near-normal,0.3015292719193799,named in manuscript,2021-05-24,144,VAPV (Rad 0%),VAPV (Rad 0%) - Near-normal (2021)
Spring Barley,weatherRad0Center,2021,5,25,0.885637,0,1.8558,Near-normal,0.3015292719193799,named in manuscript,2021-05-25,145,VAPV (Rad 0%),VAPV (Rad 0%) - Near-normal (2021)
Spring Barley,weatherRad0Center,2021,5,26,1.007213,0,2.11936,Near-normal,0.3015292719193799,named in manuscript,2021-05-26,146,VAPV (Rad 0%),VAPV (Rad 0%) - Near-normal (2021)
Spring Barley,weatherRad0Center,2021,5,27,1.1276380000000001,0,2.38046,Near-normal,0.3015292719193799,named in manuscript,2021-05-27,147,VAPV (Rad 0%),VAPV (Rad 0%) - Near-normal (2021)
Spring Barley,weatherRad0Center,2021,5,28,1.264654,0,2.63567,Near-normal,0.3015292719193799,named in manuscript,2021-05-28,148,VAPV (Rad 0%),VAPV (Rad 0%) - Near-normal (2021)
Spring Barley,weatherRad0Center,2021,5,29,1.455322,0,2.92621,Near-normal,0.3015292719193799,named in manuscript,2021-05-29,149,VAPV (Rad 0%),VAPV (Rad 0%) - Near-normal (2021)
Spring Barley,weatherRad0Center,2021,5,30,1.706714,0,3.32284,Near-normal,0.3015292719193799,named in manuscript,2021-05-30,150,VAPV (Rad 0%),VAPV (Rad 0%) - Near-normal (2021)
Spring Barley,weatherRad0Center,2021,5,31,2.028627,0,3.8362,Near-normal,0.3015292719193799,named in manuscript,2021-05-31,151,VAPV (Rad 0%),VAPV (Rad 0%) - Near-normal (2021)
Spring Barley,weatherRad0Center,2021,6,1,2.393927,0,4.47986,Near-normal,0.3015292719193799,named in manuscript,2021-06-01,152,VAPV (Rad 0%),VAPV (Rad 0%) - Near-normal (2021)
Spring Barley,weatherRad0Center,2021,6,2,2.73869969,0,5.17658,Near-normal,0.3015292719193799,named in manuscript,2021-06-02,153,VAPV (Rad 0%),VAPV (Rad 0%) - Near-normal (2021)
Spring Barley,weatherRad0Center,2021,6,3,3.0363347999999997,0,5.8146,Near-normal,0.3015292719193799,named in manuscript,2021-06-03,154,VAPV (Rad 0%),VAPV (Rad 0%) - Near-normal (2021)
Spring Barley,weatherRad0Center,2021,6,4,3.2769564999999994,0,6.18077,Near-normal,0.3015292719193799,named in manuscript,2021-06-04,155,VAPV (Rad 0%),VAPV (Rad 0%) - Near-normal (2021)
Spring Barley,weatherRad0Center,2021,6,5,3.530198,0,6.32571,Near-normal,0.3015292719193799,named in manuscript,2021-06-05,156,VAPV (Rad 0%),VAPV (Rad 0%) - Near-normal (2021)
Spring Barley,weatherRad0Center,2021,6,6,3.823348,0,6.44653,Near-normal,0.3015292719193799,named in manuscript,2021-06-06,157,VAPV (Rad 0%),VAPV (Rad 0%) - Near-normal (2021)
Spring Barley,weatherRad0Center,2021,6,7,4.112434,0,6.58373,Near-normal,0.3015292719193799,named in manuscript,2021-06-07,158,VAPV (Rad 0%),VAPV (Rad 0%) - Near-normal (2021)
Spring Barley,weatherRad0Center,2021,6,8,4.348243,0,6.63916,Near-normal,0.3015292719193799,named in manuscript,2021-06-08,159,VAPV (Rad 0%),VAPV (Rad 0%) - Near-normal (2021)
Spring Barley,weatherRad0Center,2021,6,9,4.617133000000001,0,6.57414,Near-normal,0.3015292719193799,named in manuscript,2021-06-09,160,VAPV (Rad 0%),VAPV (Rad 0%) - Near-normal (2021)
Spring Barley,weatherRad0Center,2021,6,10,4.923579999999999,0,6.5774,Near-normal,0.3015292719193799,named in manuscript,2021-06-10,161,VAPV (Rad 0%),VAPV (Rad 0%) - Near-normal (2021)
Spring Barley,weatherRad0Center,2021,6,11,5.2392,0,6.61378,Near-normal,0.3015292719193799,named in manuscript,2021-06-11,162,VAPV (Rad 0%),VAPV (Rad 0%) - Near-normal (2021)
Spring Barley,weatherRad0Center,2021,6,12,5.513821,0,6.62957,Near-normal,0.3015292719193799,named in manuscript,2021-06-12,163,VAPV (Rad 0%),VAPV (Rad 0%) - Near-normal (2021)
Spring Barley,weatherRad0Center,2021,6,13,5.773015999999999,0,6.55081,Near-normal,0.3015292719193799,named in manuscript,2021-06-13,164,VAPV (Rad 0%),VAPV (Rad 0%) - Near-normal (2021)
Spring Barley,weatherRad0Center,2021,6,14,6.082631000000001,0,6.46728,Near-normal,0.3015292719193799,named in manuscript,2021-06-14,165,VAPV (Rad 0%),VAPV (Rad 0%) - Near-normal (2021)
Spring Barley,weatherRad0Center,2021,6,15,6.376213,0,6.43291,Near-normal,0.3015292719193799,named in manuscript,2021-06-15,166,VAPV (Rad 0%),VAPV (Rad 0%) - Near-normal (2021)
Spring Barley,weatherRad0Center,2021,6,16,6.662940000000001,0,6.30758,Near-normal,0.3015292719193799,named in manuscript,2021-06-16,167,VAPV (Rad 0%),VAPV (Rad 0%) - Near-normal (2021)
Spring Barley,weatherRad0Center,2021,6,17,7.035792999999999,0,6.18332,Near-normal,0.3015292719193799,named in manuscript,2021-06-17,168,VAPV (Rad 0%),VAPV (Rad 0%) - Near-normal (2021)
Spring Barley,weatherRad0Center,2021,6,18,7.463469000000001,0,6.11039,Near-normal,0.3015292719193799,named in manuscript,2021-06-18,169,VAPV (Rad 0%),VAPV (Rad 0%) - Near-normal (2021)
Spring Barley,weatherRad0Center,2021,6,19,7.863312,0,5.989,Near-normal,0.3015292719193799,named in manuscript,2021-06-19,170,VAPV (Rad 0%),VAPV (Rad 0%) - Near-normal (2021)
Spring Barley,weatherRad0Center,2021,6,20,8.26187,0,5.80816,Near-normal,0.3015292719193799,named in manuscript,2021-06-20,171,VAPV (Rad 0%),VAPV (Rad 0%) - Near-normal (2021)
Spring Barley,weatherRad0Center,2021,6,21,8.60318,0,5.61175,Near-normal,0.3015292719193799,named in manuscript,2021-06-21,172,VAPV (Rad 0%),VAPV (Rad 0%) - Near-normal (2021)
Spring Barley,weatherRad0Center,2021,6,22,8.91459,0,5.41884,Near-normal,0.3015292719193799,named in manuscript,2021-06-22,173,VAPV (Rad 0%),VAPV (Rad 0%) - Near-normal (2021)
Spring Barley,weatherRad0Center,2021,6,23,9.26384,0,5.26421,Near-normal,0.3015292719193799,named in manuscript,2021-06-23,174,VAPV (Rad 0%),VAPV (Rad 0%) - Near-normal (2021)
Spring Barley,weatherRad0Center,2021,6,24,9.65038,0,5.15263,Near-normal,0.3015292719193799,named in manuscript,2021-06-24,175,VAPV (Rad 0%),VAPV (Rad 0%) - Near-normal (2021)
Spring Barley,weatherRad0Center,2021,6,25,10.09704,0,5.07771,Near-normal,0.3015292719193799,named in manuscript,2021-06-25,176,VAPV (Rad 0%),VAPV (Rad 0%) - Near-normal (2021)
Spring Barley,weatherRad0Center,2001,1,1,0,0,0,Dry,-0.06155035266821581,named in manuscript,2001-01-01,1,VAPV (Rad 0%),VAPV (Rad 0%) - Dry (2001)
Spring Barley,weatherRad0Center,2001,1,2,0,0,0,Dry,-0.06155035266821581,named in manuscript,2001-01-02,2,VAPV (Rad 0%),VAPV (Rad 0%) - Dry (2001)
Spring Barley,weatherRad0Center,2001,1,3,0,0,0,Dry,-0.06155035266821581,named in manuscript,2001-01-03,3,VAPV (Rad 0%),VAPV (Rad 0%) - Dry (2001)
Spring Barley,weatherRad0Center,2001,1,4,0,0,0,Dry,-0.06155035266821581,named in manuscript,2001-01-04,4,VAPV (Rad 0%),VAPV (Rad 0%) - Dry (2001)
Spring Barley,weatherRad0Center,2001,1,5,0,0,0,Dry,-0.06155035266821581,named in manuscript,2001-01-05,5,VAPV (Rad 0%),VAPV (Rad 0%) - Dry (2001)
Spring Barley,weatherRad0Center,2001,1,6,0,0,0,Dry,-0.06155035266821581,named in manuscript,2001-01-06,6,VAPV (Rad 0%),VAPV (Rad 0%) - Dry (2001)
Spring Barley,weatherRad0Center,2001,1,7,0,0,0,Dry,-0.06155035266821581,named in manuscript,2001-01-07,7,VAPV (Rad 0%),VAPV (Rad 0%) - Dry (2001)
Spring Barley,weatherRad0Center,2001,1,8,0,0,0,Dry,-0.06155035266821581,named in manuscript,2001-01-08,8,VAPV (Rad 0%),VAPV (Rad 0%) - Dry (2001)
Spring Barley,weatherRad0Center,2001,1,9,0,0,0,Dry,-0.06155035266821581,named in manuscript,2001-01-09,9,VAPV (Rad 0%),VAPV (Rad 0%) - Dry (2001)
Spring Barley,weatherRad0Center,2001,1,10,0,0,0,Dry,-0.06155035266821581,named in manuscript,2001-01-10,10,VAPV (Rad 0%),VAPV (Rad 0%) - Dry (2001)
Spring Barley,weatherRad0Center,2001,1,11,0,0,0,Dry,-0.06155035266821581,named in manuscript,2001-01-11,11,VAPV (Rad 0%),VAPV (Rad 0%) - Dry (2001)
Spring Barley,weatherRad0Center,2001,1,12,0,0,0,Dry,-0.06155035266821581,named in manuscript,2001-01-12,12,VAPV (Rad 0%),VAPV (Rad 0%) - Dry (2001)
Spring Barley,weatherRad0Center,2001,1,13,0,0,0,Dry,-0.06155035266821581,named in manuscript,2001-01-13,13,VAPV (Rad 0%),VAPV (Rad 0%) - Dry (2001)
Spring Barley,weatherRad0Center,2001,1,14,0,0,0,Dry,-0.06155035266821581,named in manuscript,2001-01-14,14,VAPV (Rad 0%),VAPV (Rad 0%) - Dry (2001)
Spring Barley,weatherRad0Center,2001,1,15,0,0,0,Dry,-0.06155035266821581,named in manuscript,2001-01-15,15,VAPV (Rad 0%),VAPV (Rad 0%) - Dry (2001)
Spring Barley,weatherRad0Center,2001,1,16,0,0,0,Dry,-0.06155035266821581,named in manuscript,2001-01-16,16,VAPV (Rad 0%),VAPV (Rad 0%) - Dry (2001)
Spring Barley,weatherRad0Center,2001,1,17,0,0,0,Dry,-0.06155035266821581,named in manuscript,2001-01-17,17,VAPV (Rad 0%),VAPV (Rad 0%) - Dry (2001)
Spring Barley,weatherRad0Center,2001,1,18,0,0,0,Dry,-0.06155035266821581,named in manuscript,2001-01-18,18,VAPV (Rad 0%),VAPV (Rad 0%) - Dry (2001)
Spring Barley,weatherRad0Center,2001,1,19,0,0,0,Dry,-0.06155035266821581,named in manuscript,2001-01-19,19,VAPV (Rad 0%),VAPV (Rad 0%) - Dry (2001)
Spring Barley,weatherRad0Center,2001,1,20,0,0,0,Dry,-0.06155035266821581,named in manuscript,2001-01-20,20,VAPV (Rad 0%),VAPV (Rad 0%) - Dry (2001)
Spring Barley,weatherRad0Center,2001,1,21,0,0,0,Dry,-0.06155035266821581,named in manuscript,2001-01-21,21,VAPV (Rad 0%),VAPV (Rad 0%) - Dry (2001)
Spring Barley,weatherRad0Center,2001,1,22,0,0,0,Dry,-0.06155035266821581,named in manuscript,2001-01-22,22,VAPV (Rad 0%),VAPV (Rad 0%) - Dry (2001)
Spring Barley,weatherRad0Center,2001,1,23,0,0,0,Dry,-0.06155035266821581,named in manuscript,2001-01-23,23,VAPV (Rad 0%),VAPV (Rad 0%) - Dry (2001)
Spring Barley,weatherRad0Center,2001,1,24,0,0,0,Dry,-0.06155035266821581,named in manuscript,2001-01-24,24,VAPV (Rad 0%),VAPV (Rad 0%) - Dry (2001)
Spring Barley,weatherRad0Center,2001,1,25,0,0,0,Dry,-0.06155035266821581,named in manuscript,2001-01-25,25,VAPV (Rad 0%),VAPV (Rad 0%) - Dry (2001)
Spring Barley,weatherRad0Center,2001,1,26,0,0,0,Dry,-0.06155035266821581,named in manuscript,2001-01-26,26,VAPV (Rad 0%),VAPV (Rad 0%) - Dry (2001)
Spring Barley,weatherRad0Center,2001,1,27,0,0,0,Dry,-0.06155035266821581,named in manuscript,2001-01-27,27,VAPV (Rad 0%),VAPV (Rad 0%) - Dry (2001)
Spring Barley,weatherRad0Center,2001,1,28,0,0,0,Dry,-0.06155035266821581,named in manuscript,2001-01-28,28,VAPV (Rad 0%),VAPV (Rad 0%) - Dry (2001)
Spring Barley,weatherRad0Center,2001,1,29,0,0,0,Dry,-0.06155035266821581,named in manuscript,2001-01-29,29,VAPV (Rad 0%),VAPV (Rad 0%) - Dry (2001)
Spring Barley,weatherRad0Center,2001,1,30,0,0,0,Dry,-0.06155035266821581,named in manuscript,2001-01-30,30,VAPV (Rad 0%),VAPV (Rad 0%) - Dry (2001)
Spring Barley,weatherRad0Center,2001,1,31,0,0,0,Dry,-0.06155035266821581,named in manuscript,2001-01-31,31,VAPV (Rad 0%),VAPV (Rad 0%) - Dry (2001)
Spring Barley,weatherRad0Center,2001,2,1,0,0,0,Dry,-0.06155035266821581,named in manuscript,2001-02-01,32,VAPV (Rad 0%),VAPV (Rad 0%) - Dry (2001)
Spring Barley,weatherRad0Center,2001,2,2,0,0,0,Dry,-0.06155035266821581,named in manuscript,2001-02-02,33,VAPV (Rad 0%),VAPV (Rad 0%) - Dry (2001)
Spring Barley,weatherRad0Center,2001,2,3,0,0,0,Dry,-0.06155035266821581,named in manuscript,2001-02-03,34,VAPV (Rad 0%),VAPV (Rad 0%) - Dry (2001)
Spring Barley,weatherRad0Center,2001,2,4,0,0,0,Dry,-0.06155035266821581,named in manuscript,2001-02-04,35,VAPV (Rad 0%),VAPV (Rad 0%) - Dry (2001)
Spring Barley,weatherRad0Center,2001,2,5,0,0,0,Dry,-0.06155035266821581,named in manuscript,2001-02-05,36,VAPV (Rad 0%),VAPV (Rad 0%) - Dry (2001)
Spring Barley,weatherRad0Center,2001,2,6,0,0,0,Dry,-0.06155035266821581,named in manuscript,2001-02-06,37,VAPV (Rad 0%),VAPV (Rad 0%) - Dry (2001)
Spring Barley,weatherRad0Center,2001,2,7,0,0,0,Dry,-0.06155035266821581,named in manuscript,2001-02-07,38,VAPV (Rad 0%),VAPV (Rad 0%) - Dry (2001)
Spring Barley,weatherRad0Center,2001,2,8,0,0,0,Dry,-0.06155035266821581,named in manuscript,2001-02-08,39,VAPV (Rad 0%),VAPV (Rad 0%) - Dry (2001)
Spring Barley,weatherRad0Center,2001,2,9,0,0,0,Dry,-0.06155035266821581,named in manuscript,2001-02-09,40,VAPV (Rad 0%),VAPV (Rad 0%) - Dry (2001)
Spring Barley,weatherRad0Center,2001,2,10,0,0,0,Dry,-0.06155035266821581,named in manuscript,2001-02-10,41,VAPV (Rad 0%),VAPV (Rad 0%) - Dry (2001)
Spring Barley,weatherRad0Center,2001,2,11,0,0,0,Dry,-0.06155035266821581,named in manuscript,2001-02-11,42,VAPV (Rad 0%),VAPV (Rad 0%) - Dry (2001)
Spring Barley,weatherRad0Center,2001,2,12,0,0,0,Dry,-0.06155035266821581,named in manuscript,2001-02-12,43,VAPV (Rad 0%),VAPV (Rad 0%) - Dry (2001)
Spring Barley,weatherRad0Center,2001,2,13,0,0,0,Dry,-0.06155035266821581,named in manuscript,2001-02-13,44,VAPV (Rad 0%),VAPV (Rad 0%) - Dry (2001)
Spring Barley,weatherRad0Center,2001,2,14,0,0,0,Dry,-0.06155035266821581,named in manuscript,2001-02-14,45,VAPV (Rad 0%),VAPV (Rad 0%) - Dry (2001)
Spring Barley,weatherRad0Center,2001,2,15,0,0,0,Dry,-0.06155035266821581,named in manuscript,2001-02-15,46,VAPV (Rad 0%),VAPV (Rad 0%) - Dry (2001)
Spring Barley,weatherRad0Center,2001,2,16,0,0,0,Dry,-0.06155035266821581,named in manuscript,2001-02-16,47,VAPV (Rad 0%),VAPV (Rad 0%) - Dry (2001)
Spring Barley,weatherRad0Center,2001,2,17,0,0,0,Dry,-0.06155035266821581,named in manuscript,2001-02-17,48,VAPV (Rad 0%),VAPV (Rad 0%) - Dry (2001)
Spring Barley,weatherRad0Center,2001,2,18,0,0,0,Dry,-0.06155035266821581,named in manuscript,2001-02-18,49,VAPV (Rad 0%),VAPV (Rad 0%) - Dry (2001)
Spring Barley,weatherRad0Center,2001,2,19,0,0,0,Dry,-0.06155035266821581,named in manuscript,2001-02-19,50,VAPV (Rad 0%),VAPV (Rad 0%) - Dry (2001)
Spring Barley,weatherRad0Center,2001,2,20,0,0,0,Dry,-0.06155035266821581,named in manuscript,2001-02-20,51,VAPV (Rad 0%),VAPV (Rad 0%) - Dry (2001)
Spring Barley,weatherRad0Center,2001,2,21,0,0,0,Dry,-0.06155035266821581,named in manuscript,2001-02-21,52,VAPV (Rad 0%),VAPV (Rad 0%) - Dry (2001)
Spring Barley,weatherRad0Center,2001,2,22,0,0,0,Dry,-0.06155035266821581,named in manuscript,2001-02-22,53,VAPV (Rad 0%),VAPV (Rad 0%) - Dry (2001)
Spring Barley,weatherRad0Center,2001,2,23,0,0,0,Dry,-0.06155035266821581,named in manuscript,2001-02-23,54,VAPV (Rad 0%),VAPV (Rad 0%) - Dry (2001)
Spring Barley,weatherRad0Center,2001,2,24,0,0,0,Dry,-0.06155035266821581,named in manuscript,2001-02-24,55,VAPV (Rad 0%),VAPV (Rad 0%) - Dry (2001)
Spring Barley,weatherRad0Center,2001,2,25,0,0,0,Dry,-0.06155035266821581,named in manuscript,2001-02-25,56,VAPV (Rad 0%),VAPV (Rad 0%) - Dry (2001)
Spring Barley,weatherRad0Center,2001,2,26,0,0,0,Dry,-0.06155035266821581,named in manuscript,2001-02-26,57,VAPV (Rad 0%),VAPV (Rad 0%) - Dry (2001)
Spring Barley,weatherRad0Center,2001,2,27,0,0,0,Dry,-0.06155035266821581,named in manuscript,2001-02-27,58,VAPV (Rad 0%),VAPV (Rad 0%) - Dry (2001)
Spring Barley,weatherRad0Center,2001,2,28,0,0,0,Dry,-0.06155035266821581,named in manuscript,2001-02-28,59,VAPV (Rad 0%),VAPV (Rad 0%) - Dry (2001)
Spring Barley,weatherRad0Center,2001,3,1,0,0,0,Dry,-0.06155035266821581,named in manuscript,2001-03-01,60,VAPV (Rad 0%),VAPV (Rad 0%) - Dry (2001)
Spring Barley,weatherRad0Center,2001,3,2,0,0,0,Dry,-0.06155035266821581,named in manuscript,2001-03-02,61,VAPV (Rad 0%),VAPV (Rad 0%) - Dry (2001)
Spring Barley,weatherRad0Center,2001,3,3,0,0,0,Dry,-0.06155035266821581,named in manuscript,2001-03-03,62,VAPV (Rad 0%),VAPV (Rad 0%) - Dry (2001)
Spring Barley,weatherRad0Center,2001,3,4,0,0,0,Dry,-0.06155035266821581,named in manuscript,2001-03-04,63,VAPV (Rad 0%),VAPV (Rad 0%) - Dry (2001)
Spring Barley,weatherRad0Center,2001,3,5,0,0,0,Dry,-0.06155035266821581,named in manuscript,2001-03-05,64,VAPV (Rad 0%),VAPV (Rad 0%) - Dry (2001)
Spring Barley,weatherRad0Center,2001,3,6,0,0,0,Dry,-0.06155035266821581,named in manuscript,2001-03-06,65,VAPV (Rad 0%),VAPV (Rad 0%) - Dry (2001)
Spring Barley,weatherRad0Center,2001,3,7,0,0,0,Dry,-0.06155035266821581,named in manuscript,2001-03-07,66,VAPV (Rad 0%),VAPV (Rad 0%) - Dry (2001)
Spring Barley,weatherRad0Center,2001,3,8,0,0,0,Dry,-0.06155035266821581,named in manuscript,2001-03-08,67,VAPV (Rad 0%),VAPV (Rad 0%) - Dry (2001)
Spring Barley,weatherRad0Center,2001,3,9,0,0,0,Dry,-0.06155035266821581,named in manuscript,2001-03-09,68,VAPV (Rad 0%),VAPV (Rad 0%) - Dry (2001)
Spring Barley,weatherRad0Center,2001,3,10,0,0,0,Dry,-0.06155035266821581,named in manuscript,2001-03-10,69,VAPV (Rad 0%),VAPV (Rad 0%) - Dry (2001)
Spring Barley,weatherRad0Center,2001,3,11,0,0,0,Dry,-0.06155035266821581,named in manuscript,2001-03-11,70,VAPV (Rad 0%),VAPV (Rad 0%) - Dry (2001)
Spring Barley,weatherRad0Center,2001,3,12,0,0,0,Dry,-0.06155035266821581,named in manuscript,2001-03-12,71,VAPV (Rad 0%),VAPV (Rad 0%) - Dry (2001)
Spring Barley,weatherRad0Center,2001,3,13,0,0,0,Dry,-0.06155035266821581,named in manuscript,2001-03-13,72,VAPV (Rad 0%),VAPV (Rad 0%) - Dry (2001)
Spring Barley,weatherRad0Center,2001,3,14,0,0,0,Dry,-0.06155035266821581,named in manuscript,2001-03-14,73,VAPV (Rad 0%),VAPV (Rad 0%) - Dry (2001)
Spring Barley,weatherRad0Center,2001,3,15,0,0,0,Dry,-0.06155035266821581,named in manuscript,2001-03-15,74,VAPV (Rad 0%),VAPV (Rad 0%) - Dry (2001)
Spring Barley,weatherRad0Center,2001,3,16,0,0,0,Dry,-0.06155035266821581,named in manuscript,2001-03-16,75,VAPV (Rad 0%),VAPV (Rad 0%) - Dry (2001)
Spring Barley,weatherRad0Center,2001,3,17,0,0,0,Dry,-0.06155035266821581,named in manuscript,2001-03-17,76,VAPV (Rad 0%),VAPV (Rad 0%) - Dry (2001)
Spring Barley,weatherRad0Center,2001,3,18,0,0,0,Dry,-0.06155035266821581,named in manuscript,2001-03-18,77,VAPV (Rad 0%),VAPV (Rad 0%) - Dry (2001)
Spring Barley,weatherRad0Center,2001,3,19,0,0,0,Dry,-0.06155035266821581,named in manuscript,2001-03-19,78,VAPV (Rad 0%),VAPV (Rad 0%) - Dry (2001)
Spring Barley,weatherRad0Center,2001,3,20,0,0,0,Dry,-0.06155035266821581,named in manuscript,2001-03-20,79,VAPV (Rad 0%),VAPV (Rad 0%) - Dry (2001)
Spring Barley,weatherRad0Center,2001,3,21,0,0,0,Dry,-0.06155035266821581,named in manuscript,2001-03-21,80,VAPV (Rad 0%),VAPV (Rad 0%) - Dry (2001)
Spring Barley,weatherRad0Center,2001,3,22,0,0,0,Dry,-0.06155035266821581,named in manuscript,2001-03-22,81,VAPV (Rad 0%),VAPV (Rad 0%) - Dry (2001)
Spring Barley,weatherRad0Center,2001,3,23,0,0,0,Dry,-0.06155035266821581,named in manuscript,2001-03-23,82,VAPV (Rad 0%),VAPV (Rad 0%) - Dry (2001)
Spring Barley,weatherRad0Center,2001,3,24,0,0,0,Dry,-0.06155035266821581,named in manuscript,2001-03-24,83,VAPV (Rad 0%),VAPV (Rad 0%) - Dry (2001)
Spring Barley,weatherRad0Center,2001,3,25,0,0,0,Dry,-0.06155035266821581,named in manuscript,2001-03-25,84,VAPV (Rad 0%),VAPV (Rad 0%) - Dry (2001)
Spring Barley,weatherRad0Center,2001,3,26,1e-5,0,0,Dry,-0.06155035266821581,named in manuscript,2001-03-26,85,VAPV (Rad 0%),VAPV (Rad 0%) - Dry (2001)
Spring Barley,weatherRad0Center,2001,3,27,1e-5,0,0,Dry,-0.06155035266821581,named in manuscript,2001-03-27,86,VAPV (Rad 0%),VAPV (Rad 0%) - Dry (2001)
Spring Barley,weatherRad0Center,2001,3,28,1e-5,0,0,Dry,-0.06155035266821581,named in manuscript,2001-03-28,87,VAPV (Rad 0%),VAPV (Rad 0%) - Dry (2001)
Spring Barley,weatherRad0Center,2001,3,29,1e-5,0,0,Dry,-0.06155035266821581,named in manuscript,2001-03-29,88,VAPV (Rad 0%),VAPV (Rad 0%) - Dry (2001)
Spring Barley,weatherRad0Center,2001,3,30,1e-5,0,0,Dry,-0.06155035266821581,named in manuscript,2001-03-30,89,VAPV (Rad 0%),VAPV (Rad 0%) - Dry (2001)
Spring Barley,weatherRad0Center,2001,3,31,1e-5,0,0,Dry,-0.06155035266821581,named in manuscript,2001-03-31,90,VAPV (Rad 0%),VAPV (Rad 0%) - Dry (2001)
Spring Barley,weatherRad0Center,2001,4,1,1e-5,0,0,Dry,-0.06155035266821581,named in manuscript,2001-04-01,91,VAPV (Rad 0%),VAPV (Rad 0%) - Dry (2001)
Spring Barley,weatherRad0Center,2001,4,2,1e-5,0,0,Dry,-0.06155035266821581,named in manuscript,2001-04-02,92,VAPV (Rad 0%),VAPV (Rad 0%) - Dry (2001)
Spring Barley,weatherRad0Center,2001,4,3,1e-5,0,0,Dry,-0.06155035266821581,named in manuscript,2001-04-03,93,VAPV (Rad 0%),VAPV (Rad 0%) - Dry (2001)
Spring Barley,weatherRad0Center,2001,4,4,1e-5,0,0,Dry,-0.06155035266821581,named in manuscript,2001-04-04,94,VAPV (Rad 0%),VAPV (Rad 0%) - Dry (2001)
Spring Barley,weatherRad0Center,2001,4,5,1e-5,0,0,Dry,-0.06155035266821581,named in manuscript,2001-04-05,95,VAPV (Rad 0%),VAPV (Rad 0%) - Dry (2001)
Spring Barley,weatherRad0Center,2001,4,6,1e-5,0,0,Dry,-0.06155035266821581,named in manuscript,2001-04-06,96,VAPV (Rad 0%),VAPV (Rad 0%) - Dry (2001)
Spring Barley,weatherRad0Center,2001,4,7,1e-5,0,0,Dry,-0.06155035266821581,named in manuscript,2001-04-07,97,VAPV (Rad 0%),VAPV (Rad 0%) - Dry (2001)
Spring Barley,weatherRad0Center,2001,4,8,1e-5,0,0,Dry,-0.06155035266821581,named in manuscript,2001-04-08,98,VAPV (Rad 0%),VAPV (Rad 0%) - Dry (2001)
Spring Barley,weatherRad0Center,2001,4,9,1e-5,0,0,Dry,-0.06155035266821581,named in manuscript,2001-04-09,99,VAPV (Rad 0%),VAPV (Rad 0%) - Dry (2001)
Spring Barley,weatherRad0Center,2001,4,10,1e-5,0,0,Dry,-0.06155035266821581,named in manuscript,2001-04-10,100,VAPV (Rad 0%),VAPV (Rad 0%) - Dry (2001)
Spring Barley,weatherRad0Center,2001,4,11,1e-5,0,0,Dry,-0.06155035266821581,named in manuscript,2001-04-11,101,VAPV (Rad 0%),VAPV (Rad 0%) - Dry (2001)
Spring Barley,weatherRad0Center,2001,4,12,1e-5,0,0,Dry,-0.06155035266821581,named in manuscript,2001-04-12,102,VAPV (Rad 0%),VAPV (Rad 0%) - Dry (2001)
Spring Barley,weatherRad0Center,2001,4,13,1e-5,0,0,Dry,-0.06155035266821581,named in manuscript,2001-04-13,103,VAPV (Rad 0%),VAPV (Rad 0%) - Dry (2001)
Spring Barley,weatherRad0Center,2001,4,14,1e-5,0,0,Dry,-0.06155035266821581,named in manuscript,2001-04-14,104,VAPV (Rad 0%),VAPV (Rad 0%) - Dry (2001)
Spring Barley,weatherRad0Center,2001,4,15,1e-5,0,0,Dry,-0.06155035266821581,named in manuscript,2001-04-15,105,VAPV (Rad 0%),VAPV (Rad 0%) - Dry (2001)
Spring Barley,weatherRad0Center,2001,4,16,1e-5,0,0,Dry,-0.06155035266821581,named in manuscript,2001-04-16,106,VAPV (Rad 0%),VAPV (Rad 0%) - Dry (2001)
Spring Barley,weatherRad0Center,2001,4,17,1e-5,0,0,Dry,-0.06155035266821581,named in manuscript,2001-04-17,107,VAPV (Rad 0%),VAPV (Rad 0%) - Dry (2001)
Spring Barley,weatherRad0Center,2001,4,18,1e-5,0,0,Dry,-0.06155035266821581,named in manuscript,2001-04-18,108,VAPV (Rad 0%),VAPV (Rad 0%) - Dry (2001)
Spring Barley,weatherRad0Center,2001,4,19,1e-5,0,0,Dry,-0.06155035266821581,named in manuscript,2001-04-19,109,VAPV (Rad 0%),VAPV (Rad 0%) - Dry (2001)
Spring Barley,weatherRad0Center,2001,4,20,1e-5,0,0,Dry,-0.06155035266821581,named in manuscript,2001-04-20,110,VAPV (Rad 0%),VAPV (Rad 0%) - Dry (2001)
Spring Barley,weatherRad0Center,2001,4,21,1e-5,0,0,Dry,-0.06155035266821581,named in manuscript,2001-04-21,111,VAPV (Rad 0%),VAPV (Rad 0%) - Dry (2001)
Spring Barley,weatherRad0Center,2001,4,22,1e-5,0,0,Dry,-0.06155035266821581,named in manuscript,2001-04-22,112,VAPV (Rad 0%),VAPV (Rad 0%) - Dry (2001)
Spring Barley,weatherRad0Center,2001,4,23,1e-5,0,0,Dry,-0.06155035266821581,named in manuscript,2001-04-23,113,VAPV (Rad 0%),VAPV (Rad 0%) - Dry (2001)
Spring Barley,weatherRad0Center,2001,4,24,1e-5,0,0,Dry,-0.06155035266821581,named in manuscript,2001-04-24,114,VAPV (Rad 0%),VAPV (Rad 0%) - Dry (2001)
Spring Barley,weatherRad0Center,2001,4,25,0.0013006590999999998,0,0.109097,Dry,-0.06155035266821581,named in manuscript,2001-04-25,115,VAPV (Rad 0%),VAPV (Rad 0%) - Dry (2001)
Spring Barley,weatherRad0Center,2001,4,26,0.0033074838000000002,0,0.109097,Dry,-0.06155035266821581,named in manuscript,2001-04-26,116,VAPV (Rad 0%),VAPV (Rad 0%) - Dry (2001)
Spring Barley,weatherRad0Center,2001,4,27,0.005835511000000001,0,0.114881,Dry,-0.06155035266821581,named in manuscript,2001-04-27,117,VAPV (Rad 0%),VAPV (Rad 0%) - Dry (2001)
Spring Barley,weatherRad0Center,2001,4,28,0.008109694999999998,0,0.116367,Dry,-0.06155035266821581,named in manuscript,2001-04-28,118,VAPV (Rad 0%),VAPV (Rad 0%) - Dry (2001)
Spring Barley,weatherRad0Center,2001,4,29,0.010506886,0,0.118977,Dry,-0.06155035266821581,named in manuscript,2001-04-29,119,VAPV (Rad 0%),VAPV (Rad 0%) - Dry (2001)
Spring Barley,weatherRad0Center,2001,4,30,0.013430461,0,0.120149,Dry,-0.06155035266821581,named in manuscript,2001-04-30,120,VAPV (Rad 0%),VAPV (Rad 0%) - Dry (2001)
Spring Barley,weatherRad0Center,2001,5,1,0.016687696,0,0.12748,Dry,-0.06155035266821581,named in manuscript,2001-05-01,121,VAPV (Rad 0%),VAPV (Rad 0%) - Dry (2001)
Spring Barley,weatherRad0Center,2001,5,2,0.020452236000000002,0,0.138235,Dry,-0.06155035266821581,named in manuscript,2001-05-02,122,VAPV (Rad 0%),VAPV (Rad 0%) - Dry (2001)
Spring Barley,weatherRad0Center,2001,5,3,0.02504299,0,0.145517,Dry,-0.06155035266821581,named in manuscript,2001-05-03,123,VAPV (Rad 0%),VAPV (Rad 0%) - Dry (2001)
Spring Barley,weatherRad0Center,2001,5,4,0.02988739,0,0.156849,Dry,-0.06155035266821581,named in manuscript,2001-05-04,124,VAPV (Rad 0%),VAPV (Rad 0%) - Dry (2001)
Spring Barley,weatherRad0Center,2001,5,5,0.03451367,0,0.16961,Dry,-0.06155035266821581,named in manuscript,2001-05-05,125,VAPV (Rad 0%),VAPV (Rad 0%) - Dry (2001)
Spring Barley,weatherRad0Center,2001,5,6,0.03912434,0,0.177907,Dry,-0.06155035266821581,named in manuscript,2001-05-06,126,VAPV (Rad 0%),VAPV (Rad 0%) - Dry (2001)
Spring Barley,weatherRad0Center,2001,5,7,0.04440778,0,0.182519,Dry,-0.06155035266821581,named in manuscript,2001-05-07,127,VAPV (Rad 0%),VAPV (Rad 0%) - Dry (2001)
Spring Barley,weatherRad0Center,2001,5,8,0.050268139999999996,0,0.201455,Dry,-0.06155035266821581,named in manuscript,2001-05-08,128,VAPV (Rad 0%),VAPV (Rad 0%) - Dry (2001)
Spring Barley,weatherRad0Center,2001,5,9,0.057276429999999996,0,0.216894,Dry,-0.06155035266821581,named in manuscript,2001-05-09,129,VAPV (Rad 0%),VAPV (Rad 0%) - Dry (2001)
Spring Barley,weatherRad0Center,2001,5,10,0.06680735,0,0.245411,Dry,-0.06155035266821581,named in manuscript,2001-05-10,130,VAPV (Rad 0%),VAPV (Rad 0%) - Dry (2001)
Spring Barley,weatherRad0Center,2001,5,11,0.07887243999999999,0,0.272446,Dry,-0.06155035266821581,named in manuscript,2001-05-11,131,VAPV (Rad 0%),VAPV (Rad 0%) - Dry (2001)
Spring Barley,weatherRad0Center,2001,5,12,0.09408168,0,0.332916,Dry,-0.06155035266821581,named in manuscript,2001-05-12,132,VAPV (Rad 0%),VAPV (Rad 0%) - Dry (2001)
Spring Barley,weatherRad0Center,2001,5,13,0.1132561,0,0.419738,Dry,-0.06155035266821581,named in manuscript,2001-05-13,133,VAPV (Rad 0%),VAPV (Rad 0%) - Dry (2001)
Spring Barley,weatherRad0Center,2001,5,14,0.1350199,0,0.505761,Dry,-0.06155035266821581,named in manuscript,2001-05-14,134,VAPV (Rad 0%),VAPV (Rad 0%) - Dry (2001)
Spring Barley,weatherRad0Center,2001,5,15,0.15933150000000001,0,0.567733,Dry,-0.06155035266821581,named in manuscript,2001-05-15,135,VAPV (Rad 0%),VAPV (Rad 0%) - Dry (2001)
Spring Barley,weatherRad0Center,2001,5,16,0.1838785,0,0.630699,Dry,-0.06155035266821581,named in manuscript,2001-05-16,136,VAPV (Rad 0%),VAPV (Rad 0%) - Dry (2001)
Spring Barley,weatherRad0Center,2001,5,17,0.21976959999999998,0,0.684704,Dry,-0.06155035266821581,named in manuscript,2001-05-17,137,VAPV (Rad 0%),VAPV (Rad 0%) - Dry (2001)
Spring Barley,weatherRad0Center,2001,5,18,0.2890328,0,0.717014,Dry,-0.06155035266821581,named in manuscript,2001-05-18,138,VAPV (Rad 0%),VAPV (Rad 0%) - Dry (2001)
Spring Barley,weatherRad0Center,2001,5,19,0.35119829999999996,0,0.768549,Dry,-0.06155035266821581,named in manuscript,2001-05-19,139,VAPV (Rad 0%),VAPV (Rad 0%) - Dry (2001)
Spring Barley,weatherRad0Center,2001,5,20,0.42102500000000004,0,0.841048,Dry,-0.06155035266821581,named in manuscript,2001-05-20,140,VAPV (Rad 0%),VAPV (Rad 0%) - Dry (2001)
Spring Barley,weatherRad0Center,2001,5,21,0.505529,0,0.988843,Dry,-0.06155035266821581,named in manuscript,2001-05-21,141,VAPV (Rad 0%),VAPV (Rad 0%) - Dry (2001)
Spring Barley,weatherRad0Center,2001,5,22,0.611734,0,1.16455,Dry,-0.06155035266821581,named in manuscript,2001-05-22,142,VAPV (Rad 0%),VAPV (Rad 0%) - Dry (2001)
Spring Barley,weatherRad0Center,2001,5,23,0.746057,0,1.38354,Dry,-0.06155035266821581,named in manuscript,2001-05-23,143,VAPV (Rad 0%),VAPV (Rad 0%) - Dry (2001)
Spring Barley,weatherRad0Center,2001,5,24,0.91152,0,1.65737,Dry,-0.06155035266821581,named in manuscript,2001-05-24,144,VAPV (Rad 0%),VAPV (Rad 0%) - Dry (2001)
Spring Barley,weatherRad0Center,2001,5,25,1.096323,0,1.99007,Dry,-0.06155035266821581,named in manuscript,2001-05-25,145,VAPV (Rad 0%),VAPV (Rad 0%) - Dry (2001)
Spring Barley,weatherRad0Center,2001,5,26,1.304391,0,2.35629,Dry,-0.06155035266821581,named in manuscript,2001-05-26,146,VAPV (Rad 0%),VAPV (Rad 0%) - Dry (2001)
Spring Barley,weatherRad0Center,2001,5,27,1.526529,0,2.76621,Dry,-0.06155035266821581,named in manuscript,2001-05-27,147,VAPV (Rad 0%),VAPV (Rad 0%) - Dry (2001)
Spring Barley,weatherRad0Center,2001,5,28,1.789285,0,3.1965,Dry,-0.06155035266821581,named in manuscript,2001-05-28,148,VAPV (Rad 0%),VAPV (Rad 0%) - Dry (2001)
Spring Barley,weatherRad0Center,2001,5,29,2.065379,0,3.69498,Dry,-0.06155035266821581,named in manuscript,2001-05-29,149,VAPV (Rad 0%),VAPV (Rad 0%) - Dry (2001)
Spring Barley,weatherRad0Center,2001,5,30,2.308787,0,4.20957,Dry,-0.06155035266821581,named in manuscript,2001-05-30,150,VAPV (Rad 0%),VAPV (Rad 0%) - Dry (2001)
Spring Barley,weatherRad0Center,2001,5,31,2.501516,0,4.63873,Dry,-0.06155035266821581,named in manuscript,2001-05-31,151,VAPV (Rad 0%),VAPV (Rad 0%) - Dry (2001)
Spring Barley,weatherRad0Center,2001,6,1,2.712371,0,4.98919,Dry,-0.06155035266821581,named in manuscript,2001-06-01,152,VAPV (Rad 0%),VAPV (Rad 0%) - Dry (2001)
Spring Barley,weatherRad0Center,2001,6,2,2.9299197,0,5.37847,Dry,-0.06155035266821581,named in manuscript,2001-06-02,153,VAPV (Rad 0%),VAPV (Rad 0%) - Dry (2001)
Spring Barley,weatherRad0Center,2001,6,3,3.0864531000000004,0,5.67621,Dry,-0.06155035266821581,named in manuscript,2001-06-03,154,VAPV (Rad 0%),VAPV (Rad 0%) - Dry (2001)
Spring Barley,weatherRad0Center,2001,6,4,3.1809876000000004,0,5.7856,Dry,-0.06155035266821581,named in manuscript,2001-06-04,155,VAPV (Rad 0%),VAPV (Rad 0%) - Dry (2001)
Spring Barley,weatherRad0Center,2001,6,5,3.3220296,0,5.75881,Dry,-0.06155035266821581,named in manuscript,2001-06-05,156,VAPV (Rad 0%),VAPV (Rad 0%) - Dry (2001)
Spring Barley,weatherRad0Center,2001,6,6,3.497825,0,5.82735,Dry,-0.06155035266821581,named in manuscript,2001-06-06,157,VAPV (Rad 0%),VAPV (Rad 0%) - Dry (2001)
Spring Barley,weatherRad0Center,2001,6,7,3.706498,0,5.91524,Dry,-0.06155035266821581,named in manuscript,2001-06-07,158,VAPV (Rad 0%),VAPV (Rad 0%) - Dry (2001)
Spring Barley,weatherRad0Center,2001,6,8,3.900837,0,6.04535,Dry,-0.06155035266821581,named in manuscript,2001-06-08,159,VAPV (Rad 0%),VAPV (Rad 0%) - Dry (2001)
Spring Barley,weatherRad0Center,2001,6,9,4.100061,0,6.08321,Dry,-0.06155035266821581,named in manuscript,2001-06-09,160,VAPV (Rad 0%),VAPV (Rad 0%) - Dry (2001)
Spring Barley,weatherRad0Center,2001,6,10,4.306951,0,6.13755,Dry,-0.06155035266821581,named in manuscript,2001-06-10,161,VAPV (Rad 0%),VAPV (Rad 0%) - Dry (2001)
Spring Barley,weatherRad0Center,2001,6,11,4.523213999999999,0,6.17101,Dry,-0.06155035266821581,named in manuscript,2001-06-11,162,VAPV (Rad 0%),VAPV (Rad 0%) - Dry (2001)
Spring Barley,weatherRad0Center,2001,6,12,4.720475,0,6.20076,Dry,-0.06155035266821581,named in manuscript,2001-06-12,163,VAPV (Rad 0%),VAPV (Rad 0%) - Dry (2001)
Spring Barley,weatherRad0Center,2001,6,13,4.965408,0,6.18551,Dry,-0.06155035266821581,named in manuscript,2001-06-13,164,VAPV (Rad 0%),VAPV (Rad 0%) - Dry (2001)
Spring Barley,weatherRad0Center,2001,6,14,5.227282,0,6.24501,Dry,-0.06155035266821581,named in manuscript,2001-06-14,165,VAPV (Rad 0%),VAPV (Rad 0%) - Dry (2001)
Spring Barley,weatherRad0Center,2001,6,15,5.46896,0,6.29706,Dry,-0.06155035266821581,named in manuscript,2001-06-15,166,VAPV (Rad 0%),VAPV (Rad 0%) - Dry (2001)
Spring Barley,weatherRad0Center,2001,6,16,5.735079,0,6.29175,Dry,-0.06155035266821581,named in manuscript,2001-06-16,167,VAPV (Rad 0%),VAPV (Rad 0%) - Dry (2001)
Spring Barley,weatherRad0Center,2001,6,17,5.984141,0,6.31457,Dry,-0.06155035266821581,named in manuscript,2001-06-17,168,VAPV (Rad 0%),VAPV (Rad 0%) - Dry (2001)
Spring Barley,weatherRad0Center,2001,6,18,6.268579,0,6.28945,Dry,-0.06155035266821581,named in manuscript,2001-06-18,169,VAPV (Rad 0%),VAPV (Rad 0%) - Dry (2001)
Spring Barley,weatherRad0Center,2001,6,19,6.623145,0,6.27174,Dry,-0.06155035266821581,named in manuscript,2001-06-19,170,VAPV (Rad 0%),VAPV (Rad 0%) - Dry (2001)
Spring Barley,weatherRad0Center,2001,6,20,6.95726,0,6.27735,Dry,-0.06155035266821581,named in manuscript,2001-06-20,171,VAPV (Rad 0%),VAPV (Rad 0%) - Dry (2001)
Spring Barley,weatherRad0Center,2001,6,21,7.228952,0,6.20004,Dry,-0.06155035266821581,named in manuscript,2001-06-21,172,VAPV (Rad 0%),VAPV (Rad 0%) - Dry (2001)
Spring Barley,weatherRad0Center,2001,6,22,7.478754,0,6.03862,Dry,-0.06155035266821581,named in manuscript,2001-06-22,173,VAPV (Rad 0%),VAPV (Rad 0%) - Dry (2001)
Spring Barley,weatherRad0Center,2001,6,23,7.725636,0,5.88857,Dry,-0.06155035266821581,named in manuscript,2001-06-23,174,VAPV (Rad 0%),VAPV (Rad 0%) - Dry (2001)
Spring Barley,weatherRad0Center,2001,6,24,8.066874,0,5.74648,Dry,-0.06155035266821581,named in manuscript,2001-06-24,175,VAPV (Rad 0%),VAPV (Rad 0%) - Dry (2001)
Spring Barley,weatherRad0Center,2001,6,25,8.425962,0,5.67528,Dry,-0.06155035266821581,named in manuscript,2001-06-25,176,VAPV (Rad 0%),VAPV (Rad 0%) - Dry (2001)
Soybean,weatherBaselineopen,2007,1,1,0,0,0,Near-normal,0.02276371210427937,named in manuscript,2007-01-01,1,Open field,Open field - Near-normal (2007)
Soybean,weatherBaselineopen,2007,1,2,0,0,0,Near-normal,0.02276371210427937,named in manuscript,2007-01-02,2,Open field,Open field - Near-normal (2007)
Soybean,weatherBaselineopen,2007,1,3,0,0,0,Near-normal,0.02276371210427937,named in manuscript,2007-01-03,3,Open field,Open field - Near-normal (2007)
Soybean,weatherBaselineopen,2007,1,4,0,0,0,Near-normal,0.02276371210427937,named in manuscript,2007-01-04,4,Open field,Open field - Near-normal (2007)
Soybean,weatherBaselineopen,2007,1,5,0,0,0,Near-normal,0.02276371210427937,named in manuscript,2007-01-05,5,Open field,Open field - Near-normal (2007)
Soybean,weatherBaselineopen,2007,1,6,0,0,0,Near-normal,0.02276371210427937,named in manuscript,2007-01-06,6,Open field,Open field - Near-normal (2007)
Soybean,weatherBaselineopen,2007,1,7,0,0,0,Near-normal,0.02276371210427937,named in manuscript,2007-01-07,7,Open field,Open field - Near-normal (2007)
Soybean,weatherBaselineopen,2007,1,8,0,0,0,Near-normal,0.02276371210427937,named in manuscript,2007-01-08,8,Open field,Open field - Near-normal (2007)
Soybean,weatherBaselineopen,2007,1,9,0,0,0,Near-normal,0.02276371210427937,named in manuscript,2007-01-09,9,Open field,Open field - Near-normal (2007)
Soybean,weatherBaselineopen,2007,1,10,0,0,0,Near-normal,0.02276371210427937,named in manuscript,2007-01-10,10,Open field,Open field - Near-normal (2007)
Soybean,weatherBaselineopen,2007,1,11,0,0,0,Near-normal,0.02276371210427937,named in manuscript,2007-01-11,11,Open field,Open field - Near-normal (2007)
Soybean,weatherBaselineopen,2007,1,12,0,0,0,Near-normal,0.02276371210427937,named in manuscript,2007-01-12,12,Open field,Open field - Near-normal (2007)
Soybean,weatherBaselineopen,2007,1,13,0,0,0,Near-normal,0.02276371210427937,named in manuscript,2007-01-13,13,Open field,Open field - Near-normal (2007)
Soybean,weatherBaselineopen,2007,1,14,0,0,0,Near-normal,0.02276371210427937,named in manuscript,2007-01-14,14,Open field,Open field - Near-normal (2007)
Soybean,weatherBaselineopen,2007,1,15,0,0,0,Near-normal,0.02276371210427937,named in manuscript,2007-01-15,15,Open field,Open field - Near-normal (2007)
Soybean,weatherBaselineopen,2007,1,16,0,0,0,Near-normal,0.02276371210427937,named in manuscript,2007-01-16,16,Open field,Open field - Near-normal (2007)
Soybean,weatherBaselineopen,2007,1,17,0,0,0,Near-normal,0.02276371210427937,named in manuscript,2007-01-17,17,Open field,Open field - Near-normal (2007)
Soybean,weatherBaselineopen,2007,1,18,0,0,0,Near-normal,0.02276371210427937,named in manuscript,2007-01-18,18,Open field,Open field - Near-normal (2007)
Soybean,weatherBaselineopen,2007,1,19,0,0,0,Near-normal,0.02276371210427937,named in manuscript,2007-01-19,19,Open field,Open field - Near-normal (2007)
Soybean,weatherBaselineopen,2007,1,20,0,0,0,Near-normal,0.02276371210427937,named in manuscript,2007-01-20,20,Open field,Open field - Near-normal (2007)
Soybean,weatherBaselineopen,2007,1,21,0,0,0,Near-normal,0.02276371210427937,named in manuscript,2007-01-21,21,Open field,Open field - Near-normal (2007)
Soybean,weatherBaselineopen,2007,1,22,0,0,0,Near-normal,0.02276371210427937,named in manuscript,2007-01-22,22,Open field,Open field - Near-normal (2007)
Soybean,weatherBaselineopen,2007,1,23,0,0,0,Near-normal,0.02276371210427937,named in manuscript,2007-01-23,23,Open field,Open field - Near-normal (2007)
Soybean,weatherBaselineopen,2007,1,24,0,0,0,Near-normal,0.02276371210427937,named in manuscript,2007-01-24,24,Open field,Open field - Near-normal (2007)
Soybean,weatherBaselineopen,2007,1,25,0,0,0,Near-normal,0.02276371210427937,named in manuscript,2007-01-25,25,Open field,Open field - Near-normal (2007)
Soybean,weatherBaselineopen,2007,1,26,0,0,0,Near-normal,0.02276371210427937,named in manuscript,2007-01-26,26,Open field,Open field - Near-normal (2007)
Soybean,weatherBaselineopen,2007,1,27,0,0,0,Near-normal,0.02276371210427937,named in manuscript,2007-01-27,27,Open field,Open field - Near-normal (2007)
Soybean,weatherBaselineopen,2007,1,28,0,0,0,Near-normal,0.02276371210427937,named in manuscript,2007-01-28,28,Open field,Open field - Near-normal (2007)
Soybean,weatherBaselineopen,2007,1,29,0,0,0,Near-normal,0.02276371210427937,named in manuscript,2007-01-29,29,Open field,Open field - Near-normal (2007)
Soybean,weatherBaselineopen,2007,1,30,0,0,0,Near-normal,0.02276371210427937,named in manuscript,2007-01-30,30,Open field,Open field - Near-normal (2007)
Soybean,weatherBaselineopen,2007,1,31,0,0,0,Near-normal,0.02276371210427937,named in manuscript,2007-01-31,31,Open field,Open field - Near-normal (2007)
Soybean,weatherBaselineopen,2007,2,1,0,0,0,Near-normal,0.02276371210427937,named in manuscript,2007-02-01,32,Open field,Open field - Near-normal (2007)
Soybean,weatherBaselineopen,2007,2,2,0,0,0,Near-normal,0.02276371210427937,named in manuscript,2007-02-02,33,Open field,Open field - Near-normal (2007)
Soybean,weatherBaselineopen,2007,2,3,0,0,0,Near-normal,0.02276371210427937,named in manuscript,2007-02-03,34,Open field,Open field - Near-normal (2007)
Soybean,weatherBaselineopen,2007,2,4,0,0,0,Near-normal,0.02276371210427937,named in manuscript,2007-02-04,35,Open field,Open field - Near-normal (2007)
Soybean,weatherBaselineopen,2007,2,5,0,0,0,Near-normal,0.02276371210427937,named in manuscript,2007-02-05,36,Open field,Open field - Near-normal (2007)
Soybean,weatherBaselineopen,2007,2,6,0,0,0,Near-normal,0.02276371210427937,named in manuscript,2007-02-06,37,Open field,Open field - Near-normal (2007)
Soybean,weatherBaselineopen,2007,2,7,0,0,0,Near-normal,0.02276371210427937,named in manuscript,2007-02-07,38,Open field,Open field - Near-normal (2007)
Soybean,weatherBaselineopen,2007,2,8,0,0,0,Near-normal,0.02276371210427937,named in manuscript,2007-02-08,39,Open field,Open field - Near-normal (2007)
Soybean,weatherBaselineopen,2007,2,9,0,0,0,Near-normal,0.02276371210427937,named in manuscript,2007-02-09,40,Open field,Open field - Near-normal (2007)
Soybean,weatherBaselineopen,2007,2,10,0,0,0,Near-normal,0.02276371210427937,named in manuscript,2007-02-10,41,Open field,Open field - Near-normal (2007)
Soybean,weatherBaselineopen,2007,2,11,0,0,0,Near-normal,0.02276371210427937,named in manuscript,2007-02-11,42,Open field,Open field - Near-normal (2007)
Soybean,weatherBaselineopen,2007,2,12,0,0,0,Near-normal,0.02276371210427937,named in manuscript,2007-02-12,43,Open field,Open field - Near-normal (2007)
Soybean,weatherBaselineopen,2007,2,13,0,0,0,Near-normal,0.02276371210427937,named in manuscript,2007-02-13,44,Open field,Open field - Near-normal (2007)
Soybean,weatherBaselineopen,2007,2,14,0,0,0,Near-normal,0.02276371210427937,named in manuscript,2007-02-14,45,Open field,Open field - Near-normal (2007)
Soybean,weatherBaselineopen,2007,2,15,0,0,0,Near-normal,0.02276371210427937,named in manuscript,2007-02-15,46,Open field,Open field - Near-normal (2007)
Soybean,weatherBaselineopen,2007,2,16,0,0,0,Near-normal,0.02276371210427937,named in manuscript,2007-02-16,47,Open field,Open field - Near-normal (2007)
Soybean,weatherBaselineopen,2007,2,17,0,0,0,Near-normal,0.02276371210427937,named in manuscript,2007-02-17,48,Open field,Open field - Near-normal (2007)
Soybean,weatherBaselineopen,2007,2,18,0,0,0,Near-normal,0.02276371210427937,named in manuscript,2007-02-18,49,Open field,Open field - Near-normal (2007)
Soybean,weatherBaselineopen,2007,2,19,0,0,0,Near-normal,0.02276371210427937,named in manuscript,2007-02-19,50,Open field,Open field - Near-normal (2007)
Soybean,weatherBaselineopen,2007,2,20,0,0,0,Near-normal,0.02276371210427937,named in manuscript,2007-02-20,51,Open field,Open field - Near-normal (2007)
Soybean,weatherBaselineopen,2007,2,21,0,0,0,Near-normal,0.02276371210427937,named in manuscript,2007-02-21,52,Open field,Open field - Near-normal (2007)
Soybean,weatherBaselineopen,2007,2,22,0,0,0,Near-normal,0.02276371210427937,named in manuscript,2007-02-22,53,Open field,Open field - Near-normal (2007)
Soybean,weatherBaselineopen,2007,2,23,0,0,0,Near-normal,0.02276371210427937,named in manuscript,2007-02-23,54,Open field,Open field - Near-normal (2007)
Soybean,weatherBaselineopen,2007,2,24,0,0,0,Near-normal,0.02276371210427937,named in manuscript,2007-02-24,55,Open field,Open field - Near-normal (2007)
Soybean,weatherBaselineopen,2007,2,25,0,0,0,Near-normal,0.02276371210427937,named in manuscript,2007-02-25,56,Open field,Open field - Near-normal (2007)
Soybean,weatherBaselineopen,2007,2,26,0,0,0,Near-normal,0.02276371210427937,named in manuscript,2007-02-26,57,Open field,Open field - Near-normal (2007)
Soybean,weatherBaselineopen,2007,2,27,0,0,0,Near-normal,0.02276371210427937,named in manuscript,2007-02-27,58,Open field,Open field - Near-normal (2007)
Soybean,weatherBaselineopen,2007,2,28,0,0,0,Near-normal,0.02276371210427937,named in manuscript,2007-02-28,59,Open field,Open field - Near-normal (2007)
Soybean,weatherBaselineopen,2007,3,1,0,0,0,Near-normal,0.02276371210427937,named in manuscript,2007-03-01,60,Open field,Open field - Near-normal (2007)
Soybean,weatherBaselineopen,2007,3,2,0,0,0,Near-normal,0.02276371210427937,named in manuscript,2007-03-02,61,Open field,Open field - Near-normal (2007)
Soybean,weatherBaselineopen,2007,3,3,0,0,0,Near-normal,0.02276371210427937,named in manuscript,2007-03-03,62,Open field,Open field - Near-normal (2007)
Soybean,weatherBaselineopen,2007,3,4,0,0,0,Near-normal,0.02276371210427937,named in manuscript,2007-03-04,63,Open field,Open field - Near-normal (2007)
Soybean,weatherBaselineopen,2007,3,5,0,0,0,Near-normal,0.02276371210427937,named in manuscript,2007-03-05,64,Open field,Open field - Near-normal (2007)
Soybean,weatherBaselineopen,2007,3,6,0,0,0,Near-normal,0.02276371210427937,named in manuscript,2007-03-06,65,Open field,Open field - Near-normal (2007)
Soybean,weatherBaselineopen,2007,3,7,0,0,0,Near-normal,0.02276371210427937,named in manuscript,2007-03-07,66,Open field,Open field - Near-normal (2007)
Soybean,weatherBaselineopen,2007,3,8,0,0,0,Near-normal,0.02276371210427937,named in manuscript,2007-03-08,67,Open field,Open field - Near-normal (2007)
Soybean,weatherBaselineopen,2007,3,9,0,0,0,Near-normal,0.02276371210427937,named in manuscript,2007-03-09,68,Open field,Open field - Near-normal (2007)
Soybean,weatherBaselineopen,2007,3,10,0,0,0,Near-normal,0.02276371210427937,named in manuscript,2007-03-10,69,Open field,Open field - Near-normal (2007)
Soybean,weatherBaselineopen,2007,3,11,0,0,0,Near-normal,0.02276371210427937,named in manuscript,2007-03-11,70,Open field,Open field - Near-normal (2007)
Soybean,weatherBaselineopen,2007,3,12,0,0,0,Near-normal,0.02276371210427937,named in manuscript,2007-03-12,71,Open field,Open field - Near-normal (2007)
Soybean,weatherBaselineopen,2007,3,13,0,0,0,Near-normal,0.02276371210427937,named in manuscript,2007-03-13,72,Open field,Open field - Near-normal (2007)
Soybean,weatherBaselineopen,2007,3,14,0,0,0,Near-normal,0.02276371210427937,named in manuscript,2007-03-14,73,Open field,Open field - Near-normal (2007)
Soybean,weatherBaselineopen,2007,3,15,0,0,0,Near-normal,0.02276371210427937,named in manuscript,2007-03-15,74,Open field,Open field - Near-normal (2007)
Soybean,weatherBaselineopen,2007,3,16,0,0,0,Near-normal,0.02276371210427937,named in manuscript,2007-03-16,75,Open field,Open field - Near-normal (2007)
Soybean,weatherBaselineopen,2007,3,17,0,0,0,Near-normal,0.02276371210427937,named in manuscript,2007-03-17,76,Open field,Open field - Near-normal (2007)
Soybean,weatherBaselineopen,2007,3,18,0,0,0,Near-normal,0.02276371210427937,named in manuscript,2007-03-18,77,Open field,Open field - Near-normal (2007)
Soybean,weatherBaselineopen,2007,3,19,0,0,0,Near-normal,0.02276371210427937,named in manuscript,2007-03-19,78,Open field,Open field - Near-normal (2007)
Soybean,weatherBaselineopen,2007,3,20,0,0,0,Near-normal,0.02276371210427937,named in manuscript,2007-03-20,79,Open field,Open field - Near-normal (2007)
Soybean,weatherBaselineopen,2007,3,21,0,0,0,Near-normal,0.02276371210427937,named in manuscript,2007-03-21,80,Open field,Open field - Near-normal (2007)
Soybean,weatherBaselineopen,2007,3,22,0,0,0,Near-normal,0.02276371210427937,named in manuscript,2007-03-22,81,Open field,Open field - Near-normal (2007)
Soybean,weatherBaselineopen,2007,3,23,0,0,0,Near-normal,0.02276371210427937,named in manuscript,2007-03-23,82,Open field,Open field - Near-normal (2007)
Soybean,weatherBaselineopen,2007,3,24,0,0,0,Near-normal,0.02276371210427937,named in manuscript,2007-03-24,83,Open field,Open field - Near-normal (2007)
Soybean,weatherBaselineopen,2007,3,25,0,0,0,Near-normal,0.02276371210427937,named in manuscript,2007-03-25,84,Open field,Open field - Near-normal (2007)
Soybean,weatherBaselineopen,2007,3,26,0,0,0,Near-normal,0.02276371210427937,named in manuscript,2007-03-26,85,Open field,Open field - Near-normal (2007)
Soybean,weatherBaselineopen,2007,3,27,0,0,0,Near-normal,0.02276371210427937,named in manuscript,2007-03-27,86,Open field,Open field - Near-normal (2007)
Soybean,weatherBaselineopen,2007,3,28,0,0,0,Near-normal,0.02276371210427937,named in manuscript,2007-03-28,87,Open field,Open field - Near-normal (2007)
Soybean,weatherBaselineopen,2007,3,29,0,0,0,Near-normal,0.02276371210427937,named in manuscript,2007-03-29,88,Open field,Open field - Near-normal (2007)
Soybean,weatherBaselineopen,2007,3,30,0,0,0,Near-normal,0.02276371210427937,named in manuscript,2007-03-30,89,Open field,Open field - Near-normal (2007)
Soybean,weatherBaselineopen,2007,3,31,0,0,0,Near-normal,0.02276371210427937,named in manuscript,2007-03-31,90,Open field,Open field - Near-normal (2007)
Soybean,weatherBaselineopen,2007,4,1,0,0,0,Near-normal,0.02276371210427937,named in manuscript,2007-04-01,91,Open field,Open field - Near-normal (2007)
Soybean,weatherBaselineopen,2007,4,2,0,0,0,Near-normal,0.02276371210427937,named in manuscript,2007-04-02,92,Open field,Open field - Near-normal (2007)
Soybean,weatherBaselineopen,2007,4,3,0,0,0,Near-normal,0.02276371210427937,named in manuscript,2007-04-03,93,Open field,Open field - Near-normal (2007)
Soybean,weatherBaselineopen,2007,4,4,0,0,0,Near-normal,0.02276371210427937,named in manuscript,2007-04-04,94,Open field,Open field - Near-normal (2007)
Soybean,weatherBaselineopen,2007,4,5,0,0,0,Near-normal,0.02276371210427937,named in manuscript,2007-04-05,95,Open field,Open field - Near-normal (2007)
Soybean,weatherBaselineopen,2007,4,6,0,0,0,Near-normal,0.02276371210427937,named in manuscript,2007-04-06,96,Open field,Open field - Near-normal (2007)
Soybean,weatherBaselineopen,2007,4,7,0,0,0,Near-normal,0.02276371210427937,named in manuscript,2007-04-07,97,Open field,Open field - Near-normal (2007)
Soybean,weatherBaselineopen,2007,4,8,0,0,0,Near-normal,0.02276371210427937,named in manuscript,2007-04-08,98,Open field,Open field - Near-normal (2007)
Soybean,weatherBaselineopen,2007,4,9,0,0,0,Near-normal,0.02276371210427937,named in manuscript,2007-04-09,99,Open field,Open field - Near-normal (2007)
Soybean,weatherBaselineopen,2007,4,10,0,0,0,Near-normal,0.02276371210427937,named in manuscript,2007-04-10,100,Open field,Open field - Near-normal (2007)
Soybean,weatherBaselineopen,2007,4,11,0,0,0,Near-normal,0.02276371210427937,named in manuscript,2007-04-11,101,Open field,Open field - Near-normal (2007)
Soybean,weatherBaselineopen,2007,4,12,0,0,0,Near-normal,0.02276371210427937,named in manuscript,2007-04-12,102,Open field,Open field - Near-normal (2007)
Soybean,weatherBaselineopen,2007,4,13,0,0,0,Near-normal,0.02276371210427937,named in manuscript,2007-04-13,103,Open field,Open field - Near-normal (2007)
Soybean,weatherBaselineopen,2007,4,14,0,0,0,Near-normal,0.02276371210427937,named in manuscript,2007-04-14,104,Open field,Open field - Near-normal (2007)
Soybean,weatherBaselineopen,2007,4,15,0,0,0,Near-normal,0.02276371210427937,named in manuscript,2007-04-15,105,Open field,Open field - Near-normal (2007)
Soybean,weatherBaselineopen,2007,4,16,0,0,0,Near-normal,0.02276371210427937,named in manuscript,2007-04-16,106,Open field,Open field - Near-normal (2007)
Soybean,weatherBaselineopen,2007,4,17,0,0,0,Near-normal,0.02276371210427937,named in manuscript,2007-04-17,107,Open field,Open field - Near-normal (2007)
Soybean,weatherBaselineopen,2007,4,18,0,0,0,Near-normal,0.02276371210427937,named in manuscript,2007-04-18,108,Open field,Open field - Near-normal (2007)
Soybean,weatherBaselineopen,2007,4,19,0,0,0,Near-normal,0.02276371210427937,named in manuscript,2007-04-19,109,Open field,Open field - Near-normal (2007)
Soybean,weatherBaselineopen,2007,4,20,0,0,0,Near-normal,0.02276371210427937,named in manuscript,2007-04-20,110,Open field,Open field - Near-normal (2007)
Soybean,weatherBaselineopen,2007,4,21,0,0,0,Near-normal,0.02276371210427937,named in manuscript,2007-04-21,111,Open field,Open field - Near-normal (2007)
Soybean,weatherBaselineopen,2007,4,22,0,0,0,Near-normal,0.02276371210427937,named in manuscript,2007-04-22,112,Open field,Open field - Near-normal (2007)
Soybean,weatherBaselineopen,2007,4,23,0,0,0,Near-normal,0.02276371210427937,named in manuscript,2007-04-23,113,Open field,Open field - Near-normal (2007)
Soybean,weatherBaselineopen,2007,4,24,0,0,0,Near-normal,0.02276371210427937,named in manuscript,2007-04-24,114,Open field,Open field - Near-normal (2007)
Soybean,weatherBaselineopen,2007,4,25,0,0,0,Near-normal,0.02276371210427937,named in manuscript,2007-04-25,115,Open field,Open field - Near-normal (2007)
Soybean,weatherBaselineopen,2007,4,26,0,0,0,Near-normal,0.02276371210427937,named in manuscript,2007-04-26,116,Open field,Open field - Near-normal (2007)
Soybean,weatherBaselineopen,2007,4,27,0,0,0,Near-normal,0.02276371210427937,named in manuscript,2007-04-27,117,Open field,Open field - Near-normal (2007)
Soybean,weatherBaselineopen,2007,4,28,0,0,0,Near-normal,0.02276371210427937,named in manuscript,2007-04-28,118,Open field,Open field - Near-normal (2007)
Soybean,weatherBaselineopen,2007,4,29,0,0,0,Near-normal,0.02276371210427937,named in manuscript,2007-04-29,119,Open field,Open field - Near-normal (2007)
Soybean,weatherBaselineopen,2007,4,30,0,0,0,Near-normal,0.02276371210427937,named in manuscript,2007-04-30,120,Open field,Open field - Near-normal (2007)
Soybean,weatherBaselineopen,2007,5,1,0,0,0,Near-normal,0.02276371210427937,named in manuscript,2007-05-01,121,Open field,Open field - Near-normal (2007)
Soybean,weatherBaselineopen,2007,5,2,0,0,0,Near-normal,0.02276371210427937,named in manuscript,2007-05-02,122,Open field,Open field - Near-normal (2007)
Soybean,weatherBaselineopen,2007,5,3,0,0,0,Near-normal,0.02276371210427937,named in manuscript,2007-05-03,123,Open field,Open field - Near-normal (2007)
Soybean,weatherBaselineopen,2007,5,4,0,0,0,Near-normal,0.02276371210427937,named in manuscript,2007-05-04,124,Open field,Open field - Near-normal (2007)
Soybean,weatherBaselineopen,2007,5,5,0,0,0,Near-normal,0.02276371210427937,named in manuscript,2007-05-05,125,Open field,Open field - Near-normal (2007)
Soybean,weatherBaselineopen,2007,5,6,0,0,0,Near-normal,0.02276371210427937,named in manuscript,2007-05-06,126,Open field,Open field - Near-normal (2007)
Soybean,weatherBaselineopen,2007,5,7,0,0,0,Near-normal,0.02276371210427937,named in manuscript,2007-05-07,127,Open field,Open field - Near-normal (2007)
Soybean,weatherBaselineopen,2007,5,8,0,0,0,Near-normal,0.02276371210427937,named in manuscript,2007-05-08,128,Open field,Open field - Near-normal (2007)
Soybean,weatherBaselineopen,2007,5,9,0,0,0,Near-normal,0.02276371210427937,named in manuscript,2007-05-09,129,Open field,Open field - Near-normal (2007)
Soybean,weatherBaselineopen,2007,5,10,0,0,0,Near-normal,0.02276371210427937,named in manuscript,2007-05-10,130,Open field,Open field - Near-normal (2007)
Soybean,weatherBaselineopen,2007,5,11,0,0,0,Near-normal,0.02276371210427937,named in manuscript,2007-05-11,131,Open field,Open field - Near-normal (2007)
Soybean,weatherBaselineopen,2007,5,12,0,0,0,Near-normal,0.02276371210427937,named in manuscript,2007-05-12,132,Open field,Open field - Near-normal (2007)
Soybean,weatherBaselineopen,2007,5,13,0,0,0,Near-normal,0.02276371210427937,named in manuscript,2007-05-13,133,Open field,Open field - Near-normal (2007)
Soybean,weatherBaselineopen,2007,5,14,0,0,0,Near-normal,0.02276371210427937,named in manuscript,2007-05-14,134,Open field,Open field - Near-normal (2007)
Soybean,weatherBaselineopen,2007,5,15,0,0,0,Near-normal,0.02276371210427937,named in manuscript,2007-05-15,135,Open field,Open field - Near-normal (2007)
Soybean,weatherBaselineopen,2007,5,16,1e-5,0,0,Near-normal,0.02276371210427937,named in manuscript,2007-05-16,136,Open field,Open field - Near-normal (2007)
Soybean,weatherBaselineopen,2007,5,17,1e-5,0,0,Near-normal,0.02276371210427937,named in manuscript,2007-05-17,137,Open field,Open field - Near-normal (2007)
Soybean,weatherBaselineopen,2007,5,18,1e-5,0,0,Near-normal,0.02276371210427937,named in manuscript,2007-05-18,138,Open field,Open field - Near-normal (2007)
Soybean,weatherBaselineopen,2007,5,19,1e-5,0,0,Near-normal,0.02276371210427937,named in manuscript,2007-05-19,139,Open field,Open field - Near-normal (2007)
Soybean,weatherBaselineopen,2007,5,20,1e-5,0,0,Near-normal,0.02276371210427937,named in manuscript,2007-05-20,140,Open field,Open field - Near-normal (2007)
Soybean,weatherBaselineopen,2007,5,21,1e-5,0,0,Near-normal,0.02276371210427937,named in manuscript,2007-05-21,141,Open field,Open field - Near-normal (2007)
Soybean,weatherBaselineopen,2007,5,22,1e-5,0,0,Near-normal,0.02276371210427937,named in manuscript,2007-05-22,142,Open field,Open field - Near-normal (2007)
Soybean,weatherBaselineopen,2007,5,23,1e-5,0,0,Near-normal,0.02276371210427937,named in manuscript,2007-05-23,143,Open field,Open field - Near-normal (2007)
Soybean,weatherBaselineopen,2007,5,24,1e-5,0,0,Near-normal,0.02276371210427937,named in manuscript,2007-05-24,144,Open field,Open field - Near-normal (2007)
Soybean,weatherBaselineopen,2007,5,25,1e-5,0,0,Near-normal,0.02276371210427937,named in manuscript,2007-05-25,145,Open field,Open field - Near-normal (2007)
Soybean,weatherBaselineopen,2007,5,26,1e-5,0,0,Near-normal,0.02276371210427937,named in manuscript,2007-05-26,146,Open field,Open field - Near-normal (2007)
Soybean,weatherBaselineopen,2007,5,27,1e-5,0,0,Near-normal,0.02276371210427937,named in manuscript,2007-05-27,147,Open field,Open field - Near-normal (2007)
Soybean,weatherBaselineopen,2007,5,28,1e-5,0,0,Near-normal,0.02276371210427937,named in manuscript,2007-05-28,148,Open field,Open field - Near-normal (2007)
Soybean,weatherBaselineopen,2007,5,29,6.0270650052e-4,0,0.109097,Near-normal,0.02276371210427937,named in manuscript,2007-05-29,149,Open field,Open field - Near-normal (2007)
Soybean,weatherBaselineopen,2007,5,30,0.0020894498934,0,0.109097,Near-normal,0.02276371210427937,named in manuscript,2007-05-30,150,Open field,Open field - Near-normal (2007)
Soybean,weatherBaselineopen,2007,5,31,0.0045334670869999994,0,0.131631,Near-normal,0.02276371210427937,named in manuscript,2007-05-31,151,Open field,Open field - Near-normal (2007)
Soybean,weatherBaselineopen,2007,6,1,0.008315359570000002,0,0.152732,Near-normal,0.02276371210427937,named in manuscript,2007-06-01,152,Open field,Open field - Near-normal (2007)
Soybean,weatherBaselineopen,2007,6,2,0.01358080077,0,0.174658,Near-normal,0.02276371210427937,named in manuscript,2007-06-02,153,Open field,Open field - Near-normal (2007)
Soybean,weatherBaselineopen,2007,6,3,0.01838866904,0,0.22309,Near-normal,0.02276371210427937,named in manuscript,2007-06-03,154,Open field,Open field - Near-normal (2007)
Soybean,weatherBaselineopen,2007,6,4,0.024257102699999998,0,0.122857,Near-normal,0.02276371210427937,named in manuscript,2007-06-04,155,Open field,Open field - Near-normal (2007)
Soybean,weatherBaselineopen,2007,6,5,0.032186759200000005,0,0.150836,Near-normal,0.02276371210427937,named in manuscript,2007-06-05,156,Open field,Open field - Near-normal (2007)
Soybean,weatherBaselineopen,2007,6,6,0.040659666100000005,0,0.178809,Near-normal,0.02276371210427937,named in manuscript,2007-06-06,157,Open field,Open field - Near-normal (2007)
Soybean,weatherBaselineopen,2007,6,7,0.053635422099999996,0,0.195822,Near-normal,0.02276371210427937,named in manuscript,2007-06-07,158,Open field,Open field - Near-normal (2007)
Soybean,weatherBaselineopen,2007,6,8,0.07431098600000001,0,0.224009,Near-normal,0.02276371210427937,named in manuscript,2007-06-08,159,Open field,Open field - Near-normal (2007)
Soybean,weatherBaselineopen,2007,6,9,0.10463889900000001,0,0.295537,Near-normal,0.02276371210427937,named in manuscript,2007-06-09,160,Open field,Open field - Near-normal (2007)
Soybean,weatherBaselineopen,2007,6,10,0.147060001,0,0.38779,Near-normal,0.02276371210427937,named in manuscript,2007-06-10,161,Open field,Open field - Near-normal (2007)
Soybean,weatherBaselineopen,2007,6,11,0.20879017900000002,0,0.502627,Near-normal,0.02276371210427937,named in manuscript,2007-06-11,162,Open field,Open field - Near-normal (2007)
Soybean,weatherBaselineopen,2007,6,12,0.388544924,9.72998e-4,0.65581,Near-normal,0.02276371210427937,named in manuscript,2007-06-12,163,Open field,Open field - Near-normal (2007)
Soybean,weatherBaselineopen,2007,6,13,0.57124656,0.00333447,1.00539,Near-normal,0.02276371210427937,named in manuscript,2007-06-13,164,Open field,Open field - Near-normal (2007)
Soybean,weatherBaselineopen,2007,6,14,0.6610045200000001,0.0047671,1.43877,Near-normal,0.02276371210427937,named in manuscript,2007-06-14,165,Open field,Open field - Near-normal (2007)
Soybean,weatherBaselineopen,2007,6,15,0.7199449200000001,0.00583918,1.64117,Near-normal,0.02276371210427937,named in manuscript,2007-06-15,166,Open field,Open field - Near-normal (2007)
Soybean,weatherBaselineopen,2007,6,16,0.7803563600000001,0.0071693,1.77068,Near-normal,0.02276371210427937,named in manuscript,2007-06-16,167,Open field,Open field - Near-normal (2007)
Soybean,weatherBaselineopen,2007,6,17,0.8227376,0.00825322,1.91279,Near-normal,0.02276371210427937,named in manuscript,2007-06-17,168,Open field,Open field - Near-normal (2007)
Soybean,weatherBaselineopen,2007,6,18,0.8748026400000001,0.00976038,2.0006,Near-normal,0.02276371210427937,named in manuscript,2007-06-18,169,Open field,Open field - Near-normal (2007)
Soybean,weatherBaselineopen,2007,6,19,0.96571411,0.0129368,2.12228,Near-normal,0.02276371210427937,named in manuscript,2007-06-19,170,Open field,Open field - Near-normal (2007)
Soybean,weatherBaselineopen,2007,6,20,1.104329,0.0188943,2.32139,Near-normal,0.02276371210427937,named in manuscript,2007-06-20,171,Open field,Open field - Near-normal (2007)
Soybean,weatherBaselineopen,2007,6,21,1.2889903000000003,0.0288976,2.64156,Near-normal,0.02276371210427937,named in manuscript,2007-06-21,172,Open field,Open field - Near-normal (2007)
Soybean,weatherBaselineopen,2007,6,22,1.5002991,0.0430986,3.04135,Near-normal,0.02276371210427937,named in manuscript,2007-06-22,173,Open field,Open field - Near-normal (2007)
Soybean,weatherBaselineopen,2007,6,23,1.7048415999999997,0.0590913,3.48113,Near-normal,0.02276371210427937,named in manuscript,2007-06-23,174,Open field,Open field - Near-normal (2007)
Soybean,weatherBaselineopen,2007,6,24,1.8960530000000002,0.0760775,3.90628,Near-normal,0.02276371210427937,named in manuscript,2007-06-24,175,Open field,Open field - Near-normal (2007)
Soybean,weatherBaselineopen,2007,6,25,2.0534255,0.0917213,4.27938,Near-normal,0.02276371210427937,named in manuscript,2007-06-25,176,Open field,Open field - Near-normal (2007)
Soybean,weatherBaselineopen,2007,6,26,2.1867246,0.106777,4.57703,Near-normal,0.02276371210427937,named in manuscript,2007-06-26,177,Open field,Open field - Near-normal (2007)
Soybean,weatherBaselineopen,2007,6,27,2.3142138,0.122373,4.81786,Near-normal,0.02276371210427937,named in manuscript,2007-06-27,178,Open field,Open field - Near-normal (2007)
Soybean,weatherBaselineopen,2007,6,28,2.3941583000000004,0.132778,5.04309,Near-normal,0.02276371210427937,named in manuscript,2007-06-28,179,Open field,Open field - Near-normal (2007)
Soybean,weatherBaselineopen,2007,6,29,2.4572575,0.141467,5.16752,Near-normal,0.02276371210427937,named in manuscript,2007-06-29,180,Open field,Open field - Near-normal (2007)
Soybean,weatherBaselineopen,2007,6,30,2.5092911,0.14913,5.26436,Near-normal,0.02276371210427937,named in manuscript,2007-06-30,181,Open field,Open field - Near-normal (2007)
Soybean,weatherBaselineopen,2007,7,1,2.5645065,0.157705,5.33426,Near-normal,0.02276371210427937,named in manuscript,2007-07-01,182,Open field,Open field - Near-normal (2007)
Soybean,weatherBaselineopen,2007,7,2,2.6361478000000003,0.171138,5.41096,Near-normal,0.02276371210427937,named in manuscript,2007-07-02,183,Open field,Open field - Near-normal (2007)
Soybean,weatherBaselineopen,2007,7,3,2.7324104,0.189666,5.52111,Near-normal,0.02276371210427937,named in manuscript,2007-07-03,184,Open field,Open field - Near-normal (2007)
Soybean,weatherBaselineopen,2007,7,4,2.8316971,0.209568,5.67127,Near-normal,0.02276371210427937,named in manuscript,2007-07-04,185,Open field,Open field - Near-normal (2007)
Soybean,weatherBaselineopen,2007,7,5,2.9193221,0.227952,5.81987,Near-normal,0.02276371210427937,named in manuscript,2007-07-05,186,Open field,Open field - Near-normal (2007)
Soybean,weatherBaselineopen,2007,7,6,2.9949718,0.244641,5.94355,Near-normal,0.02276371210427937,named in manuscript,2007-07-06,187,Open field,Open field - Near-normal (2007)
Soybean,weatherBaselineopen,2007,7,7,3.0572736999999996,0.259289,6.04329,Near-normal,0.02276371210427937,named in manuscript,2007-07-07,188,Open field,Open field - Near-normal (2007)
Soybean,weatherBaselineopen,2007,7,8,3.1112033,0.272685,6.11766,Near-normal,0.02276371210427937,named in manuscript,2007-07-08,189,Open field,Open field - Near-normal (2007)
Soybean,weatherBaselineopen,2007,7,9,3.180053,0.289776,6.1754,Near-normal,0.02276371210427937,named in manuscript,2007-07-09,190,Open field,Open field - Near-normal (2007)
Soybean,weatherBaselineopen,2007,7,10,3.2738600000000004,0.313089,6.25622,Near-normal,0.02276371210427937,named in manuscript,2007-07-10,191,Open field,Open field - Near-normal (2007)
Soybean,weatherBaselineopen,2007,7,11,3.3738010000000003,0.338649,6.37091,Near-normal,0.02276371210427937,named in manuscript,2007-07-11,192,Open field,Open field - Near-normal (2007)
Soybean,weatherBaselineopen,2007,7,12,3.4417969999999998,0.357296,6.48843,Near-normal,0.02276371210427937,named in manuscript,2007-07-12,193,Open field,Open field - Near-normal (2007)
Soybean,weatherBaselineopen,2007,7,13,3.4842290000000005,0.37014,6.55325,Near-normal,0.02276371210427937,named in manuscript,2007-07-13,194,Open field,Open field - Near-normal (2007)
Soybean,weatherBaselineopen,2007,7,14,3.5348940000000004,0.385584,6.57944,Near-normal,0.02276371210427937,named in manuscript,2007-07-14,195,Open field,Open field - Near-normal (2007)
Soybean,weatherBaselineopen,2007,7,15,3.6242360000000002,0.412915,6.61716,Near-normal,0.02276371210427937,named in manuscript,2007-07-15,196,Open field,Open field - Near-normal (2007)
Soybean,weatherBaselineopen,2007,7,16,3.7544609999999996,0.454322,6.70076,Near-normal,0.02276371210427937,named in manuscript,2007-07-16,197,Open field,Open field - Near-normal (2007)
Soybean,weatherBaselineopen,2007,7,17,3.925207,0.512711,6.82758,Near-normal,0.02276371210427937,named in manuscript,2007-07-17,198,Open field,Open field - Near-normal (2007)
Soybean,weatherBaselineopen,2007,7,18,4.086698999999999,0.572905,6.98491,Near-normal,0.02276371210427937,named in manuscript,2007-07-18,199,Open field,Open field - Near-normal (2007)
Soybean,weatherBaselineopen,2007,7,19,4.231764,0.631391,7.1086,Near-normal,0.02276371210427937,named in manuscript,2007-07-19,200,Open field,Open field - Near-normal (2007)
Soybean,weatherBaselineopen,2007,7,20,4.33453,0.677358,7.1998,Near-normal,0.02276371210427937,named in manuscript,2007-07-20,201,Open field,Open field - Near-normal (2007)
Soybean,weatherBaselineopen,2007,7,21,4.406077,0.712788,7.21722,Near-normal,0.02276371210427937,named in manuscript,2007-07-21,202,Open field,Open field - Near-normal (2007)
Soybean,weatherBaselineopen,2007,7,22,4.47224,0.747777,7.19745,Near-normal,0.02276371210427937,named in manuscript,2007-07-22,203,Open field,Open field - Near-normal (2007)
Soybean,weatherBaselineopen,2007,7,23,4.519724999999999,0.775121,7.17094,Near-normal,0.02276371210427937,named in manuscript,2007-07-23,204,Open field,Open field - Near-normal (2007)
Soybean,weatherBaselineopen,2007,7,24,4.558383,0.79871,7.13342,Near-normal,0.02276371210427937,named in manuscript,2007-07-24,205,Open field,Open field - Near-normal (2007)
Soybean,weatherBaselineopen,2007,7,25,4.581567,0.814916,7.09817,Near-normal,0.02276371210427937,named in manuscript,2007-07-25,206,Open field,Open field - Near-normal (2007)
Soybean,weatherBaselineopen,2007,7,26,4.62001,0.840331,7.05748,Near-normal,0.02276371210427937,named in manuscript,2007-07-26,207,Open field,Open field - Near-normal (2007)
Soybean,weatherBaselineopen,2007,7,27,4.667288,0.872828,7.01899,Near-normal,0.02276371210427937,named in manuscript,2007-07-27,208,Open field,Open field - Near-normal (2007)
Soybean,weatherBaselineopen,2007,7,28,4.712454,0.905975,6.97366,Near-normal,0.02276371210427937,named in manuscript,2007-07-28,209,Open field,Open field - Near-normal (2007)
Soybean,weatherBaselineopen,2007,7,29,4.7602139999999995,0.941707,6.9214,Near-normal,0.02276371210427937,named in manuscript,2007-07-29,210,Open field,Open field - Near-normal (2007)
Soybean,weatherBaselineopen,2007,7,30,4.8025590000000005,0.97418,6.86689,Near-normal,0.02276371210427937,named in manuscript,2007-07-30,211,Open field,Open field - Near-normal (2007)
Soybean,weatherBaselineopen,2007,7,31,4.837946,1.00238,6.81287,Near-normal,0.02276371210427937,named in manuscript,2007-07-31,212,Open field,Open field - Near-normal (2007)
Soybean,weatherBaselineopen,2007,8,1,4.864196,1.02481,6.7589,Near-normal,0.02276371210427937,named in manuscript,2007-08-01,213,Open field,Open field - Near-normal (2007)
Soybean,weatherBaselineopen,2007,8,2,4.902195999999999,1.05507,6.70502,Near-normal,0.02276371210427937,named in manuscript,2007-08-02,214,Open field,Open field - Near-normal (2007)
Soybean,weatherBaselineopen,2007,8,3,4.946255,1.08964,6.65134,Near-normal,0.02276371210427937,named in manuscript,2007-08-03,215,Open field,Open field - Near-normal (2007)
Soybean,weatherBaselineopen,2007,8,4,4.990153,1.12435,6.59776,Near-normal,0.02276371210427937,named in manuscript,2007-08-04,216,Open field,Open field - Near-normal (2007)
Soybean,weatherBaselineopen,2007,8,5,5.050466999999999,1.17055,6.54455,Near-normal,0.02276371210427937,named in manuscript,2007-08-05,217,Open field,Open field - Near-normal (2007)
Soybean,weatherBaselineopen,2007,8,6,5.1453430000000004,1.24139,6.49143,Near-normal,0.02276371210427937,named in manuscript,2007-08-06,218,Open field,Open field - Near-normal (2007)
Soybean,weatherBaselineopen,2007,8,7,5.270221,1.33467,6.43856,Near-normal,0.02276371210427937,named in manuscript,2007-08-07,219,Open field,Open field - Near-normal (2007)
Soybean,weatherBaselineopen,2007,8,8,5.3943080000000005,1.42927,6.38607,Near-normal,0.02276371210427937,named in manuscript,2007-08-08,220,Open field,Open field - Near-normal (2007)
Soybean,weatherBaselineopen,2007,8,9,5.502415,1.51405,6.33334,Near-normal,0.02276371210427937,named in manuscript,2007-08-09,221,Open field,Open field - Near-normal (2007)
Soybean,weatherBaselineopen,2007,8,10,5.590173,1.5854,6.28021,Near-normal,0.02276371210427937,named in manuscript,2007-08-10,222,Open field,Open field - Near-normal (2007)
Soybean,weatherBaselineopen,2007,8,11,5.671501,1.6533,6.2265,Near-normal,0.02276371210427937,named in manuscript,2007-08-11,223,Open field,Open field - Near-normal (2007)
Soybean,weatherBaselineopen,2007,8,12,5.720618,1.69758,6.17254,Near-normal,0.02276371210427937,named in manuscript,2007-08-12,224,Open field,Open field - Near-normal (2007)
Soybean,weatherBaselineopen,2007,8,13,5.753285,1.72952,6.11801,Near-normal,0.02276371210427937,named in manuscript,2007-08-13,225,Open field,Open field - Near-normal (2007)
Soybean,weatherBaselineopen,2007,8,14,5.787753,1.76321,6.06379,Near-normal,0.02276371210427937,named in manuscript,2007-08-14,226,Open field,Open field - Near-normal (2007)
Soybean,weatherBaselineopen,2007,8,15,5.832554,1.80564,6.00976,Near-normal,0.02276371210427937,named in manuscript,2007-08-15,227,Open field,Open field - Near-normal (2007)
Soybean,weatherBaselineopen,2007,8,16,5.872039,1.8445,5.95579,Near-normal,0.02276371210427937,named in manuscript,2007-08-16,228,Open field,Open field - Near-normal (2007)
Soybean,weatherBaselineopen,2007,8,17,5.906651,1.87976,5.90152,Near-normal,0.02276371210427937,named in manuscript,2007-08-17,229,Open field,Open field - Near-normal (2007)
Soybean,weatherBaselineopen,2007,8,18,5.932204,1.9077,5.84781,Near-normal,0.02276371210427937,named in manuscript,2007-08-18,230,Open field,Open field - Near-normal (2007)
Soybean,weatherBaselineopen,2007,8,19,5.950649,1.92987,5.79454,Near-normal,0.02276371210427937,named in manuscript,2007-08-19,231,Open field,Open field - Near-normal (2007)
Soybean,weatherBaselineopen,2007,8,20,5.979884,1.96152,5.74139,Near-normal,0.02276371210427937,named in manuscript,2007-08-20,232,Open field,Open field - Near-normal (2007)
Soybean,weatherBaselineopen,2007,8,21,6.0068790000000005,1.99171,5.68804,Near-normal,0.02276371210427937,named in manuscript,2007-08-21,233,Open field,Open field - Near-normal (2007)
Soybean,weatherBaselineopen,2007,8,22,6.036498,2.0248,5.6347,Near-normal,0.02276371210427937,named in manuscript,2007-08-22,234,Open field,Open field - Near-normal (2007)
Soybean,weatherBaselineopen,2007,8,23,6.0583610000000006,2.05154,5.5812,Near-normal,0.02276371210427937,named in manuscript,2007-08-23,235,Open field,Open field - Near-normal (2007)
Soybean,weatherBaselineopen,2007,8,24,6.072282000000001,2.07154,5.52775,Near-normal,0.02276371210427937,named in manuscript,2007-08-24,236,Open field,Open field - Near-normal (2007)
Soybean,weatherBaselineopen,2007,8,25,6.104055,2.10846,5.47414,Near-normal,0.02276371210427937,named in manuscript,2007-08-25,237,Open field,Open field - Near-normal (2007)
Soybean,weatherBaselineopen,2007,8,26,6.134218000000001,2.14426,5.42109,Near-normal,0.02276371210427937,named in manuscript,2007-08-26,238,Open field,Open field - Near-normal (2007)
Soybean,weatherBaselineopen,2007,8,27,6.157294,2.17364,5.36868,Near-normal,0.02276371210427937,named in manuscript,2007-08-27,239,Open field,Open field - Near-normal (2007)
Soybean,weatherBaselineopen,2007,8,28,6.170903,2.19411,5.31657,Near-normal,0.02276371210427937,named in manuscript,2007-08-28,240,Open field,Open field - Near-normal (2007)
Soybean,weatherBaselineopen,2007,8,29,6.178327,2.20868,5.26492,Near-normal,0.02276371210427937,named in manuscript,2007-08-29,241,Open field,Open field - Near-normal (2007)
Soybean,weatherBaselineopen,2007,8,30,6.181646000000001,2.21928,5.21373,Near-normal,0.02276371210427937,named in manuscript,2007-08-30,242,Open field,Open field - Near-normal (2007)
Soybean,weatherBaselineopen,2007,8,31,6.180109999999999,2.22517,5.16295,Near-normal,0.02276371210427937,named in manuscript,2007-08-31,243,Open field,Open field - Near-normal (2007)
Soybean,weatherBaselineopen,2007,9,1,6.178796,2.23126,5.11252,Near-normal,0.02276371210427937,named in manuscript,2007-09-01,244,Open field,Open field - Near-normal (2007)
Soybean,weatherBaselineopen,2007,9,2,6.183021,2.24276,5.06225,Near-normal,0.02276371210427937,named in manuscript,2007-09-02,245,Open field,Open field - Near-normal (2007)
Soybean,weatherBaselineopen,2007,9,3,6.184934,2.25201,5.01231,Near-normal,0.02276371210427937,named in manuscript,2007-09-03,246,Open field,Open field - Near-normal (2007)
Soybean,weatherBaselineopen,2007,9,4,6.185053999999999,2.25947,4.96269,Near-normal,0.02276371210427937,named in manuscript,2007-09-04,247,Open field,Open field - Near-normal (2007)
Soybean,weatherBaselineopen,2007,9,5,6.185751,2.26747,4.9137,Near-normal,0.02276371210427937,named in manuscript,2007-09-05,248,Open field,Open field - Near-normal (2007)
Soybean,weatherBaselineopen,2007,9,6,6.185188,2.27417,4.86517,Near-normal,0.02276371210427937,named in manuscript,2007-09-06,249,Open field,Open field - Near-normal (2007)
Soybean,weatherBaselineopen,2007,9,7,6.190858,2.28717,4.81692,Near-normal,0.02276371210427937,named in manuscript,2007-09-07,250,Open field,Open field - Near-normal (2007)
Soybean,weatherBaselineopen,2007,9,8,6.203856,2.30759,4.76821,Near-normal,0.02276371210427937,named in manuscript,2007-09-08,251,Open field,Open field - Near-normal (2007)
Soybean,weatherBaselineopen,2007,9,9,6.215961999999999,2.32718,4.71889,Near-normal,0.02276371210427937,named in manuscript,2007-09-09,252,Open field,Open field - Near-normal (2007)
Soybean,weatherBaselineopen,2007,9,10,6.2276739999999995,2.3464,4.66919,Near-normal,0.02276371210427937,named in manuscript,2007-09-10,253,Open field,Open field - Near-normal (2007)
Soybean,weatherBaselineopen,2007,9,11,6.235617,2.36189,4.61936,Near-normal,0.02276371210427937,named in manuscript,2007-09-11,254,Open field,Open field - Near-normal (2007)
Soybean,weatherBaselineopen,2022,1,1,0,0,0,Dry,-0.967239793621461,named in manuscript,2022-01-01,1,Open field,Open field - Dry (2022)
Soybean,weatherBaselineopen,2022,1,2,0,0,0,Dry,-0.967239793621461,named in manuscript,2022-01-02,2,Open field,Open field - Dry (2022)
Soybean,weatherBaselineopen,2022,1,3,0,0,0,Dry,-0.967239793621461,named in manuscript,2022-01-03,3,Open field,Open field - Dry (2022)
Soybean,weatherBaselineopen,2022,1,4,0,0,0,Dry,-0.967239793621461,named in manuscript,2022-01-04,4,Open field,Open field - Dry (2022)
Soybean,weatherBaselineopen,2022,1,5,0,0,0,Dry,-0.967239793621461,named in manuscript,2022-01-05,5,Open field,Open field - Dry (2022)
Soybean,weatherBaselineopen,2022,1,6,0,0,0,Dry,-0.967239793621461,named in manuscript,2022-01-06,6,Open field,Open field - Dry (2022)
Soybean,weatherBaselineopen,2022,1,7,0,0,0,Dry,-0.967239793621461,named in manuscript,2022-01-07,7,Open field,Open field - Dry (2022)
Soybean,weatherBaselineopen,2022,1,8,0,0,0,Dry,-0.967239793621461,named in manuscript,2022-01-08,8,Open field,Open field - Dry (2022)
Soybean,weatherBaselineopen,2022,1,9,0,0,0,Dry,-0.967239793621461,named in manuscript,2022-01-09,9,Open field,Open field - Dry (2022)
Soybean,weatherBaselineopen,2022,1,10,0,0,0,Dry,-0.967239793621461,named in manuscript,2022-01-10,10,Open field,Open field - Dry (2022)
Soybean,weatherBaselineopen,2022,1,11,0,0,0,Dry,-0.967239793621461,named in manuscript,2022-01-11,11,Open field,Open field - Dry (2022)
Soybean,weatherBaselineopen,2022,1,12,0,0,0,Dry,-0.967239793621461,named in manuscript,2022-01-12,12,Open field,Open field - Dry (2022)
Soybean,weatherBaselineopen,2022,1,13,0,0,0,Dry,-0.967239793621461,named in manuscript,2022-01-13,13,Open field,Open field - Dry (2022)
Soybean,weatherBaselineopen,2022,1,14,0,0,0,Dry,-0.967239793621461,named in manuscript,2022-01-14,14,Open field,Open field - Dry (2022)
Soybean,weatherBaselineopen,2022,1,15,0,0,0,Dry,-0.967239793621461,named in manuscript,2022-01-15,15,Open field,Open field - Dry (2022)
Soybean,weatherBaselineopen,2022,1,16,0,0,0,Dry,-0.967239793621461,named in manuscript,2022-01-16,16,Open field,Open field - Dry (2022)
Soybean,weatherBaselineopen,2022,1,17,0,0,0,Dry,-0.967239793621461,named in manuscript,2022-01-17,17,Open field,Open field - Dry (2022)
Soybean,weatherBaselineopen,2022,1,18,0,0,0,Dry,-0.967239793621461,named in manuscript,2022-01-18,18,Open field,Open field - Dry (2022)
Soybean,weatherBaselineopen,2022,1,19,0,0,0,Dry,-0.967239793621461,named in manuscript,2022-01-19,19,Open field,Open field - Dry (2022)
Soybean,weatherBaselineopen,2022,1,20,0,0,0,Dry,-0.967239793621461,named in manuscript,2022-01-20,20,Open field,Open field - Dry (2022)
Soybean,weatherBaselineopen,2022,1,21,0,0,0,Dry,-0.967239793621461,named in manuscript,2022-01-21,21,Open field,Open field - Dry (2022)
Soybean,weatherBaselineopen,2022,1,22,0,0,0,Dry,-0.967239793621461,named in manuscript,2022-01-22,22,Open field,Open field - Dry (2022)
Soybean,weatherBaselineopen,2022,1,23,0,0,0,Dry,-0.967239793621461,named in manuscript,2022-01-23,23,Open field,Open field - Dry (2022)
Soybean,weatherBaselineopen,2022,1,24,0,0,0,Dry,-0.967239793621461,named in manuscript,2022-01-24,24,Open field,Open field - Dry (2022)
Soybean,weatherBaselineopen,2022,1,25,0,0,0,Dry,-0.967239793621461,named in manuscript,2022-01-25,25,Open field,Open field - Dry (2022)
Soybean,weatherBaselineopen,2022,1,26,0,0,0,Dry,-0.967239793621461,named in manuscript,2022-01-26,26,Open field,Open field - Dry (2022)
Soybean,weatherBaselineopen,2022,1,27,0,0,0,Dry,-0.967239793621461,named in manuscript,2022-01-27,27,Open field,Open field - Dry (2022)
Soybean,weatherBaselineopen,2022,1,28,0,0,0,Dry,-0.967239793621461,named in manuscript,2022-01-28,28,Open field,Open field - Dry (2022)
Soybean,weatherBaselineopen,2022,1,29,0,0,0,Dry,-0.967239793621461,named in manuscript,2022-01-29,29,Open field,Open field - Dry (2022)
Soybean,weatherBaselineopen,2022,1,30,0,0,0,Dry,-0.967239793621461,named in manuscript,2022-01-30,30,Open field,Open field - Dry (2022)
Soybean,weatherBaselineopen,2022,1,31,0,0,0,Dry,-0.967239793621461,named in manuscript,2022-01-31,31,Open field,Open field - Dry (2022)
Soybean,weatherBaselineopen,2022,2,1,0,0,0,Dry,-0.967239793621461,named in manuscript,2022-02-01,32,Open field,Open field - Dry (2022)
Soybean,weatherBaselineopen,2022,2,2,0,0,0,Dry,-0.967239793621461,named in manuscript,2022-02-02,33,Open field,Open field - Dry (2022)
Soybean,weatherBaselineopen,2022,2,3,0,0,0,Dry,-0.967239793621461,named in manuscript,2022-02-03,34,Open field,Open field - Dry (2022)
Soybean,weatherBaselineopen,2022,2,4,0,0,0,Dry,-0.967239793621461,named in manuscript,2022-02-04,35,Open field,Open field - Dry (2022)
Soybean,weatherBaselineopen,2022,2,5,0,0,0,Dry,-0.967239793621461,named in manuscript,2022-02-05,36,Open field,Open field - Dry (2022)
Soybean,weatherBaselineopen,2022,2,6,0,0,0,Dry,-0.967239793621461,named in manuscript,2022-02-06,37,Open field,Open field - Dry (2022)
Soybean,weatherBaselineopen,2022,2,7,0,0,0,Dry,-0.967239793621461,named in manuscript,2022-02-07,38,Open field,Open field - Dry (2022)
Soybean,weatherBaselineopen,2022,2,8,0,0,0,Dry,-0.967239793621461,named in manuscript,2022-02-08,39,Open field,Open field - Dry (2022)
Soybean,weatherBaselineopen,2022,2,9,0,0,0,Dry,-0.967239793621461,named in manuscript,2022-02-09,40,Open field,Open field - Dry (2022)
Soybean,weatherBaselineopen,2022,2,10,0,0,0,Dry,-0.967239793621461,named in manuscript,2022-02-10,41,Open field,Open field - Dry (2022)
Soybean,weatherBaselineopen,2022,2,11,0,0,0,Dry,-0.967239793621461,named in manuscript,2022-02-11,42,Open field,Open field - Dry (2022)
Soybean,weatherBaselineopen,2022,2,12,0,0,0,Dry,-0.967239793621461,named in manuscript,2022-02-12,43,Open field,Open field - Dry (2022)
Soybean,weatherBaselineopen,2022,2,13,0,0,0,Dry,-0.967239793621461,named in manuscript,2022-02-13,44,Open field,Open field - Dry (2022)
Soybean,weatherBaselineopen,2022,2,14,0,0,0,Dry,-0.967239793621461,named in manuscript,2022-02-14,45,Open field,Open field - Dry (2022)
Soybean,weatherBaselineopen,2022,2,15,0,0,0,Dry,-0.967239793621461,named in manuscript,2022-02-15,46,Open field,Open field - Dry (2022)
Soybean,weatherBaselineopen,2022,2,16,0,0,0,Dry,-0.967239793621461,named in manuscript,2022-02-16,47,Open field,Open field - Dry (2022)
Soybean,weatherBaselineopen,2022,2,17,0,0,0,Dry,-0.967239793621461,named in manuscript,2022-02-17,48,Open field,Open field - Dry (2022)
Soybean,weatherBaselineopen,2022,2,18,0,0,0,Dry,-0.967239793621461,named in manuscript,2022-02-18,49,Open field,Open field - Dry (2022)
Soybean,weatherBaselineopen,2022,2,19,0,0,0,Dry,-0.967239793621461,named in manuscript,2022-02-19,50,Open field,Open field - Dry (2022)
Soybean,weatherBaselineopen,2022,2,20,0,0,0,Dry,-0.967239793621461,named in manuscript,2022-02-20,51,Open field,Open field - Dry (2022)
Soybean,weatherBaselineopen,2022,2,21,0,0,0,Dry,-0.967239793621461,named in manuscript,2022-02-21,52,Open field,Open field - Dry (2022)
Soybean,weatherBaselineopen,2022,2,22,0,0,0,Dry,-0.967239793621461,named in manuscript,2022-02-22,53,Open field,Open field - Dry (2022)
Soybean,weatherBaselineopen,2022,2,23,0,0,0,Dry,-0.967239793621461,named in manuscript,2022-02-23,54,Open field,Open field - Dry (2022)
Soybean,weatherBaselineopen,2022,2,24,0,0,0,Dry,-0.967239793621461,named in manuscript,2022-02-24,55,Open field,Open field - Dry (2022)
Soybean,weatherBaselineopen,2022,2,25,0,0,0,Dry,-0.967239793621461,named in manuscript,2022-02-25,56,Open field,Open field - Dry (2022)
Soybean,weatherBaselineopen,2022,2,26,0,0,0,Dry,-0.967239793621461,named in manuscript,2022-02-26,57,Open field,Open field - Dry (2022)
Soybean,weatherBaselineopen,2022,2,27,0,0,0,Dry,-0.967239793621461,named in manuscript,2022-02-27,58,Open field,Open field - Dry (2022)
Soybean,weatherBaselineopen,2022,2,28,0,0,0,Dry,-0.967239793621461,named in manuscript,2022-02-28,59,Open field,Open field - Dry (2022)
Soybean,weatherBaselineopen,2022,3,1,0,0,0,Dry,-0.967239793621461,named in manuscript,2022-03-01,60,Open field,Open field - Dry (2022)
Soybean,weatherBaselineopen,2022,3,2,0,0,0,Dry,-0.967239793621461,named in manuscript,2022-03-02,61,Open field,Open field - Dry (2022)
Soybean,weatherBaselineopen,2022,3,3,0,0,0,Dry,-0.967239793621461,named in manuscript,2022-03-03,62,Open field,Open field - Dry (2022)
Soybean,weatherBaselineopen,2022,3,4,0,0,0,Dry,-0.967239793621461,named in manuscript,2022-03-04,63,Open field,Open field - Dry (2022)
Soybean,weatherBaselineopen,2022,3,5,0,0,0,Dry,-0.967239793621461,named in manuscript,2022-03-05,64,Open field,Open field - Dry (2022)
Soybean,weatherBaselineopen,2022,3,6,0,0,0,Dry,-0.967239793621461,named in manuscript,2022-03-06,65,Open field,Open field - Dry (2022)
Soybean,weatherBaselineopen,2022,3,7,0,0,0,Dry,-0.967239793621461,named in manuscript,2022-03-07,66,Open field,Open field - Dry (2022)
Soybean,weatherBaselineopen,2022,3,8,0,0,0,Dry,-0.967239793621461,named in manuscript,2022-03-08,67,Open field,Open field - Dry (2022)
Soybean,weatherBaselineopen,2022,3,9,0,0,0,Dry,-0.967239793621461,named in manuscript,2022-03-09,68,Open field,Open field - Dry (2022)
Soybean,weatherBaselineopen,2022,3,10,0,0,0,Dry,-0.967239793621461,named in manuscript,2022-03-10,69,Open field,Open field - Dry (2022)
Soybean,weatherBaselineopen,2022,3,11,0,0,0,Dry,-0.967239793621461,named in manuscript,2022-03-11,70,Open field,Open field - Dry (2022)
Soybean,weatherBaselineopen,2022,3,12,0,0,0,Dry,-0.967239793621461,named in manuscript,2022-03-12,71,Open field,Open field - Dry (2022)
Soybean,weatherBaselineopen,2022,3,13,0,0,0,Dry,-0.967239793621461,named in manuscript,2022-03-13,72,Open field,Open field - Dry (2022)
Soybean,weatherBaselineopen,2022,3,14,0,0,0,Dry,-0.967239793621461,named in manuscript,2022-03-14,73,Open field,Open field - Dry (2022)
Soybean,weatherBaselineopen,2022,3,15,0,0,0,Dry,-0.967239793621461,named in manuscript,2022-03-15,74,Open field,Open field - Dry (2022)
Soybean,weatherBaselineopen,2022,3,16,0,0,0,Dry,-0.967239793621461,named in manuscript,2022-03-16,75,Open field,Open field - Dry (2022)
Soybean,weatherBaselineopen,2022,3,17,0,0,0,Dry,-0.967239793621461,named in manuscript,2022-03-17,76,Open field,Open field - Dry (2022)
Soybean,weatherBaselineopen,2022,3,18,0,0,0,Dry,-0.967239793621461,named in manuscript,2022-03-18,77,Open field,Open field - Dry (2022)
Soybean,weatherBaselineopen,2022,3,19,0,0,0,Dry,-0.967239793621461,named in manuscript,2022-03-19,78,Open field,Open field - Dry (2022)
Soybean,weatherBaselineopen,2022,3,20,0,0,0,Dry,-0.967239793621461,named in manuscript,2022-03-20,79,Open field,Open field - Dry (2022)
Soybean,weatherBaselineopen,2022,3,21,0,0,0,Dry,-0.967239793621461,named in manuscript,2022-03-21,80,Open field,Open field - Dry (2022)
Soybean,weatherBaselineopen,2022,3,22,0,0,0,Dry,-0.967239793621461,named in manuscript,2022-03-22,81,Open field,Open field - Dry (2022)
Soybean,weatherBaselineopen,2022,3,23,0,0,0,Dry,-0.967239793621461,named in manuscript,2022-03-23,82,Open field,Open field - Dry (2022)
Soybean,weatherBaselineopen,2022,3,24,0,0,0,Dry,-0.967239793621461,named in manuscript,2022-03-24,83,Open field,Open field - Dry (2022)
Soybean,weatherBaselineopen,2022,3,25,0,0,0,Dry,-0.967239793621461,named in manuscript,2022-03-25,84,Open field,Open field - Dry (2022)
Soybean,weatherBaselineopen,2022,3,26,0,0,0,Dry,-0.967239793621461,named in manuscript,2022-03-26,85,Open field,Open field - Dry (2022)
Soybean,weatherBaselineopen,2022,3,27,0,0,0,Dry,-0.967239793621461,named in manuscript,2022-03-27,86,Open field,Open field - Dry (2022)
Soybean,weatherBaselineopen,2022,3,28,0,0,0,Dry,-0.967239793621461,named in manuscript,2022-03-28,87,Open field,Open field - Dry (2022)
Soybean,weatherBaselineopen,2022,3,29,0,0,0,Dry,-0.967239793621461,named in manuscript,2022-03-29,88,Open field,Open field - Dry (2022)
Soybean,weatherBaselineopen,2022,3,30,0,0,0,Dry,-0.967239793621461,named in manuscript,2022-03-30,89,Open field,Open field - Dry (2022)
Soybean,weatherBaselineopen,2022,3,31,0,0,0,Dry,-0.967239793621461,named in manuscript,2022-03-31,90,Open field,Open field - Dry (2022)
Soybean,weatherBaselineopen,2022,4,1,0,0,0,Dry,-0.967239793621461,named in manuscript,2022-04-01,91,Open field,Open field - Dry (2022)
Soybean,weatherBaselineopen,2022,4,2,0,0,0,Dry,-0.967239793621461,named in manuscript,2022-04-02,92,Open field,Open field - Dry (2022)
Soybean,weatherBaselineopen,2022,4,3,0,0,0,Dry,-0.967239793621461,named in manuscript,2022-04-03,93,Open field,Open field - Dry (2022)
Soybean,weatherBaselineopen,2022,4,4,0,0,0,Dry,-0.967239793621461,named in manuscript,2022-04-04,94,Open field,Open field - Dry (2022)
Soybean,weatherBaselineopen,2022,4,5,0,0,0,Dry,-0.967239793621461,named in manuscript,2022-04-05,95,Open field,Open field - Dry (2022)
Soybean,weatherBaselineopen,2022,4,6,0,0,0,Dry,-0.967239793621461,named in manuscript,2022-04-06,96,Open field,Open field - Dry (2022)
Soybean,weatherBaselineopen,2022,4,7,0,0,0,Dry,-0.967239793621461,named in manuscript,2022-04-07,97,Open field,Open field - Dry (2022)
Soybean,weatherBaselineopen,2022,4,8,0,0,0,Dry,-0.967239793621461,named in manuscript,2022-04-08,98,Open field,Open field - Dry (2022)
Soybean,weatherBaselineopen,2022,4,9,0,0,0,Dry,-0.967239793621461,named in manuscript,2022-04-09,99,Open field,Open field - Dry (2022)
Soybean,weatherBaselineopen,2022,4,10,0,0,0,Dry,-0.967239793621461,named in manuscript,2022-04-10,100,Open field,Open field - Dry (2022)
Soybean,weatherBaselineopen,2022,4,11,0,0,0,Dry,-0.967239793621461,named in manuscript,2022-04-11,101,Open field,Open field - Dry (2022)
Soybean,weatherBaselineopen,2022,4,12,0,0,0,Dry,-0.967239793621461,named in manuscript,2022-04-12,102,Open field,Open field - Dry (2022)
Soybean,weatherBaselineopen,2022,4,13,0,0,0,Dry,-0.967239793621461,named in manuscript,2022-04-13,103,Open field,Open field - Dry (2022)
Soybean,weatherBaselineopen,2022,4,14,0,0,0,Dry,-0.967239793621461,named in manuscript,2022-04-14,104,Open field,Open field - Dry (2022)
Soybean,weatherBaselineopen,2022,4,15,0,0,0,Dry,-0.967239793621461,named in manuscript,2022-04-15,105,Open field,Open field - Dry (2022)
Soybean,weatherBaselineopen,2022,4,16,0,0,0,Dry,-0.967239793621461,named in manuscript,2022-04-16,106,Open field,Open field - Dry (2022)
Soybean,weatherBaselineopen,2022,4,17,0,0,0,Dry,-0.967239793621461,named in manuscript,2022-04-17,107,Open field,Open field - Dry (2022)
Soybean,weatherBaselineopen,2022,4,18,0,0,0,Dry,-0.967239793621461,named in manuscript,2022-04-18,108,Open field,Open field - Dry (2022)
Soybean,weatherBaselineopen,2022,4,19,0,0,0,Dry,-0.967239793621461,named in manuscript,2022-04-19,109,Open field,Open field - Dry (2022)
Soybean,weatherBaselineopen,2022,4,20,0,0,0,Dry,-0.967239793621461,named in manuscript,2022-04-20,110,Open field,Open field - Dry (2022)
Soybean,weatherBaselineopen,2022,4,21,0,0,0,Dry,-0.967239793621461,named in manuscript,2022-04-21,111,Open field,Open field - Dry (2022)
Soybean,weatherBaselineopen,2022,4,22,0,0,0,Dry,-0.967239793621461,named in manuscript,2022-04-22,112,Open field,Open field - Dry (2022)
Soybean,weatherBaselineopen,2022,4,23,0,0,0,Dry,-0.967239793621461,named in manuscript,2022-04-23,113,Open field,Open field - Dry (2022)
Soybean,weatherBaselineopen,2022,4,24,0,0,0,Dry,-0.967239793621461,named in manuscript,2022-04-24,114,Open field,Open field - Dry (2022)
Soybean,weatherBaselineopen,2022,4,25,0,0,0,Dry,-0.967239793621461,named in manuscript,2022-04-25,115,Open field,Open field - Dry (2022)
Soybean,weatherBaselineopen,2022,4,26,0,0,0,Dry,-0.967239793621461,named in manuscript,2022-04-26,116,Open field,Open field - Dry (2022)
Soybean,weatherBaselineopen,2022,4,27,0,0,0,Dry,-0.967239793621461,named in manuscript,2022-04-27,117,Open field,Open field - Dry (2022)
Soybean,weatherBaselineopen,2022,4,28,0,0,0,Dry,-0.967239793621461,named in manuscript,2022-04-28,118,Open field,Open field - Dry (2022)
Soybean,weatherBaselineopen,2022,4,29,0,0,0,Dry,-0.967239793621461,named in manuscript,2022-04-29,119,Open field,Open field - Dry (2022)
Soybean,weatherBaselineopen,2022,4,30,0,0,0,Dry,-0.967239793621461,named in manuscript,2022-04-30,120,Open field,Open field - Dry (2022)
Soybean,weatherBaselineopen,2022,5,1,0,0,0,Dry,-0.967239793621461,named in manuscript,2022-05-01,121,Open field,Open field - Dry (2022)
Soybean,weatherBaselineopen,2022,5,2,0,0,0,Dry,-0.967239793621461,named in manuscript,2022-05-02,122,Open field,Open field - Dry (2022)
Soybean,weatherBaselineopen,2022,5,3,0,0,0,Dry,-0.967239793621461,named in manuscript,2022-05-03,123,Open field,Open field - Dry (2022)
Soybean,weatherBaselineopen,2022,5,4,0,0,0,Dry,-0.967239793621461,named in manuscript,2022-05-04,124,Open field,Open field - Dry (2022)
Soybean,weatherBaselineopen,2022,5,5,0,0,0,Dry,-0.967239793621461,named in manuscript,2022-05-05,125,Open field,Open field - Dry (2022)
Soybean,weatherBaselineopen,2022,5,6,0,0,0,Dry,-0.967239793621461,named in manuscript,2022-05-06,126,Open field,Open field - Dry (2022)
Soybean,weatherBaselineopen,2022,5,7,0,0,0,Dry,-0.967239793621461,named in manuscript,2022-05-07,127,Open field,Open field - Dry (2022)
Soybean,weatherBaselineopen,2022,5,8,0,0,0,Dry,-0.967239793621461,named in manuscript,2022-05-08,128,Open field,Open field - Dry (2022)
Soybean,weatherBaselineopen,2022,5,9,0,0,0,Dry,-0.967239793621461,named in manuscript,2022-05-09,129,Open field,Open field - Dry (2022)
Soybean,weatherBaselineopen,2022,5,10,0,0,0,Dry,-0.967239793621461,named in manuscript,2022-05-10,130,Open field,Open field - Dry (2022)
Soybean,weatherBaselineopen,2022,5,11,0,0,0,Dry,-0.967239793621461,named in manuscript,2022-05-11,131,Open field,Open field - Dry (2022)
Soybean,weatherBaselineopen,2022,5,12,0,0,0,Dry,-0.967239793621461,named in manuscript,2022-05-12,132,Open field,Open field - Dry (2022)
Soybean,weatherBaselineopen,2022,5,13,0,0,0,Dry,-0.967239793621461,named in manuscript,2022-05-13,133,Open field,Open field - Dry (2022)
Soybean,weatherBaselineopen,2022,5,14,0,0,0,Dry,-0.967239793621461,named in manuscript,2022-05-14,134,Open field,Open field - Dry (2022)
Soybean,weatherBaselineopen,2022,5,15,0,0,0,Dry,-0.967239793621461,named in manuscript,2022-05-15,135,Open field,Open field - Dry (2022)
Soybean,weatherBaselineopen,2022,5,16,1e-5,0,0,Dry,-0.967239793621461,named in manuscript,2022-05-16,136,Open field,Open field - Dry (2022)
Soybean,weatherBaselineopen,2022,5,17,1e-5,0,0,Dry,-0.967239793621461,named in manuscript,2022-05-17,137,Open field,Open field - Dry (2022)
Soybean,weatherBaselineopen,2022,5,18,1e-5,0,0,Dry,-0.967239793621461,named in manuscript,2022-05-18,138,Open field,Open field - Dry (2022)
Soybean,weatherBaselineopen,2022,5,19,1e-5,0,0,Dry,-0.967239793621461,named in manuscript,2022-05-19,139,Open field,Open field - Dry (2022)
Soybean,weatherBaselineopen,2022,5,20,1e-5,0,0,Dry,-0.967239793621461,named in manuscript,2022-05-20,140,Open field,Open field - Dry (2022)
Soybean,weatherBaselineopen,2022,5,21,1e-5,0,0,Dry,-0.967239793621461,named in manuscript,2022-05-21,141,Open field,Open field - Dry (2022)
Soybean,weatherBaselineopen,2022,5,22,1e-5,0,0,Dry,-0.967239793621461,named in manuscript,2022-05-22,142,Open field,Open field - Dry (2022)
Soybean,weatherBaselineopen,2022,5,23,1e-5,0,0,Dry,-0.967239793621461,named in manuscript,2022-05-23,143,Open field,Open field - Dry (2022)
Soybean,weatherBaselineopen,2022,5,24,1e-5,0,0,Dry,-0.967239793621461,named in manuscript,2022-05-24,144,Open field,Open field - Dry (2022)
Soybean,weatherBaselineopen,2022,5,25,1e-5,0,0,Dry,-0.967239793621461,named in manuscript,2022-05-25,145,Open field,Open field - Dry (2022)
Soybean,weatherBaselineopen,2022,5,26,1e-5,0,0,Dry,-0.967239793621461,named in manuscript,2022-05-26,146,Open field,Open field - Dry (2022)
Soybean,weatherBaselineopen,2022,5,27,1e-5,0,0,Dry,-0.967239793621461,named in manuscript,2022-05-27,147,Open field,Open field - Dry (2022)
Soybean,weatherBaselineopen,2022,5,28,3.4307706683999996e-4,0,0.109097,Dry,-0.967239793621461,named in manuscript,2022-05-28,148,Open field,Open field - Dry (2022)
Soybean,weatherBaselineopen,2022,5,29,0.001855581604,0,0.109097,Dry,-0.967239793621461,named in manuscript,2022-05-29,149,Open field,Open field - Dry (2022)
Soybean,weatherBaselineopen,2022,5,30,0.003947082952999999,0,0.127507,Dry,-0.967239793621461,named in manuscript,2022-05-30,150,Open field,Open field - Dry (2022)
Soybean,weatherBaselineopen,2022,5,31,0.0056984987970000005,0,0.139549,Dry,-0.967239793621461,named in manuscript,2022-05-31,151,Open field,Open field - Dry (2022)
Soybean,weatherBaselineopen,2022,6,1,0.007398953120000001,0,0.149106,Dry,-0.967239793621461,named in manuscript,2022-06-01,152,Open field,Open field - Dry (2022)
Soybean,weatherBaselineopen,2022,6,2,0.00942367992,0,0.164879,Dry,-0.967239793621461,named in manuscript,2022-06-02,153,Open field,Open field - Dry (2022)
Soybean,weatherBaselineopen,2022,6,3,0.01105136732,0,0.179728,Dry,-0.967239793621461,named in manuscript,2022-06-03,154,Open field,Open field - Dry (2022)
Soybean,weatherBaselineopen,2022,6,4,0.012475749670000001,0,0.194447,Dry,-0.967239793621461,named in manuscript,2022-06-04,155,Open field,Open field - Dry (2022)
Soybean,weatherBaselineopen,2022,6,5,0.01748567579,0,0.205332,Dry,-0.967239793621461,named in manuscript,2022-06-05,156,Open field,Open field - Dry (2022)
Soybean,weatherBaselineopen,2022,6,6,0.0242888378,0,0.119672,Dry,-0.967239793621461,named in manuscript,2022-06-06,157,Open field,Open field - Dry (2022)
Soybean,weatherBaselineopen,2022,6,7,0.0297513664,0,0.152533,Dry,-0.967239793621461,named in manuscript,2022-06-07,158,Open field,Open field - Dry (2022)
Soybean,weatherBaselineopen,2022,6,8,0.0338305002,0,0.172273,Dry,-0.967239793621461,named in manuscript,2022-06-08,159,Open field,Open field - Dry (2022)
Soybean,weatherBaselineopen,2022,6,9,0.038321954899999996,0,0.185432,Dry,-0.967239793621461,named in manuscript,2022-06-09,160,Open field,Open field - Dry (2022)
Soybean,weatherBaselineopen,2022,6,10,0.0436448717,0,0.203158,Dry,-0.967239793621461,named in manuscript,2022-06-10,161,Open field,Open field - Dry (2022)
Soybean,weatherBaselineopen,2022,6,11,0.0503930541,0,0.210552,Dry,-0.967239793621461,named in manuscript,2022-06-11,162,Open field,Open field - Dry (2022)
Soybean,weatherBaselineopen,2022,6,12,0.05960308599999999,0,0.226639,Dry,-0.967239793621461,named in manuscript,2022-06-12,163,Open field,Open field - Dry (2022)
Soybean,weatherBaselineopen,2022,6,13,0.069692886,0,0.248541,Dry,-0.967239793621461,named in manuscript,2022-06-13,164,Open field,Open field - Dry (2022)
Soybean,weatherBaselineopen,2022,6,14,0.078791726,0,0.284769,Dry,-0.967239793621461,named in manuscript,2022-06-14,165,Open field,Open field - Dry (2022)
Soybean,weatherBaselineopen,2022,6,15,0.088263209,0,0.317781,Dry,-0.967239793621461,named in manuscript,2022-06-15,166,Open field,Open field - Dry (2022)
Soybean,weatherBaselineopen,2022,6,16,0.09892013599999999,0,0.349374,Dry,-0.967239793621461,named in manuscript,2022-06-16,167,Open field,Open field - Dry (2022)
Soybean,weatherBaselineopen,2022,6,17,0.114612861,0,0.386,Dry,-0.967239793621461,named in manuscript,2022-06-17,168,Open field,Open field - Dry (2022)
Soybean,weatherBaselineopen,2022,6,18,0.13283008300000002,0,0.435598,Dry,-0.967239793621461,named in manuscript,2022-06-18,169,Open field,Open field - Dry (2022)
Soybean,weatherBaselineopen,2022,6,19,0.151716433,0,0.48784,Dry,-0.967239793621461,named in manuscript,2022-06-19,170,Open field,Open field - Dry (2022)
Soybean,weatherBaselineopen,2022,6,20,0.169917106,0,0.540983,Dry,-0.967239793621461,named in manuscript,2022-06-20,171,Open field,Open field - Dry (2022)
Soybean,weatherBaselineopen,2022,6,21,0.18671062000000002,0,0.590821,Dry,-0.967239793621461,named in manuscript,2022-06-21,172,Open field,Open field - Dry (2022)
Soybean,weatherBaselineopen,2022,6,22,0.22161079,0,0.634086,Dry,-0.967239793621461,named in manuscript,2022-06-22,173,Open field,Open field - Dry (2022)
Soybean,weatherBaselineopen,2022,6,23,0.28321167999999997,0,0.73179,Dry,-0.967239793621461,named in manuscript,2022-06-23,174,Open field,Open field - Dry (2022)
Soybean,weatherBaselineopen,2022,6,24,0.36523207,0,0.898992,Dry,-0.967239793621461,named in manuscript,2022-06-24,175,Open field,Open field - Dry (2022)
Soybean,weatherBaselineopen,2022,6,25,0.543446499,9.45379e-4,0.993376,Dry,-0.967239793621461,named in manuscript,2022-06-25,176,Open field,Open field - Dry (2022)
Soybean,weatherBaselineopen,2022,6,26,0.7320479599999999,0.00404124,1.40461,Dry,-0.967239793621461,named in manuscript,2022-06-26,177,Open field,Open field - Dry (2022)
Soybean,weatherBaselineopen,2022,6,27,0.93522547,0.00916544,1.85248,Dry,-0.967239793621461,named in manuscript,2022-06-27,178,Open field,Open field - Dry (2022)
Soybean,weatherBaselineopen,2022,6,28,1.05677537,0.0128305,2.3077,Dry,-0.967239793621461,named in manuscript,2022-06-28,179,Open field,Open field - Dry (2022)
Soybean,weatherBaselineopen,2022,6,29,1.1783825499999998,0.0167621,2.57714,Dry,-0.967239793621461,named in manuscript,2022-06-29,180,Open field,Open field - Dry (2022)
Soybean,weatherBaselineopen,2022,6,30,1.3867055,0.0256234,2.86414,Dry,-0.967239793621461,named in manuscript,2022-06-30,181,Open field,Open field - Dry (2022)
Soybean,weatherBaselineopen,2022,7,1,1.6860514,0.0426357,3.3361,Dry,-0.967239793621461,named in manuscript,2022-07-01,182,Open field,Open field - Dry (2022)
Soybean,weatherBaselineopen,2022,7,2,1.9251218,0.0591463,3.97288,Dry,-0.967239793621461,named in manuscript,2022-07-02,183,Open field,Open field - Dry (2022)
Soybean,weatherBaselineopen,2022,7,3,2.1416695000000003,0.0766919,4.46745,Dry,-0.967239793621461,named in manuscript,2022-07-03,184,Open field,Open field - Dry (2022)
Soybean,weatherBaselineopen,2022,7,4,2.4120401,0.103009,4.90986,Dry,-0.967239793621461,named in manuscript,2022-07-04,185,Open field,Open field - Dry (2022)
Soybean,weatherBaselineopen,2022,7,5,2.6347983999999998,0.1268,5.44282,Dry,-0.967239793621461,named in manuscript,2022-07-05,186,Open field,Open field - Dry (2022)
Soybean,weatherBaselineopen,2022,7,6,2.7911693,0.145007,5.85597,Dry,-0.967239793621461,named in manuscript,2022-07-06,187,Open field,Open field - Dry (2022)
Soybean,weatherBaselineopen,2022,7,7,2.9284499,0.162479,6.13305,Dry,-0.967239793621461,named in manuscript,2022-07-07,188,Open field,Open field - Dry (2022)
Soybean,weatherBaselineopen,2022,7,8,3.0786771999999996,0.183883,6.36688,Dry,-0.967239793621461,named in manuscript,2022-07-08,189,Open field,Open field - Dry (2022)
Soybean,weatherBaselineopen,2022,7,9,3.2277535,0.209288,6.61695,Dry,-0.967239793621461,named in manuscript,2022-07-09,190,Open field,Open field - Dry (2022)
Soybean,weatherBaselineopen,2022,7,10,3.3546733000000004,0.232142,6.85997,Dry,-0.967239793621461,named in manuscript,2022-07-10,191,Open field,Open field - Dry (2022)
Soybean,weatherBaselineopen,2022,7,11,3.4831543000000007,0.256063,7.06024,Dry,-0.967239793621461,named in manuscript,2022-07-11,192,Open field,Open field - Dry (2022)
Soybean,weatherBaselineopen,2022,7,12,3.6486669000000003,0.289142,7.26063,Dry,-0.967239793621461,named in manuscript,2022-07-12,193,Open field,Open field - Dry (2022)
Soybean,weatherBaselineopen,2022,7,13,3.841332,0.33234,7.48092,Dry,-0.967239793621461,named in manuscript,2022-07-13,194,Open field,Open field - Dry (2022)
Soybean,weatherBaselineopen,2022,7,14,4.022955,0.378237,7.67078,Dry,-0.967239793621461,named in manuscript,2022-07-14,195,Open field,Open field - Dry (2022)
Soybean,weatherBaselineopen,2022,7,15,4.14705,0.414782,7.77608,Dry,-0.967239793621461,named in manuscript,2022-07-15,196,Open field,Open field - Dry (2022)
Soybean,weatherBaselineopen,2022,7,16,4.227684,0.442676,7.74903,Dry,-0.967239793621461,named in manuscript,2022-07-16,197,Open field,Open field - Dry (2022)
Soybean,weatherBaselineopen,2022,7,17,4.303394,0.469226,7.66181,Dry,-0.967239793621461,named in manuscript,2022-07-17,198,Open field,Open field - Dry (2022)
Soybean,weatherBaselineopen,2022,7,18,4.3931379999999995,0.499515,7.59097,Dry,-0.967239793621461,named in manuscript,2022-07-18,199,Open field,Open field - Dry (2022)
Soybean,weatherBaselineopen,2022,7,19,4.489531,0.533514,7.55556,Dry,-0.967239793621461,named in manuscript,2022-07-19,200,Open field,Open field - Dry (2022)
Soybean,weatherBaselineopen,2022,7,20,4.646926,0.58843,7.52913,Dry,-0.967239793621461,named in manuscript,2022-07-20,201,Open field,Open field - Dry (2022)
Soybean,weatherBaselineopen,2022,7,21,4.810009,0.65376,7.57452,Dry,-0.967239793621461,named in manuscript,2022-07-21,202,Open field,Open field - Dry (2022)
Soybean,weatherBaselineopen,2022,7,22,4.938056,0.712673,7.57717,Dry,-0.967239793621461,named in manuscript,2022-07-22,203,Open field,Open field - Dry (2022)
Soybean,weatherBaselineopen,2022,7,23,5.008038,0.751406,7.52034,Dry,-0.967239793621461,named in manuscript,2022-07-23,204,Open field,Open field - Dry (2022)
Soybean,weatherBaselineopen,2022,7,24,5.032012,0.771226,7.41525,Dry,-0.967239793621461,named in manuscript,2022-07-24,205,Open field,Open field - Dry (2022)
Soybean,weatherBaselineopen,2022,7,25,5.063276999999999,0.792809,7.29815,Dry,-0.967239793621461,named in manuscript,2022-07-25,206,Open field,Open field - Dry (2022)
Soybean,weatherBaselineopen,2022,7,26,5.104876000000001,0.819277,7.21933,Dry,-0.967239793621461,named in manuscript,2022-07-26,207,Open field,Open field - Dry (2022)
Soybean,weatherBaselineopen,2022,7,27,5.150285,0.847152,7.16233,Dry,-0.967239793621461,named in manuscript,2022-07-27,208,Open field,Open field - Dry (2022)
Soybean,weatherBaselineopen,2022,7,28,5.187159,0.871757,7.12187,Dry,-0.967239793621461,named in manuscript,2022-07-28,209,Open field,Open field - Dry (2022)
Soybean,weatherBaselineopen,2022,7,29,5.231260000000001,0.901384,7.07321,Dry,-0.967239793621461,named in manuscript,2022-07-29,210,Open field,Open field - Dry (2022)
Soybean,weatherBaselineopen,2022,7,30,5.287786,0.940091,7.02279,Dry,-0.967239793621461,named in manuscript,2022-07-30,211,Open field,Open field - Dry (2022)
Soybean,weatherBaselineopen,2022,7,31,5.342694999999999,0.981347,6.96711,Dry,-0.967239793621461,named in manuscript,2022-07-31,212,Open field,Open field - Dry (2022)
Soybean,weatherBaselineopen,2022,8,1,5.380973,1.013,6.8972,Dry,-0.967239793621461,named in manuscript,2022-08-01,213,Open field,Open field - Dry (2022)
Soybean,weatherBaselineopen,2022,8,2,5.421478,1.04625,6.82672,Dry,-0.967239793621461,named in manuscript,2022-08-02,214,Open field,Open field - Dry (2022)
Soybean,weatherBaselineopen,2022,8,3,5.453509,1.07419,6.75713,Dry,-0.967239793621461,named in manuscript,2022-08-03,215,Open field,Open field - Dry (2022)
Soybean,weatherBaselineopen,2022,8,4,5.497797,1.11066,6.68781,Dry,-0.967239793621461,named in manuscript,2022-08-04,216,Open field,Open field - Dry (2022)
Soybean,weatherBaselineopen,2022,8,5,5.551114,1.15372,6.61844,Dry,-0.967239793621461,named in manuscript,2022-08-05,217,Open field,Open field - Dry (2022)
Soybean,weatherBaselineopen,2022,8,6,5.589766,1.18715,6.5495,Dry,-0.967239793621461,named in manuscript,2022-08-06,218,Open field,Open field - Dry (2022)
Soybean,weatherBaselineopen,2022,8,7,5.614268,1.21113,6.48112,Dry,-0.967239793621461,named in manuscript,2022-08-07,219,Open field,Open field - Dry (2022)
Soybean,weatherBaselineopen,2022,8,8,5.626456999999999,1.22675,6.41304,Dry,-0.967239793621461,named in manuscript,2022-08-08,220,Open field,Open field - Dry (2022)
Soybean,weatherBaselineopen,2022,8,9,5.637233,1.24151,6.34526,Dry,-0.967239793621461,named in manuscript,2022-08-09,221,Open field,Open field - Dry (2022)
Soybean,weatherBaselineopen,2022,8,10,5.650367,1.25804,6.27765,Dry,-0.967239793621461,named in manuscript,2022-08-10,222,Open field,Open field - Dry (2022)
Soybean,weatherBaselineopen,2022,8,11,5.667379,1.27755,6.21029,Dry,-0.967239793621461,named in manuscript,2022-08-11,223,Open field,Open field - Dry (2022)
Soybean,weatherBaselineopen,2022,8,12,5.685378,1.29809,6.14314,Dry,-0.967239793621461,named in manuscript,2022-08-12,224,Open field,Open field - Dry (2022)
Soybean,weatherBaselineopen,2022,8,13,5.702823,1.31862,6.07611,Dry,-0.967239793621461,named in manuscript,2022-08-13,225,Open field,Open field - Dry (2022)
Soybean,weatherBaselineopen,2022,8,14,5.719239,1.33882,6.00907,Dry,-0.967239793621461,named in manuscript,2022-08-14,226,Open field,Open field - Dry (2022)
Soybean,weatherBaselineopen,2022,8,15,5.732505,1.35703,5.94204,Dry,-0.967239793621461,named in manuscript,2022-08-15,227,Open field,Open field - Dry (2022)
Soybean,weatherBaselineopen,2022,8,16,5.74305,1.3735,5.87503,Dry,-0.967239793621461,named in manuscript,2022-08-16,228,Open field,Open field - Dry (2022)
Soybean,weatherBaselineopen,2022,8,17,5.751644000000001,1.3887100000000001,5.80809,Dry,-0.967239793621461,named in manuscript,2022-08-17,229,Open field,Open field - Dry (2022)
Soybean,weatherBaselineopen,2022,8,18,5.757865000000001,1.40221,5.74142,Dry,-0.967239793621461,named in manuscript,2022-08-18,230,Open field,Open field - Dry (2022)
Soybean,weatherBaselineopen,2022,8,19,5.758625,1.41123,5.6751,Dry,-0.967239793621461,named in manuscript,2022-08-19,231,Open field,Open field - Dry (2022)
Soybean,weatherBaselineopen,2022,8,20,5.759036,1.42007,5.60954,Dry,-0.967239793621461,named in manuscript,2022-08-20,232,Open field,Open field - Dry (2022)
Soybean,weatherBaselineopen,2022,8,21,5.7587090000000005,1.42837,5.54393,Dry,-0.967239793621461,named in manuscript,2022-08-21,233,Open field,Open field - Dry (2022)
Soybean,weatherBaselineopen,2022,8,22,5.755986,1.43457,5.4788,Dry,-0.967239793621461,named in manuscript,2022-08-22,234,Open field,Open field - Dry (2022)
Soybean,weatherBaselineopen,2022,8,23,5.750982,1.43874,5.41441,Dry,-0.967239793621461,named in manuscript,2022-08-23,235,Open field,Open field - Dry (2022)
Soybean,weatherBaselineopen,2022,8,24,5.745717,1.44271,5.35059,Dry,-0.967239793621461,named in manuscript,2022-08-24,236,Open field,Open field - Dry (2022)
Soybean,weatherBaselineopen,2022,8,25,5.741262000000001,1.44746,5.28656,Dry,-0.967239793621461,named in manuscript,2022-08-25,237,Open field,Open field - Dry (2022)
Soybean,weatherBaselineopen,2022,8,26,5.737333,1.45278,5.2227,Dry,-0.967239793621461,named in manuscript,2022-08-26,238,Open field,Open field - Dry (2022)
Soybean,weatherBaselineopen,2022,8,27,5.733825,1.45857,5.15915,Dry,-0.967239793621461,named in manuscript,2022-08-27,239,Open field,Open field - Dry (2022)
Soybean,weatherBaselineopen,2022,8,28,5.730055,1.46414,5.09598,Dry,-0.967239793621461,named in manuscript,2022-08-28,240,Open field,Open field - Dry (2022)
Soybean,weatherBaselineopen,2022,8,29,5.725237999999999,1.46869,5.03342,Dry,-0.967239793621461,named in manuscript,2022-08-29,241,Open field,Open field - Dry (2022)
Soybean,weatherBaselineopen,2022,8,30,5.718932000000001,1.4718,4.97134,Dry,-0.967239793621461,named in manuscript,2022-08-30,242,Open field,Open field - Dry (2022)
Soybean,weatherBaselineopen,2022,8,31,5.710812000000001,1.47315,4.90891,Dry,-0.967239793621461,named in manuscript,2022-08-31,243,Open field,Open field - Dry (2022)
Soybean,weatherBaselineopen,2022,9,1,5.698321999999999,1.47409,4.84623,Dry,-0.967239793621461,named in manuscript,2022-09-01,244,Open field,Open field - Dry (2022)
Soybean,weatherBaselineopen,2022,9,2,5.685262,1.47503,4.77689,Dry,-0.967239793621461,named in manuscript,2022-09-02,245,Open field,Open field - Dry (2022)
Soybean,weatherBaselineopen,2022,9,3,5.672132,1.47583,4.70693,Dry,-0.967239793621461,named in manuscript,2022-09-03,246,Open field,Open field - Dry (2022)
Soybean,weatherBaselineopen,2022,9,4,5.656929,1.47721,4.63439,Dry,-0.967239793621461,named in manuscript,2022-09-04,247,Open field,Open field - Dry (2022)
Soybean,weatherBaselineopen,2022,9,5,5.644463,1.47817,4.56063,Dry,-0.967239793621461,named in manuscript,2022-09-05,248,Open field,Open field - Dry (2022)
Soybean,weatherBaselineopen,2022,9,6,5.628959,1.4793,4.48863,Dry,-0.967239793621461,named in manuscript,2022-09-06,249,Open field,Open field - Dry (2022)
Soybean,weatherBaselineopen,2022,9,7,5.613679,1.48005,4.41433,Dry,-0.967239793621461,named in manuscript,2022-09-07,250,Open field,Open field - Dry (2022)
Soybean,weatherBaselineopen,2022,9,8,5.597545,1.48099,4.33786,Dry,-0.967239793621461,named in manuscript,2022-09-08,251,Open field,Open field - Dry (2022)
Soybean,weatherBaselineopen,2022,9,9,5.5811,1.48191,4.2617,Dry,-0.967239793621461,named in manuscript,2022-09-09,252,Open field,Open field - Dry (2022)
Soybean,weatherBaselineopen,2022,9,10,5.565377,1.48264,4.18544,Dry,-0.967239793621461,named in manuscript,2022-09-10,253,Open field,Open field - Dry (2022)
Soybean,weatherBaselineopen,2022,9,11,5.5503160000000005,1.48373,4.11124,Dry,-0.967239793621461,named in manuscript,2022-09-11,254,Open field,Open field - Dry (2022)
Soybean,weatherRad0Center,2007,1,1,0,0,0,Near-normal,0.02276371210427937,named in manuscript,2007-01-01,1,VAPV (Rad 0%),VAPV (Rad 0%) - Near-normal (2007)
Soybean,weatherRad0Center,2007,1,2,0,0,0,Near-normal,0.02276371210427937,named in manuscript,2007-01-02,2,VAPV (Rad 0%),VAPV (Rad 0%) - Near-normal (2007)
Soybean,weatherRad0Center,2007,1,3,0,0,0,Near-normal,0.02276371210427937,named in manuscript,2007-01-03,3,VAPV (Rad 0%),VAPV (Rad 0%) - Near-normal (2007)
Soybean,weatherRad0Center,2007,1,4,0,0,0,Near-normal,0.02276371210427937,named in manuscript,2007-01-04,4,VAPV (Rad 0%),VAPV (Rad 0%) - Near-normal (2007)
Soybean,weatherRad0Center,2007,1,5,0,0,0,Near-normal,0.02276371210427937,named in manuscript,2007-01-05,5,VAPV (Rad 0%),VAPV (Rad 0%) - Near-normal (2007)
Soybean,weatherRad0Center,2007,1,6,0,0,0,Near-normal,0.02276371210427937,named in manuscript,2007-01-06,6,VAPV (Rad 0%),VAPV (Rad 0%) - Near-normal (2007)
Soybean,weatherRad0Center,2007,1,7,0,0,0,Near-normal,0.02276371210427937,named in manuscript,2007-01-07,7,VAPV (Rad 0%),VAPV (Rad 0%) - Near-normal (2007)
Soybean,weatherRad0Center,2007,1,8,0,0,0,Near-normal,0.02276371210427937,named in manuscript,2007-01-08,8,VAPV (Rad 0%),VAPV (Rad 0%) - Near-normal (2007)
Soybean,weatherRad0Center,2007,1,9,0,0,0,Near-normal,0.02276371210427937,named in manuscript,2007-01-09,9,VAPV (Rad 0%),VAPV (Rad 0%) - Near-normal (2007)
Soybean,weatherRad0Center,2007,1,10,0,0,0,Near-normal,0.02276371210427937,named in manuscript,2007-01-10,10,VAPV (Rad 0%),VAPV (Rad 0%) - Near-normal (2007)
Soybean,weatherRad0Center,2007,1,11,0,0,0,Near-normal,0.02276371210427937,named in manuscript,2007-01-11,11,VAPV (Rad 0%),VAPV (Rad 0%) - Near-normal (2007)
Soybean,weatherRad0Center,2007,1,12,0,0,0,Near-normal,0.02276371210427937,named in manuscript,2007-01-12,12,VAPV (Rad 0%),VAPV (Rad 0%) - Near-normal (2007)
Soybean,weatherRad0Center,2007,1,13,0,0,0,Near-normal,0.02276371210427937,named in manuscript,2007-01-13,13,VAPV (Rad 0%),VAPV (Rad 0%) - Near-normal (2007)
Soybean,weatherRad0Center,2007,1,14,0,0,0,Near-normal,0.02276371210427937,named in manuscript,2007-01-14,14,VAPV (Rad 0%),VAPV (Rad 0%) - Near-normal (2007)
Soybean,weatherRad0Center,2007,1,15,0,0,0,Near-normal,0.02276371210427937,named in manuscript,2007-01-15,15,VAPV (Rad 0%),VAPV (Rad 0%) - Near-normal (2007)
Soybean,weatherRad0Center,2007,1,16,0,0,0,Near-normal,0.02276371210427937,named in manuscript,2007-01-16,16,VAPV (Rad 0%),VAPV (Rad 0%) - Near-normal (2007)
Soybean,weatherRad0Center,2007,1,17,0,0,0,Near-normal,0.02276371210427937,named in manuscript,2007-01-17,17,VAPV (Rad 0%),VAPV (Rad 0%) - Near-normal (2007)
Soybean,weatherRad0Center,2007,1,18,0,0,0,Near-normal,0.02276371210427937,named in manuscript,2007-01-18,18,VAPV (Rad 0%),VAPV (Rad 0%) - Near-normal (2007)
Soybean,weatherRad0Center,2007,1,19,0,0,0,Near-normal,0.02276371210427937,named in manuscript,2007-01-19,19,VAPV (Rad 0%),VAPV (Rad 0%) - Near-normal (2007)
Soybean,weatherRad0Center,2007,1,20,0,0,0,Near-normal,0.02276371210427937,named in manuscript,2007-01-20,20,VAPV (Rad 0%),VAPV (Rad 0%) - Near-normal (2007)
Soybean,weatherRad0Center,2007,1,21,0,0,0,Near-normal,0.02276371210427937,named in manuscript,2007-01-21,21,VAPV (Rad 0%),VAPV (Rad 0%) - Near-normal (2007)
Soybean,weatherRad0Center,2007,1,22,0,0,0,Near-normal,0.02276371210427937,named in manuscript,2007-01-22,22,VAPV (Rad 0%),VAPV (Rad 0%) - Near-normal (2007)
Soybean,weatherRad0Center,2007,1,23,0,0,0,Near-normal,0.02276371210427937,named in manuscript,2007-01-23,23,VAPV (Rad 0%),VAPV (Rad 0%) - Near-normal (2007)
Soybean,weatherRad0Center,2007,1,24,0,0,0,Near-normal,0.02276371210427937,named in manuscript,2007-01-24,24,VAPV (Rad 0%),VAPV (Rad 0%) - Near-normal (2007)
Soybean,weatherRad0Center,2007,1,25,0,0,0,Near-normal,0.02276371210427937,named in manuscript,2007-01-25,25,VAPV (Rad 0%),VAPV (Rad 0%) - Near-normal (2007)
Soybean,weatherRad0Center,2007,1,26,0,0,0,Near-normal,0.02276371210427937,named in manuscript,2007-01-26,26,VAPV (Rad 0%),VAPV (Rad 0%) - Near-normal (2007)
Soybean,weatherRad0Center,2007,1,27,0,0,0,Near-normal,0.02276371210427937,named in manuscript,2007-01-27,27,VAPV (Rad 0%),VAPV (Rad 0%) - Near-normal (2007)
Soybean,weatherRad0Center,2007,1,28,0,0,0,Near-normal,0.02276371210427937,named in manuscript,2007-01-28,28,VAPV (Rad 0%),VAPV (Rad 0%) - Near-normal (2007)
Soybean,weatherRad0Center,2007,1,29,0,0,0,Near-normal,0.02276371210427937,named in manuscript,2007-01-29,29,VAPV (Rad 0%),VAPV (Rad 0%) - Near-normal (2007)
Soybean,weatherRad0Center,2007,1,30,0,0,0,Near-normal,0.02276371210427937,named in manuscript,2007-01-30,30,VAPV (Rad 0%),VAPV (Rad 0%) - Near-normal (2007)
Soybean,weatherRad0Center,2007,1,31,0,0,0,Near-normal,0.02276371210427937,named in manuscript,2007-01-31,31,VAPV (Rad 0%),VAPV (Rad 0%) - Near-normal (2007)
Soybean,weatherRad0Center,2007,2,1,0,0,0,Near-normal,0.02276371210427937,named in manuscript,2007-02-01,32,VAPV (Rad 0%),VAPV (Rad 0%) - Near-normal (2007)
Soybean,weatherRad0Center,2007,2,2,0,0,0,Near-normal,0.02276371210427937,named in manuscript,2007-02-02,33,VAPV (Rad 0%),VAPV (Rad 0%) - Near-normal (2007)
Soybean,weatherRad0Center,2007,2,3,0,0,0,Near-normal,0.02276371210427937,named in manuscript,2007-02-03,34,VAPV (Rad 0%),VAPV (Rad 0%) - Near-normal (2007)
Soybean,weatherRad0Center,2007,2,4,0,0,0,Near-normal,0.02276371210427937,named in manuscript,2007-02-04,35,VAPV (Rad 0%),VAPV (Rad 0%) - Near-normal (2007)
Soybean,weatherRad0Center,2007,2,5,0,0,0,Near-normal,0.02276371210427937,named in manuscript,2007-02-05,36,VAPV (Rad 0%),VAPV (Rad 0%) - Near-normal (2007)
Soybean,weatherRad0Center,2007,2,6,0,0,0,Near-normal,0.02276371210427937,named in manuscript,2007-02-06,37,VAPV (Rad 0%),VAPV (Rad 0%) - Near-normal (2007)
Soybean,weatherRad0Center,2007,2,7,0,0,0,Near-normal,0.02276371210427937,named in manuscript,2007-02-07,38,VAPV (Rad 0%),VAPV (Rad 0%) - Near-normal (2007)
Soybean,weatherRad0Center,2007,2,8,0,0,0,Near-normal,0.02276371210427937,named in manuscript,2007-02-08,39,VAPV (Rad 0%),VAPV (Rad 0%) - Near-normal (2007)
Soybean,weatherRad0Center,2007,2,9,0,0,0,Near-normal,0.02276371210427937,named in manuscript,2007-02-09,40,VAPV (Rad 0%),VAPV (Rad 0%) - Near-normal (2007)
Soybean,weatherRad0Center,2007,2,10,0,0,0,Near-normal,0.02276371210427937,named in manuscript,2007-02-10,41,VAPV (Rad 0%),VAPV (Rad 0%) - Near-normal (2007)
Soybean,weatherRad0Center,2007,2,11,0,0,0,Near-normal,0.02276371210427937,named in manuscript,2007-02-11,42,VAPV (Rad 0%),VAPV (Rad 0%) - Near-normal (2007)
Soybean,weatherRad0Center,2007,2,12,0,0,0,Near-normal,0.02276371210427937,named in manuscript,2007-02-12,43,VAPV (Rad 0%),VAPV (Rad 0%) - Near-normal (2007)
Soybean,weatherRad0Center,2007,2,13,0,0,0,Near-normal,0.02276371210427937,named in manuscript,2007-02-13,44,VAPV (Rad 0%),VAPV (Rad 0%) - Near-normal (2007)
Soybean,weatherRad0Center,2007,2,14,0,0,0,Near-normal,0.02276371210427937,named in manuscript,2007-02-14,45,VAPV (Rad 0%),VAPV (Rad 0%) - Near-normal (2007)
Soybean,weatherRad0Center,2007,2,15,0,0,0,Near-normal,0.02276371210427937,named in manuscript,2007-02-15,46,VAPV (Rad 0%),VAPV (Rad 0%) - Near-normal (2007)
Soybean,weatherRad0Center,2007,2,16,0,0,0,Near-normal,0.02276371210427937,named in manuscript,2007-02-16,47,VAPV (Rad 0%),VAPV (Rad 0%) - Near-normal (2007)
Soybean,weatherRad0Center,2007,2,17,0,0,0,Near-normal,0.02276371210427937,named in manuscript,2007-02-17,48,VAPV (Rad 0%),VAPV (Rad 0%) - Near-normal (2007)
Soybean,weatherRad0Center,2007,2,18,0,0,0,Near-normal,0.02276371210427937,named in manuscript,2007-02-18,49,VAPV (Rad 0%),VAPV (Rad 0%) - Near-normal (2007)
Soybean,weatherRad0Center,2007,2,19,0,0,0,Near-normal,0.02276371210427937,named in manuscript,2007-02-19,50,VAPV (Rad 0%),VAPV (Rad 0%) - Near-normal (2007)
Soybean,weatherRad0Center,2007,2,20,0,0,0,Near-normal,0.02276371210427937,named in manuscript,2007-02-20,51,VAPV (Rad 0%),VAPV (Rad 0%) - Near-normal (2007)
Soybean,weatherRad0Center,2007,2,21,0,0,0,Near-normal,0.02276371210427937,named in manuscript,2007-02-21,52,VAPV (Rad 0%),VAPV (Rad 0%) - Near-normal (2007)
Soybean,weatherRad0Center,2007,2,22,0,0,0,Near-normal,0.02276371210427937,named in manuscript,2007-02-22,53,VAPV (Rad 0%),VAPV (Rad 0%) - Near-normal (2007)
Soybean,weatherRad0Center,2007,2,23,0,0,0,Near-normal,0.02276371210427937,named in manuscript,2007-02-23,54,VAPV (Rad 0%),VAPV (Rad 0%) - Near-normal (2007)
Soybean,weatherRad0Center,2007,2,24,0,0,0,Near-normal,0.02276371210427937,named in manuscript,2007-02-24,55,VAPV (Rad 0%),VAPV (Rad 0%) - Near-normal (2007)
Soybean,weatherRad0Center,2007,2,25,0,0,0,Near-normal,0.02276371210427937,named in manuscript,2007-02-25,56,VAPV (Rad 0%),VAPV (Rad 0%) - Near-normal (2007)
Soybean,weatherRad0Center,2007,2,26,0,0,0,Near-normal,0.02276371210427937,named in manuscript,2007-02-26,57,VAPV (Rad 0%),VAPV (Rad 0%) - Near-normal (2007)
Soybean,weatherRad0Center,2007,2,27,0,0,0,Near-normal,0.02276371210427937,named in manuscript,2007-02-27,58,VAPV (Rad 0%),VAPV (Rad 0%) - Near-normal (2007)
Soybean,weatherRad0Center,2007,2,28,0,0,0,Near-normal,0.02276371210427937,named in manuscript,2007-02-28,59,VAPV (Rad 0%),VAPV (Rad 0%) - Near-normal (2007)
Soybean,weatherRad0Center,2007,3,1,0,0,0,Near-normal,0.02276371210427937,named in manuscript,2007-03-01,60,VAPV (Rad 0%),VAPV (Rad 0%) - Near-normal (2007)
Soybean,weatherRad0Center,2007,3,2,0,0,0,Near-normal,0.02276371210427937,named in manuscript,2007-03-02,61,VAPV (Rad 0%),VAPV (Rad 0%) - Near-normal (2007)
Soybean,weatherRad0Center,2007,3,3,0,0,0,Near-normal,0.02276371210427937,named in manuscript,2007-03-03,62,VAPV (Rad 0%),VAPV (Rad 0%) - Near-normal (2007)
Soybean,weatherRad0Center,2007,3,4,0,0,0,Near-normal,0.02276371210427937,named in manuscript,2007-03-04,63,VAPV (Rad 0%),VAPV (Rad 0%) - Near-normal (2007)
Soybean,weatherRad0Center,2007,3,5,0,0,0,Near-normal,0.02276371210427937,named in manuscript,2007-03-05,64,VAPV (Rad 0%),VAPV (Rad 0%) - Near-normal (2007)
Soybean,weatherRad0Center,2007,3,6,0,0,0,Near-normal,0.02276371210427937,named in manuscript,2007-03-06,65,VAPV (Rad 0%),VAPV (Rad 0%) - Near-normal (2007)
Soybean,weatherRad0Center,2007,3,7,0,0,0,Near-normal,0.02276371210427937,named in manuscript,2007-03-07,66,VAPV (Rad 0%),VAPV (Rad 0%) - Near-normal (2007)
Soybean,weatherRad0Center,2007,3,8,0,0,0,Near-normal,0.02276371210427937,named in manuscript,2007-03-08,67,VAPV (Rad 0%),VAPV (Rad 0%) - Near-normal (2007)
Soybean,weatherRad0Center,2007,3,9,0,0,0,Near-normal,0.02276371210427937,named in manuscript,2007-03-09,68,VAPV (Rad 0%),VAPV (Rad 0%) - Near-normal (2007)
Soybean,weatherRad0Center,2007,3,10,0,0,0,Near-normal,0.02276371210427937,named in manuscript,2007-03-10,69,VAPV (Rad 0%),VAPV (Rad 0%) - Near-normal (2007)
Soybean,weatherRad0Center,2007,3,11,0,0,0,Near-normal,0.02276371210427937,named in manuscript,2007-03-11,70,VAPV (Rad 0%),VAPV (Rad 0%) - Near-normal (2007)
Soybean,weatherRad0Center,2007,3,12,0,0,0,Near-normal,0.02276371210427937,named in manuscript,2007-03-12,71,VAPV (Rad 0%),VAPV (Rad 0%) - Near-normal (2007)
Soybean,weatherRad0Center,2007,3,13,0,0,0,Near-normal,0.02276371210427937,named in manuscript,2007-03-13,72,VAPV (Rad 0%),VAPV (Rad 0%) - Near-normal (2007)
Soybean,weatherRad0Center,2007,3,14,0,0,0,Near-normal,0.02276371210427937,named in manuscript,2007-03-14,73,VAPV (Rad 0%),VAPV (Rad 0%) - Near-normal (2007)
Soybean,weatherRad0Center,2007,3,15,0,0,0,Near-normal,0.02276371210427937,named in manuscript,2007-03-15,74,VAPV (Rad 0%),VAPV (Rad 0%) - Near-normal (2007)
Soybean,weatherRad0Center,2007,3,16,0,0,0,Near-normal,0.02276371210427937,named in manuscript,2007-03-16,75,VAPV (Rad 0%),VAPV (Rad 0%) - Near-normal (2007)
Soybean,weatherRad0Center,2007,3,17,0,0,0,Near-normal,0.02276371210427937,named in manuscript,2007-03-17,76,VAPV (Rad 0%),VAPV (Rad 0%) - Near-normal (2007)
Soybean,weatherRad0Center,2007,3,18,0,0,0,Near-normal,0.02276371210427937,named in manuscript,2007-03-18,77,VAPV (Rad 0%),VAPV (Rad 0%) - Near-normal (2007)
Soybean,weatherRad0Center,2007,3,19,0,0,0,Near-normal,0.02276371210427937,named in manuscript,2007-03-19,78,VAPV (Rad 0%),VAPV (Rad 0%) - Near-normal (2007)
Soybean,weatherRad0Center,2007,3,20,0,0,0,Near-normal,0.02276371210427937,named in manuscript,2007-03-20,79,VAPV (Rad 0%),VAPV (Rad 0%) - Near-normal (2007)
Soybean,weatherRad0Center,2007,3,21,0,0,0,Near-normal,0.02276371210427937,named in manuscript,2007-03-21,80,VAPV (Rad 0%),VAPV (Rad 0%) - Near-normal (2007)
Soybean,weatherRad0Center,2007,3,22,0,0,0,Near-normal,0.02276371210427937,named in manuscript,2007-03-22,81,VAPV (Rad 0%),VAPV (Rad 0%) - Near-normal (2007)
Soybean,weatherRad0Center,2007,3,23,0,0,0,Near-normal,0.02276371210427937,named in manuscript,2007-03-23,82,VAPV (Rad 0%),VAPV (Rad 0%) - Near-normal (2007)
Soybean,weatherRad0Center,2007,3,24,0,0,0,Near-normal,0.02276371210427937,named in manuscript,2007-03-24,83,VAPV (Rad 0%),VAPV (Rad 0%) - Near-normal (2007)
Soybean,weatherRad0Center,2007,3,25,0,0,0,Near-normal,0.02276371210427937,named in manuscript,2007-03-25,84,VAPV (Rad 0%),VAPV (Rad 0%) - Near-normal (2007)
Soybean,weatherRad0Center,2007,3,26,0,0,0,Near-normal,0.02276371210427937,named in manuscript,2007-03-26,85,VAPV (Rad 0%),VAPV (Rad 0%) - Near-normal (2007)
Soybean,weatherRad0Center,2007,3,27,0,0,0,Near-normal,0.02276371210427937,named in manuscript,2007-03-27,86,VAPV (Rad 0%),VAPV (Rad 0%) - Near-normal (2007)
Soybean,weatherRad0Center,2007,3,28,0,0,0,Near-normal,0.02276371210427937,named in manuscript,2007-03-28,87,VAPV (Rad 0%),VAPV (Rad 0%) - Near-normal (2007)
Soybean,weatherRad0Center,2007,3,29,0,0,0,Near-normal,0.02276371210427937,named in manuscript,2007-03-29,88,VAPV (Rad 0%),VAPV (Rad 0%) - Near-normal (2007)
Soybean,weatherRad0Center,2007,3,30,0,0,0,Near-normal,0.02276371210427937,named in manuscript,2007-03-30,89,VAPV (Rad 0%),VAPV (Rad 0%) - Near-normal (2007)
Soybean,weatherRad0Center,2007,3,31,0,0,0,Near-normal,0.02276371210427937,named in manuscript,2007-03-31,90,VAPV (Rad 0%),VAPV (Rad 0%) - Near-normal (2007)
Soybean,weatherRad0Center,2007,4,1,0,0,0,Near-normal,0.02276371210427937,named in manuscript,2007-04-01,91,VAPV (Rad 0%),VAPV (Rad 0%) - Near-normal (2007)
Soybean,weatherRad0Center,2007,4,2,0,0,0,Near-normal,0.02276371210427937,named in manuscript,2007-04-02,92,VAPV (Rad 0%),VAPV (Rad 0%) - Near-normal (2007)
Soybean,weatherRad0Center,2007,4,3,0,0,0,Near-normal,0.02276371210427937,named in manuscript,2007-04-03,93,VAPV (Rad 0%),VAPV (Rad 0%) - Near-normal (2007)
Soybean,weatherRad0Center,2007,4,4,0,0,0,Near-normal,0.02276371210427937,named in manuscript,2007-04-04,94,VAPV (Rad 0%),VAPV (Rad 0%) - Near-normal (2007)
Soybean,weatherRad0Center,2007,4,5,0,0,0,Near-normal,0.02276371210427937,named in manuscript,2007-04-05,95,VAPV (Rad 0%),VAPV (Rad 0%) - Near-normal (2007)
Soybean,weatherRad0Center,2007,4,6,0,0,0,Near-normal,0.02276371210427937,named in manuscript,2007-04-06,96,VAPV (Rad 0%),VAPV (Rad 0%) - Near-normal (2007)
Soybean,weatherRad0Center,2007,4,7,0,0,0,Near-normal,0.02276371210427937,named in manuscript,2007-04-07,97,VAPV (Rad 0%),VAPV (Rad 0%) - Near-normal (2007)
Soybean,weatherRad0Center,2007,4,8,0,0,0,Near-normal,0.02276371210427937,named in manuscript,2007-04-08,98,VAPV (Rad 0%),VAPV (Rad 0%) - Near-normal (2007)
Soybean,weatherRad0Center,2007,4,9,0,0,0,Near-normal,0.02276371210427937,named in manuscript,2007-04-09,99,VAPV (Rad 0%),VAPV (Rad 0%) - Near-normal (2007)
Soybean,weatherRad0Center,2007,4,10,0,0,0,Near-normal,0.02276371210427937,named in manuscript,2007-04-10,100,VAPV (Rad 0%),VAPV (Rad 0%) - Near-normal (2007)
Soybean,weatherRad0Center,2007,4,11,0,0,0,Near-normal,0.02276371210427937,named in manuscript,2007-04-11,101,VAPV (Rad 0%),VAPV (Rad 0%) - Near-normal (2007)
Soybean,weatherRad0Center,2007,4,12,0,0,0,Near-normal,0.02276371210427937,named in manuscript,2007-04-12,102,VAPV (Rad 0%),VAPV (Rad 0%) - Near-normal (2007)
Soybean,weatherRad0Center,2007,4,13,0,0,0,Near-normal,0.02276371210427937,named in manuscript,2007-04-13,103,VAPV (Rad 0%),VAPV (Rad 0%) - Near-normal (2007)
Soybean,weatherRad0Center,2007,4,14,0,0,0,Near-normal,0.02276371210427937,named in manuscript,2007-04-14,104,VAPV (Rad 0%),VAPV (Rad 0%) - Near-normal (2007)
Soybean,weatherRad0Center,2007,4,15,0,0,0,Near-normal,0.02276371210427937,named in manuscript,2007-04-15,105,VAPV (Rad 0%),VAPV (Rad 0%) - Near-normal (2007)
Soybean,weatherRad0Center,2007,4,16,0,0,0,Near-normal,0.02276371210427937,named in manuscript,2007-04-16,106,VAPV (Rad 0%),VAPV (Rad 0%) - Near-normal (2007)
Soybean,weatherRad0Center,2007,4,17,0,0,0,Near-normal,0.02276371210427937,named in manuscript,2007-04-17,107,VAPV (Rad 0%),VAPV (Rad 0%) - Near-normal (2007)
Soybean,weatherRad0Center,2007,4,18,0,0,0,Near-normal,0.02276371210427937,named in manuscript,2007-04-18,108,VAPV (Rad 0%),VAPV (Rad 0%) - Near-normal (2007)
Soybean,weatherRad0Center,2007,4,19,0,0,0,Near-normal,0.02276371210427937,named in manuscript,2007-04-19,109,VAPV (Rad 0%),VAPV (Rad 0%) - Near-normal (2007)
Soybean,weatherRad0Center,2007,4,20,0,0,0,Near-normal,0.02276371210427937,named in manuscript,2007-04-20,110,VAPV (Rad 0%),VAPV (Rad 0%) - Near-normal (2007)
Soybean,weatherRad0Center,2007,4,21,0,0,0,Near-normal,0.02276371210427937,named in manuscript,2007-04-21,111,VAPV (Rad 0%),VAPV (Rad 0%) - Near-normal (2007)
Soybean,weatherRad0Center,2007,4,22,0,0,0,Near-normal,0.02276371210427937,named in manuscript,2007-04-22,112,VAPV (Rad 0%),VAPV (Rad 0%) - Near-normal (2007)
Soybean,weatherRad0Center,2007,4,23,0,0,0,Near-normal,0.02276371210427937,named in manuscript,2007-04-23,113,VAPV (Rad 0%),VAPV (Rad 0%) - Near-normal (2007)
Soybean,weatherRad0Center,2007,4,24,0,0,0,Near-normal,0.02276371210427937,named in manuscript,2007-04-24,114,VAPV (Rad 0%),VAPV (Rad 0%) - Near-normal (2007)
Soybean,weatherRad0Center,2007,4,25,0,0,0,Near-normal,0.02276371210427937,named in manuscript,2007-04-25,115,VAPV (Rad 0%),VAPV (Rad 0%) - Near-normal (2007)
Soybean,weatherRad0Center,2007,4,26,0,0,0,Near-normal,0.02276371210427937,named in manuscript,2007-04-26,116,VAPV (Rad 0%),VAPV (Rad 0%) - Near-normal (2007)
Soybean,weatherRad0Center,2007,4,27,0,0,0,Near-normal,0.02276371210427937,named in manuscript,2007-04-27,117,VAPV (Rad 0%),VAPV (Rad 0%) - Near-normal (2007)
Soybean,weatherRad0Center,2007,4,28,0,0,0,Near-normal,0.02276371210427937,named in manuscript,2007-04-28,118,VAPV (Rad 0%),VAPV (Rad 0%) - Near-normal (2007)
Soybean,weatherRad0Center,2007,4,29,0,0,0,Near-normal,0.02276371210427937,named in manuscript,2007-04-29,119,VAPV (Rad 0%),VAPV (Rad 0%) - Near-normal (2007)
Soybean,weatherRad0Center,2007,4,30,0,0,0,Near-normal,0.02276371210427937,named in manuscript,2007-04-30,120,VAPV (Rad 0%),VAPV (Rad 0%) - Near-normal (2007)
Soybean,weatherRad0Center,2007,5,1,0,0,0,Near-normal,0.02276371210427937,named in manuscript,2007-05-01,121,VAPV (Rad 0%),VAPV (Rad 0%) - Near-normal (2007)
Soybean,weatherRad0Center,2007,5,2,0,0,0,Near-normal,0.02276371210427937,named in manuscript,2007-05-02,122,VAPV (Rad 0%),VAPV (Rad 0%) - Near-normal (2007)
Soybean,weatherRad0Center,2007,5,3,0,0,0,Near-normal,0.02276371210427937,named in manuscript,2007-05-03,123,VAPV (Rad 0%),VAPV (Rad 0%) - Near-normal (2007)
Soybean,weatherRad0Center,2007,5,4,0,0,0,Near-normal,0.02276371210427937,named in manuscript,2007-05-04,124,VAPV (Rad 0%),VAPV (Rad 0%) - Near-normal (2007)
Soybean,weatherRad0Center,2007,5,5,0,0,0,Near-normal,0.02276371210427937,named in manuscript,2007-05-05,125,VAPV (Rad 0%),VAPV (Rad 0%) - Near-normal (2007)
Soybean,weatherRad0Center,2007,5,6,0,0,0,Near-normal,0.02276371210427937,named in manuscript,2007-05-06,126,VAPV (Rad 0%),VAPV (Rad 0%) - Near-normal (2007)
Soybean,weatherRad0Center,2007,5,7,0,0,0,Near-normal,0.02276371210427937,named in manuscript,2007-05-07,127,VAPV (Rad 0%),VAPV (Rad 0%) - Near-normal (2007)
Soybean,weatherRad0Center,2007,5,8,0,0,0,Near-normal,0.02276371210427937,named in manuscript,2007-05-08,128,VAPV (Rad 0%),VAPV (Rad 0%) - Near-normal (2007)
Soybean,weatherRad0Center,2007,5,9,0,0,0,Near-normal,0.02276371210427937,named in manuscript,2007-05-09,129,VAPV (Rad 0%),VAPV (Rad 0%) - Near-normal (2007)
Soybean,weatherRad0Center,2007,5,10,0,0,0,Near-normal,0.02276371210427937,named in manuscript,2007-05-10,130,VAPV (Rad 0%),VAPV (Rad 0%) - Near-normal (2007)
Soybean,weatherRad0Center,2007,5,11,0,0,0,Near-normal,0.02276371210427937,named in manuscript,2007-05-11,131,VAPV (Rad 0%),VAPV (Rad 0%) - Near-normal (2007)
Soybean,weatherRad0Center,2007,5,12,0,0,0,Near-normal,0.02276371210427937,named in manuscript,2007-05-12,132,VAPV (Rad 0%),VAPV (Rad 0%) - Near-normal (2007)
Soybean,weatherRad0Center,2007,5,13,0,0,0,Near-normal,0.02276371210427937,named in manuscript,2007-05-13,133,VAPV (Rad 0%),VAPV (Rad 0%) - Near-normal (2007)
Soybean,weatherRad0Center,2007,5,14,0,0,0,Near-normal,0.02276371210427937,named in manuscript,2007-05-14,134,VAPV (Rad 0%),VAPV (Rad 0%) - Near-normal (2007)
Soybean,weatherRad0Center,2007,5,15,0,0,0,Near-normal,0.02276371210427937,named in manuscript,2007-05-15,135,VAPV (Rad 0%),VAPV (Rad 0%) - Near-normal (2007)
Soybean,weatherRad0Center,2007,5,16,1e-5,0,0,Near-normal,0.02276371210427937,named in manuscript,2007-05-16,136,VAPV (Rad 0%),VAPV (Rad 0%) - Near-normal (2007)
Soybean,weatherRad0Center,2007,5,17,1e-5,0,0,Near-normal,0.02276371210427937,named in manuscript,2007-05-17,137,VAPV (Rad 0%),VAPV (Rad 0%) - Near-normal (2007)
Soybean,weatherRad0Center,2007,5,18,1e-5,0,0,Near-normal,0.02276371210427937,named in manuscript,2007-05-18,138,VAPV (Rad 0%),VAPV (Rad 0%) - Near-normal (2007)
Soybean,weatherRad0Center,2007,5,19,1e-5,0,0,Near-normal,0.02276371210427937,named in manuscript,2007-05-19,139,VAPV (Rad 0%),VAPV (Rad 0%) - Near-normal (2007)
Soybean,weatherRad0Center,2007,5,20,1e-5,0,0,Near-normal,0.02276371210427937,named in manuscript,2007-05-20,140,VAPV (Rad 0%),VAPV (Rad 0%) - Near-normal (2007)
Soybean,weatherRad0Center,2007,5,21,1e-5,0,0,Near-normal,0.02276371210427937,named in manuscript,2007-05-21,141,VAPV (Rad 0%),VAPV (Rad 0%) - Near-normal (2007)
Soybean,weatherRad0Center,2007,5,22,1e-5,0,0,Near-normal,0.02276371210427937,named in manuscript,2007-05-22,142,VAPV (Rad 0%),VAPV (Rad 0%) - Near-normal (2007)
Soybean,weatherRad0Center,2007,5,23,1e-5,0,0,Near-normal,0.02276371210427937,named in manuscript,2007-05-23,143,VAPV (Rad 0%),VAPV (Rad 0%) - Near-normal (2007)
Soybean,weatherRad0Center,2007,5,24,1e-5,0,0,Near-normal,0.02276371210427937,named in manuscript,2007-05-24,144,VAPV (Rad 0%),VAPV (Rad 0%) - Near-normal (2007)
Soybean,weatherRad0Center,2007,5,25,1e-5,0,0,Near-normal,0.02276371210427937,named in manuscript,2007-05-25,145,VAPV (Rad 0%),VAPV (Rad 0%) - Near-normal (2007)
Soybean,weatherRad0Center,2007,5,26,1e-5,0,0,Near-normal,0.02276371210427937,named in manuscript,2007-05-26,146,VAPV (Rad 0%),VAPV (Rad 0%) - Near-normal (2007)
Soybean,weatherRad0Center,2007,5,27,1e-5,0,0,Near-normal,0.02276371210427937,named in manuscript,2007-05-27,147,VAPV (Rad 0%),VAPV (Rad 0%) - Near-normal (2007)
Soybean,weatherRad0Center,2007,5,28,1e-5,0,0,Near-normal,0.02276371210427937,named in manuscript,2007-05-28,148,VAPV (Rad 0%),VAPV (Rad 0%) - Near-normal (2007)
Soybean,weatherRad0Center,2007,5,29,5.418487095e-4,0,0.109097,Near-normal,0.02276371210427937,named in manuscript,2007-05-29,149,VAPV (Rad 0%),VAPV (Rad 0%) - Near-normal (2007)
Soybean,weatherRad0Center,2007,5,30,0.0018479400940999999,0,0.109097,Near-normal,0.02276371210427937,named in manuscript,2007-05-30,150,VAPV (Rad 0%),VAPV (Rad 0%) - Near-normal (2007)
Soybean,weatherRad0Center,2007,5,31,0.003950297425,0,0.131631,Near-normal,0.02276371210427937,named in manuscript,2007-05-31,151,VAPV (Rad 0%),VAPV (Rad 0%) - Near-normal (2007)
Soybean,weatherRad0Center,2007,6,1,0.007107828919000001,0,0.147874,Near-normal,0.02276371210427937,named in manuscript,2007-06-01,152,VAPV (Rad 0%),VAPV (Rad 0%) - Near-normal (2007)
Soybean,weatherRad0Center,2007,6,2,0.011363693440000001,0,0.159573,Near-normal,0.02276371210427937,named in manuscript,2007-06-02,153,VAPV (Rad 0%),VAPV (Rad 0%) - Near-normal (2007)
Soybean,weatherRad0Center,2007,6,3,0.01508962634,0,0.200378,Near-normal,0.02276371210427937,named in manuscript,2007-06-03,154,VAPV (Rad 0%),VAPV (Rad 0%) - Near-normal (2007)
Soybean,weatherRad0Center,2007,6,4,0.01954476327,0,0.104853,Near-normal,0.02276371210427937,named in manuscript,2007-06-04,155,VAPV (Rad 0%),VAPV (Rad 0%) - Near-normal (2007)
Soybean,weatherRad0Center,2007,6,5,0.025582866699999998,0,0.128745,Near-normal,0.02276371210427937,named in manuscript,2007-06-05,156,VAPV (Rad 0%),VAPV (Rad 0%) - Near-normal (2007)
Soybean,weatherRad0Center,2007,6,6,0.0318645896,0,0.152463,Near-normal,0.02276371210427937,named in manuscript,2007-06-06,157,VAPV (Rad 0%),VAPV (Rad 0%) - Near-normal (2007)
Soybean,weatherRad0Center,2007,6,7,0.041305755699999995,0,0.166221,Near-normal,0.02276371210427937,named in manuscript,2007-06-07,158,VAPV (Rad 0%),VAPV (Rad 0%) - Near-normal (2007)
Soybean,weatherRad0Center,2007,6,8,0.0566194835,0,0.19197,Near-normal,0.02276371210427937,named in manuscript,2007-06-08,159,VAPV (Rad 0%),VAPV (Rad 0%) - Near-normal (2007)
Soybean,weatherRad0Center,2007,6,9,0.07837112299999999,0,0.23457,Near-normal,0.02276371210427937,named in manuscript,2007-06-09,160,VAPV (Rad 0%),VAPV (Rad 0%) - Near-normal (2007)
Soybean,weatherRad0Center,2007,6,10,0.10817813999999999,0,0.310174,Near-normal,0.02276371210427937,named in manuscript,2007-06-10,161,VAPV (Rad 0%),VAPV (Rad 0%) - Near-normal (2007)
Soybean,weatherRad0Center,2007,6,11,0.148982105,0,0.404982,Near-normal,0.02276371210427937,named in manuscript,2007-06-11,162,VAPV (Rad 0%),VAPV (Rad 0%) - Near-normal (2007)
Soybean,weatherRad0Center,2007,6,12,0.200070195,0,0.51307,Near-normal,0.02276371210427937,named in manuscript,2007-06-12,163,VAPV (Rad 0%),VAPV (Rad 0%) - Near-normal (2007)
Soybean,weatherRad0Center,2007,6,13,0.32148769800000004,0,0.629041,Near-normal,0.02276371210427937,named in manuscript,2007-06-13,164,VAPV (Rad 0%),VAPV (Rad 0%) - Near-normal (2007)
Soybean,weatherRad0Center,2007,6,14,0.40692823689999996,3.95269e-5,0.945053,Near-normal,0.02276371210427937,named in manuscript,2007-06-14,165,VAPV (Rad 0%),VAPV (Rad 0%) - Near-normal (2007)
Soybean,weatherRad0Center,2007,6,15,0.45053516400000004,1.18934e-4,1.04498,Near-normal,0.02276371210427937,named in manuscript,2007-06-15,166,VAPV (Rad 0%),VAPV (Rad 0%) - Near-normal (2007)
Soybean,weatherRad0Center,2007,6,16,0.49690931099999996,3.41991e-4,1.14768,Near-normal,0.02276371210427937,named in manuscript,2007-06-16,167,VAPV (Rad 0%),VAPV (Rad 0%) - Near-normal (2007)
Soybean,weatherRad0Center,2007,6,17,0.530049679,6.02009e-4,1.25516,Near-normal,0.02276371210427937,named in manuscript,2007-06-17,168,VAPV (Rad 0%),VAPV (Rad 0%) - Near-normal (2007)
Soybean,weatherRad0Center,2007,6,18,0.57516819,0.00107786,1.33291,Near-normal,0.02276371210427937,named in manuscript,2007-06-18,169,VAPV (Rad 0%),VAPV (Rad 0%) - Near-normal (2007)
Soybean,weatherRad0Center,2007,6,19,0.6363742699999999,0.002037,1.4375,Near-normal,0.02276371210427937,named in manuscript,2007-06-19,170,VAPV (Rad 0%),VAPV (Rad 0%) - Near-normal (2007)
Soybean,weatherRad0Center,2007,6,20,0.7329774499999999,0.00416086,1.58069,Near-normal,0.02276371210427937,named in manuscript,2007-06-20,171,VAPV (Rad 0%),VAPV (Rad 0%) - Near-normal (2007)
Soybean,weatherRad0Center,2007,6,21,0.8633128,0.00817753,1.81372,Near-normal,0.02276371210427937,named in manuscript,2007-06-21,172,VAPV (Rad 0%),VAPV (Rad 0%) - Near-normal (2007)
Soybean,weatherRad0Center,2007,6,22,1.02449294,0.0148488,2.11135,Near-normal,0.02276371210427937,named in manuscript,2007-06-22,173,VAPV (Rad 0%),VAPV (Rad 0%) - Near-normal (2007)
Soybean,weatherRad0Center,2007,6,23,1.1827353,0.022807,2.46312,Near-normal,0.02276371210427937,named in manuscript,2007-06-23,174,VAPV (Rad 0%),VAPV (Rad 0%) - Near-normal (2007)
Soybean,weatherRad0Center,2007,6,24,1.3235749,0.0310529,2.807,Near-normal,0.02276371210427937,named in manuscript,2007-06-24,175,VAPV (Rad 0%),VAPV (Rad 0%) - Near-normal (2007)
Soybean,weatherRad0Center,2007,6,25,1.4325204,0.038249,3.10641,Near-normal,0.02276371210427937,named in manuscript,2007-06-25,176,VAPV (Rad 0%),VAPV (Rad 0%) - Near-normal (2007)
Soybean,weatherRad0Center,2007,6,26,1.5311971000000002,0.0457871,3.33015,Near-normal,0.02276371210427937,named in manuscript,2007-06-26,177,VAPV (Rad 0%),VAPV (Rad 0%) - Near-normal (2007)
Soybean,weatherRad0Center,2007,6,27,1.6291797999999997,0.0539617,3.52716,Near-normal,0.02276371210427937,named in manuscript,2007-06-27,178,VAPV (Rad 0%),VAPV (Rad 0%) - Near-normal (2007)
Soybean,weatherRad0Center,2007,6,28,1.6924176000000002,0.059576,3.71997,Near-normal,0.02276371210427937,named in manuscript,2007-06-28,179,VAPV (Rad 0%),VAPV (Rad 0%) - Near-normal (2007)
Soybean,weatherRad0Center,2007,6,29,1.7441338,0.0644341,3.83263,Near-normal,0.02276371210427937,named in manuscript,2007-06-29,180,VAPV (Rad 0%),VAPV (Rad 0%) - Near-normal (2007)
Soybean,weatherRad0Center,2007,6,30,1.7885555000000002,0.0688949,3.92508,Near-normal,0.02276371210427937,named in manuscript,2007-06-30,181,VAPV (Rad 0%),VAPV (Rad 0%) - Near-normal (2007)
Soybean,weatherRad0Center,2007,7,1,1.8383952000000001,0.0741838,3.99814,Near-normal,0.02276371210427937,named in manuscript,2007-07-01,182,VAPV (Rad 0%),VAPV (Rad 0%) - Near-normal (2007)
Soybean,weatherRad0Center,2007,7,2,1.9124123,0.0824692,4.08329,Near-normal,0.02276371210427937,named in manuscript,2007-07-02,183,VAPV (Rad 0%),VAPV (Rad 0%) - Near-normal (2007)
Soybean,weatherRad0Center,2007,7,3,2.0097262,0.0947164,4.21369,Near-normal,0.02276371210427937,named in manuscript,2007-07-03,184,VAPV (Rad 0%),VAPV (Rad 0%) - Near-normal (2007)
Soybean,weatherRad0Center,2007,7,4,2.10805,0.108436,4.38235,Near-normal,0.02276371210427937,named in manuscript,2007-07-04,185,VAPV (Rad 0%),VAPV (Rad 0%) - Near-normal (2007)
Soybean,weatherRad0Center,2007,7,5,2.1878526,0.12142,4.54426,Near-normal,0.02276371210427937,named in manuscript,2007-07-05,186,VAPV (Rad 0%),VAPV (Rad 0%) - Near-normal (2007)
Soybean,weatherRad0Center,2007,7,6,2.2570663000000004,0.133337,4.67513,Near-normal,0.02276371210427937,named in manuscript,2007-07-06,187,VAPV (Rad 0%),VAPV (Rad 0%) - Near-normal (2007)
Soybean,weatherRad0Center,2007,7,7,2.3158768000000003,0.144072,4.78504,Near-normal,0.02276371210427937,named in manuscript,2007-07-07,188,VAPV (Rad 0%),VAPV (Rad 0%) - Near-normal (2007)
Soybean,weatherRad0Center,2007,7,8,2.3686338,0.154178,4.8734,Near-normal,0.02276371210427937,named in manuscript,2007-07-08,189,VAPV (Rad 0%),VAPV (Rad 0%) - Near-normal (2007)
Soybean,weatherRad0Center,2007,7,9,2.4369012999999997,0.167257,4.94798,Near-normal,0.02276371210427937,named in manuscript,2007-07-09,190,VAPV (Rad 0%),VAPV (Rad 0%) - Near-normal (2007)
Soybean,weatherRad0Center,2007,7,10,2.526049,0.184472,5.04971,Near-normal,0.02276371210427937,named in manuscript,2007-07-10,191,VAPV (Rad 0%),VAPV (Rad 0%) - Near-normal (2007)
Soybean,weatherRad0Center,2007,7,11,2.6195136,0.203068,5.18285,Near-normal,0.02276371210427937,named in manuscript,2007-07-11,192,VAPV (Rad 0%),VAPV (Rad 0%) - Near-normal (2007)
Soybean,weatherRad0Center,2007,7,12,2.6854943000000002,0.217048,5.31829,Near-normal,0.02276371210427937,named in manuscript,2007-07-12,193,VAPV (Rad 0%),VAPV (Rad 0%) - Near-normal (2007)
Soybean,weatherRad0Center,2007,7,13,2.7277806,0.226824,5.40254,Near-normal,0.02276371210427937,named in manuscript,2007-07-13,194,VAPV (Rad 0%),VAPV (Rad 0%) - Near-normal (2007)
Soybean,weatherRad0Center,2007,7,14,2.777944,0.238541,5.44647,Near-normal,0.02276371210427937,named in manuscript,2007-07-14,195,VAPV (Rad 0%),VAPV (Rad 0%) - Near-normal (2007)
Soybean,weatherRad0Center,2007,7,15,2.866729,0.259473,5.50363,Near-normal,0.02276371210427937,named in manuscript,2007-07-15,196,VAPV (Rad 0%),VAPV (Rad 0%) - Near-normal (2007)
Soybean,weatherRad0Center,2007,7,16,2.9947049999999997,0.290888,5.61705,Near-normal,0.02276371210427937,named in manuscript,2007-07-16,197,VAPV (Rad 0%),VAPV (Rad 0%) - Near-normal (2007)
Soybean,weatherRad0Center,2007,7,17,3.1603630000000003,0.334574,5.78246,Near-normal,0.02276371210427937,named in manuscript,2007-07-17,198,VAPV (Rad 0%),VAPV (Rad 0%) - Near-normal (2007)
Soybean,weatherRad0Center,2007,7,18,3.3173079999999997,0.379483,5.98968,Near-normal,0.02276371210427937,named in manuscript,2007-07-18,199,VAPV (Rad 0%),VAPV (Rad 0%) - Near-normal (2007)
Soybean,weatherRad0Center,2007,7,19,3.459959,0.423396,6.16596,Near-normal,0.02276371210427937,named in manuscript,2007-07-19,200,VAPV (Rad 0%),VAPV (Rad 0%) - Near-normal (2007)
Soybean,weatherRad0Center,2007,7,20,3.564084,0.457414,6.31202,Near-normal,0.02276371210427937,named in manuscript,2007-07-20,201,VAPV (Rad 0%),VAPV (Rad 0%) - Near-normal (2007)
Soybean,weatherRad0Center,2007,7,21,3.637509,0.483082,6.40143,Near-normal,0.02276371210427937,named in manuscript,2007-07-21,202,VAPV (Rad 0%),VAPV (Rad 0%) - Near-normal (2007)
Soybean,weatherRad0Center,2007,7,22,3.705779,0.508607,6.45009,Near-normal,0.02276371210427937,named in manuscript,2007-07-22,203,VAPV (Rad 0%),VAPV (Rad 0%) - Near-normal (2007)
Soybean,weatherRad0Center,2007,7,23,3.7545509999999993,0.528392,6.48728,Near-normal,0.02276371210427937,named in manuscript,2007-07-23,204,VAPV (Rad 0%),VAPV (Rad 0%) - Near-normal (2007)
Soybean,weatherRad0Center,2007,7,24,3.7957870000000002,0.54637,6.49749,Near-normal,0.02276371210427937,named in manuscript,2007-07-24,205,VAPV (Rad 0%),VAPV (Rad 0%) - Near-normal (2007)
Soybean,weatherRad0Center,2007,7,25,3.819946,0.558553,6.49818,Near-normal,0.02276371210427937,named in manuscript,2007-07-25,206,VAPV (Rad 0%),VAPV (Rad 0%) - Near-normal (2007)
Soybean,weatherRad0Center,2007,7,26,3.8612070000000003,0.578273,6.47851,Near-normal,0.02276371210427937,named in manuscript,2007-07-26,207,VAPV (Rad 0%),VAPV (Rad 0%) - Near-normal (2007)
Soybean,weatherRad0Center,2007,7,27,3.911821,0.603351,6.47299,Near-normal,0.02276371210427937,named in manuscript,2007-07-27,208,VAPV (Rad 0%),VAPV (Rad 0%) - Near-normal (2007)
Soybean,weatherRad0Center,2007,7,28,3.9613069999999997,0.629229,6.46739,Near-normal,0.02276371210427937,named in manuscript,2007-07-28,209,VAPV (Rad 0%),VAPV (Rad 0%) - Near-normal (2007)
Soybean,weatherRad0Center,2007,7,29,4.0101510000000005,0.65615,6.45643,Near-normal,0.02276371210427937,named in manuscript,2007-07-29,210,VAPV (Rad 0%),VAPV (Rad 0%) - Near-normal (2007)
Soybean,weatherRad0Center,2007,7,30,4.051548,0.680408,6.4397,Near-normal,0.02276371210427937,named in manuscript,2007-07-30,211,VAPV (Rad 0%),VAPV (Rad 0%) - Near-normal (2007)
Soybean,weatherRad0Center,2007,7,31,4.086154,0.702177,6.41528,Near-normal,0.02276371210427937,named in manuscript,2007-07-31,212,VAPV (Rad 0%),VAPV (Rad 0%) - Near-normal (2007)
Soybean,weatherRad0Center,2007,8,1,4.110666999999999,0.719366,6.38406,Near-normal,0.02276371210427937,named in manuscript,2007-08-01,213,VAPV (Rad 0%),VAPV (Rad 0%) - Near-normal (2007)
Soybean,weatherRad0Center,2007,8,2,4.145808,0.743665,6.34593,Near-normal,0.02276371210427937,named in manuscript,2007-08-02,214,VAPV (Rad 0%),VAPV (Rad 0%) - Near-normal (2007)
Soybean,weatherRad0Center,2007,8,3,4.18572,0.772733,6.30632,Near-normal,0.02276371210427937,named in manuscript,2007-08-03,215,VAPV (Rad 0%),VAPV (Rad 0%) - Near-normal (2007)
Soybean,weatherRad0Center,2007,8,4,4.224493000000001,0.802094,6.2595,Near-normal,0.02276371210427937,named in manuscript,2007-08-04,216,VAPV (Rad 0%),VAPV (Rad 0%) - Near-normal (2007)
Soybean,weatherRad0Center,2007,8,5,4.275243,0.839514,6.21013,Near-normal,0.02276371210427937,named in manuscript,2007-08-05,217,VAPV (Rad 0%),VAPV (Rad 0%) - Near-normal (2007)
Soybean,weatherRad0Center,2007,8,6,4.356789,0.897743,6.16116,Near-normal,0.02276371210427937,named in manuscript,2007-08-06,218,VAPV (Rad 0%),VAPV (Rad 0%) - Near-normal (2007)
Soybean,weatherRad0Center,2007,8,7,4.4632950000000005,0.973719,6.11245,Near-normal,0.02276371210427937,named in manuscript,2007-08-07,219,VAPV (Rad 0%),VAPV (Rad 0%) - Near-normal (2007)
Soybean,weatherRad0Center,2007,8,8,4.5673580000000005,1.04955,6.06402,Near-normal,0.02276371210427937,named in manuscript,2007-08-08,220,VAPV (Rad 0%),VAPV (Rad 0%) - Near-normal (2007)
Soybean,weatherRad0Center,2007,8,9,4.660273,1.11909,6.01531,Near-normal,0.02276371210427937,named in manuscript,2007-08-09,221,VAPV (Rad 0%),VAPV (Rad 0%) - Near-normal (2007)
Soybean,weatherRad0Center,2007,8,10,4.739433,1.18028,5.96628,Near-normal,0.02276371210427937,named in manuscript,2007-08-10,222,VAPV (Rad 0%),VAPV (Rad 0%) - Near-normal (2007)
Soybean,weatherRad0Center,2007,8,11,4.812456,1.23824,5.91679,Near-normal,0.02276371210427937,named in manuscript,2007-08-11,223,VAPV (Rad 0%),VAPV (Rad 0%) - Near-normal (2007)
Soybean,weatherRad0Center,2007,8,12,4.856421,1.276,5.86705,Near-normal,0.02276371210427937,named in manuscript,2007-08-12,224,VAPV (Rad 0%),VAPV (Rad 0%) - Near-normal (2007)
Soybean,weatherRad0Center,2007,8,13,4.883932,1.302,5.81673,Near-normal,0.02276371210427937,named in manuscript,2007-08-13,225,VAPV (Rad 0%),VAPV (Rad 0%) - Near-normal (2007)
Soybean,weatherRad0Center,2007,8,14,4.910988,1.32793,5.76658,Near-normal,0.02276371210427937,named in manuscript,2007-08-14,226,VAPV (Rad 0%),VAPV (Rad 0%) - Near-normal (2007)
Soybean,weatherRad0Center,2007,8,15,4.947463,1.36135,5.71654,Near-normal,0.02276371210427937,named in manuscript,2007-08-15,227,VAPV (Rad 0%),VAPV (Rad 0%) - Near-normal (2007)
Soybean,weatherRad0Center,2007,8,16,4.980765,1.39289,5.66659,Near-normal,0.02276371210427937,named in manuscript,2007-08-16,228,VAPV (Rad 0%),VAPV (Rad 0%) - Near-normal (2007)
Soybean,weatherRad0Center,2007,8,17,5.0101,1.42167,5.61641,Near-normal,0.02276371210427937,named in manuscript,2007-08-17,229,VAPV (Rad 0%),VAPV (Rad 0%) - Near-normal (2007)
Soybean,weatherRad0Center,2007,8,18,5.031431,1.44432,5.56666,Near-normal,0.02276371210427937,named in manuscript,2007-08-18,230,VAPV (Rad 0%),VAPV (Rad 0%) - Near-normal (2007)
Soybean,weatherRad0Center,2007,8,19,5.04631,1.46202,5.51726,Near-normal,0.02276371210427937,named in manuscript,2007-08-19,231,VAPV (Rad 0%),VAPV (Rad 0%) - Near-normal (2007)
Soybean,weatherRad0Center,2007,8,20,5.071784,1.48845,5.46796,Near-normal,0.02276371210427937,named in manuscript,2007-08-20,232,VAPV (Rad 0%),VAPV (Rad 0%) - Near-normal (2007)
Soybean,weatherRad0Center,2007,8,21,5.095153999999999,1.51355,5.41857,Near-normal,0.02276371210427937,named in manuscript,2007-08-21,233,VAPV (Rad 0%),VAPV (Rad 0%) - Near-normal (2007)
Soybean,weatherRad0Center,2007,8,22,5.120679,1.54092,5.3691700000000004,Near-normal,0.02276371210427937,named in manuscript,2007-08-22,234,VAPV (Rad 0%),VAPV (Rad 0%) - Near-normal (2007)
Soybean,weatherRad0Center,2007,8,23,5.139565,1.56315,5.31964,Near-normal,0.02276371210427937,named in manuscript,2007-08-23,235,VAPV (Rad 0%),VAPV (Rad 0%) - Near-normal (2007)
Soybean,weatherRad0Center,2007,8,24,5.150971999999999,1.57937,5.27012,Near-normal,0.02276371210427937,named in manuscript,2007-08-24,236,VAPV (Rad 0%),VAPV (Rad 0%) - Near-normal (2007)
Soybean,weatherRad0Center,2007,8,25,5.178455,1.60992,5.22044,Near-normal,0.02276371210427937,named in manuscript,2007-08-25,237,VAPV (Rad 0%),VAPV (Rad 0%) - Near-normal (2007)
Soybean,weatherRad0Center,2007,8,26,5.203543,1.63866,5.17124,Near-normal,0.02276371210427937,named in manuscript,2007-08-26,238,VAPV (Rad 0%),VAPV (Rad 0%) - Near-normal (2007)
Soybean,weatherRad0Center,2007,8,27,5.222791000000001,1.66241,5.12254,Near-normal,0.02276371210427937,named in manuscript,2007-08-27,239,VAPV (Rad 0%),VAPV (Rad 0%) - Near-normal (2007)
Soybean,weatherRad0Center,2007,8,28,5.233298,1.67842,5.07409,Near-normal,0.02276371210427937,named in manuscript,2007-08-28,240,VAPV (Rad 0%),VAPV (Rad 0%) - Near-normal (2007)
Soybean,weatherRad0Center,2007,8,29,5.237856,1.68906,5.026,Near-normal,0.02276371210427937,named in manuscript,2007-08-29,241,VAPV (Rad 0%),VAPV (Rad 0%) - Near-normal (2007)
Soybean,weatherRad0Center,2007,8,30,5.239186,1.69676,4.97829,Near-normal,0.02276371210427937,named in manuscript,2007-08-30,242,VAPV (Rad 0%),VAPV (Rad 0%) - Near-normal (2007)
Soybean,weatherRad0Center,2007,8,31,5.236706,1.70098,4.93096,Near-normal,0.02276371210427937,named in manuscript,2007-08-31,243,VAPV (Rad 0%),VAPV (Rad 0%) - Near-normal (2007)
Soybean,weatherRad0Center,2007,9,1,5.234856,1.70575,4.88395,Near-normal,0.02276371210427937,named in manuscript,2007-09-01,244,VAPV (Rad 0%),VAPV (Rad 0%) - Near-normal (2007)
Soybean,weatherRad0Center,2007,9,2,5.237909,1.71503,4.83712,Near-normal,0.02276371210427937,named in manuscript,2007-09-02,245,VAPV (Rad 0%),VAPV (Rad 0%) - Near-normal (2007)
Soybean,weatherRad0Center,2007,9,3,5.239066,1.72257,4.7906,Near-normal,0.02276371210427937,named in manuscript,2007-09-03,246,VAPV (Rad 0%),VAPV (Rad 0%) - Near-normal (2007)
Soybean,weatherRad0Center,2007,9,4,5.238376000000001,1.72837,4.74436,Near-normal,0.02276371210427937,named in manuscript,2007-09-04,247,VAPV (Rad 0%),VAPV (Rad 0%) - Near-normal (2007)
Soybean,weatherRad0Center,2007,9,5,5.237899,1.73433,4.69866,Near-normal,0.02276371210427937,named in manuscript,2007-09-05,248,VAPV (Rad 0%),VAPV (Rad 0%) - Near-normal (2007)
Soybean,weatherRad0Center,2007,9,6,5.236459,1.73937,4.65335,Near-normal,0.02276371210427937,named in manuscript,2007-09-06,249,VAPV (Rad 0%),VAPV (Rad 0%) - Near-normal (2007)
Soybean,weatherRad0Center,2007,9,7,5.240584,1.74967,4.60832,Near-normal,0.02276371210427937,named in manuscript,2007-09-07,250,VAPV (Rad 0%),VAPV (Rad 0%) - Near-normal (2007)
Soybean,weatherRad0Center,2007,9,8,5.250919,1.76596,4.56348,Near-normal,0.02276371210427937,named in manuscript,2007-09-08,251,VAPV (Rad 0%),VAPV (Rad 0%) - Near-normal (2007)
Soybean,weatherRad0Center,2007,9,9,5.260422,1.78155,4.51891,Near-normal,0.02276371210427937,named in manuscript,2007-09-09,252,VAPV (Rad 0%),VAPV (Rad 0%) - Near-normal (2007)
Soybean,weatherRad0Center,2007,9,10,5.269178,1.79648,4.47466,Near-normal,0.02276371210427937,named in manuscript,2007-09-10,253,VAPV (Rad 0%),VAPV (Rad 0%) - Near-normal (2007)
Soybean,weatherRad0Center,2007,9,11,5.274704,1.8083,4.43079,Near-normal,0.02276371210427937,named in manuscript,2007-09-11,254,VAPV (Rad 0%),VAPV (Rad 0%) - Near-normal (2007)
Soybean,weatherRad0Center,2022,1,1,0,0,0,Dry,-0.967239793621461,named in manuscript,2022-01-01,1,VAPV (Rad 0%),VAPV (Rad 0%) - Dry (2022)
Soybean,weatherRad0Center,2022,1,2,0,0,0,Dry,-0.967239793621461,named in manuscript,2022-01-02,2,VAPV (Rad 0%),VAPV (Rad 0%) - Dry (2022)
Soybean,weatherRad0Center,2022,1,3,0,0,0,Dry,-0.967239793621461,named in manuscript,2022-01-03,3,VAPV (Rad 0%),VAPV (Rad 0%) - Dry (2022)
Soybean,weatherRad0Center,2022,1,4,0,0,0,Dry,-0.967239793621461,named in manuscript,2022-01-04,4,VAPV (Rad 0%),VAPV (Rad 0%) - Dry (2022)
Soybean,weatherRad0Center,2022,1,5,0,0,0,Dry,-0.967239793621461,named in manuscript,2022-01-05,5,VAPV (Rad 0%),VAPV (Rad 0%) - Dry (2022)
Soybean,weatherRad0Center,2022,1,6,0,0,0,Dry,-0.967239793621461,named in manuscript,2022-01-06,6,VAPV (Rad 0%),VAPV (Rad 0%) - Dry (2022)
Soybean,weatherRad0Center,2022,1,7,0,0,0,Dry,-0.967239793621461,named in manuscript,2022-01-07,7,VAPV (Rad 0%),VAPV (Rad 0%) - Dry (2022)
Soybean,weatherRad0Center,2022,1,8,0,0,0,Dry,-0.967239793621461,named in manuscript,2022-01-08,8,VAPV (Rad 0%),VAPV (Rad 0%) - Dry (2022)
Soybean,weatherRad0Center,2022,1,9,0,0,0,Dry,-0.967239793621461,named in manuscript,2022-01-09,9,VAPV (Rad 0%),VAPV (Rad 0%) - Dry (2022)
Soybean,weatherRad0Center,2022,1,10,0,0,0,Dry,-0.967239793621461,named in manuscript,2022-01-10,10,VAPV (Rad 0%),VAPV (Rad 0%) - Dry (2022)
Soybean,weatherRad0Center,2022,1,11,0,0,0,Dry,-0.967239793621461,named in manuscript,2022-01-11,11,VAPV (Rad 0%),VAPV (Rad 0%) - Dry (2022)
Soybean,weatherRad0Center,2022,1,12,0,0,0,Dry,-0.967239793621461,named in manuscript,2022-01-12,12,VAPV (Rad 0%),VAPV (Rad 0%) - Dry (2022)
Soybean,weatherRad0Center,2022,1,13,0,0,0,Dry,-0.967239793621461,named in manuscript,2022-01-13,13,VAPV (Rad 0%),VAPV (Rad 0%) - Dry (2022)
Soybean,weatherRad0Center,2022,1,14,0,0,0,Dry,-0.967239793621461,named in manuscript,2022-01-14,14,VAPV (Rad 0%),VAPV (Rad 0%) - Dry (2022)
Soybean,weatherRad0Center,2022,1,15,0,0,0,Dry,-0.967239793621461,named in manuscript,2022-01-15,15,VAPV (Rad 0%),VAPV (Rad 0%) - Dry (2022)
Soybean,weatherRad0Center,2022,1,16,0,0,0,Dry,-0.967239793621461,named in manuscript,2022-01-16,16,VAPV (Rad 0%),VAPV (Rad 0%) - Dry (2022)
Soybean,weatherRad0Center,2022,1,17,0,0,0,Dry,-0.967239793621461,named in manuscript,2022-01-17,17,VAPV (Rad 0%),VAPV (Rad 0%) - Dry (2022)
Soybean,weatherRad0Center,2022,1,18,0,0,0,Dry,-0.967239793621461,named in manuscript,2022-01-18,18,VAPV (Rad 0%),VAPV (Rad 0%) - Dry (2022)
Soybean,weatherRad0Center,2022,1,19,0,0,0,Dry,-0.967239793621461,named in manuscript,2022-01-19,19,VAPV (Rad 0%),VAPV (Rad 0%) - Dry (2022)
Soybean,weatherRad0Center,2022,1,20,0,0,0,Dry,-0.967239793621461,named in manuscript,2022-01-20,20,VAPV (Rad 0%),VAPV (Rad 0%) - Dry (2022)
Soybean,weatherRad0Center,2022,1,21,0,0,0,Dry,-0.967239793621461,named in manuscript,2022-01-21,21,VAPV (Rad 0%),VAPV (Rad 0%) - Dry (2022)
Soybean,weatherRad0Center,2022,1,22,0,0,0,Dry,-0.967239793621461,named in manuscript,2022-01-22,22,VAPV (Rad 0%),VAPV (Rad 0%) - Dry (2022)
Soybean,weatherRad0Center,2022,1,23,0,0,0,Dry,-0.967239793621461,named in manuscript,2022-01-23,23,VAPV (Rad 0%),VAPV (Rad 0%) - Dry (2022)
Soybean,weatherRad0Center,2022,1,24,0,0,0,Dry,-0.967239793621461,named in manuscript,2022-01-24,24,VAPV (Rad 0%),VAPV (Rad 0%) - Dry (2022)
Soybean,weatherRad0Center,2022,1,25,0,0,0,Dry,-0.967239793621461,named in manuscript,2022-01-25,25,VAPV (Rad 0%),VAPV (Rad 0%) - Dry (2022)
Soybean,weatherRad0Center,2022,1,26,0,0,0,Dry,-0.967239793621461,named in manuscript,2022-01-26,26,VAPV (Rad 0%),VAPV (Rad 0%) - Dry (2022)
Soybean,weatherRad0Center,2022,1,27,0,0,0,Dry,-0.967239793621461,named in manuscript,2022-01-27,27,VAPV (Rad 0%),VAPV (Rad 0%) - Dry (2022)
Soybean,weatherRad0Center,2022,1,28,0,0,0,Dry,-0.967239793621461,named in manuscript,2022-01-28,28,VAPV (Rad 0%),VAPV (Rad 0%) - Dry (2022)
Soybean,weatherRad0Center,2022,1,29,0,0,0,Dry,-0.967239793621461,named in manuscript,2022-01-29,29,VAPV (Rad 0%),VAPV (Rad 0%) - Dry (2022)
Soybean,weatherRad0Center,2022,1,30,0,0,0,Dry,-0.967239793621461,named in manuscript,2022-01-30,30,VAPV (Rad 0%),VAPV (Rad 0%) - Dry (2022)
Soybean,weatherRad0Center,2022,1,31,0,0,0,Dry,-0.967239793621461,named in manuscript,2022-01-31,31,VAPV (Rad 0%),VAPV (Rad 0%) - Dry (2022)
Soybean,weatherRad0Center,2022,2,1,0,0,0,Dry,-0.967239793621461,named in manuscript,2022-02-01,32,VAPV (Rad 0%),VAPV (Rad 0%) - Dry (2022)
Soybean,weatherRad0Center,2022,2,2,0,0,0,Dry,-0.967239793621461,named in manuscript,2022-02-02,33,VAPV (Rad 0%),VAPV (Rad 0%) - Dry (2022)
Soybean,weatherRad0Center,2022,2,3,0,0,0,Dry,-0.967239793621461,named in manuscript,2022-02-03,34,VAPV (Rad 0%),VAPV (Rad 0%) - Dry (2022)
Soybean,weatherRad0Center,2022,2,4,0,0,0,Dry,-0.967239793621461,named in manuscript,2022-02-04,35,VAPV (Rad 0%),VAPV (Rad 0%) - Dry (2022)
Soybean,weatherRad0Center,2022,2,5,0,0,0,Dry,-0.967239793621461,named in manuscript,2022-02-05,36,VAPV (Rad 0%),VAPV (Rad 0%) - Dry (2022)
Soybean,weatherRad0Center,2022,2,6,0,0,0,Dry,-0.967239793621461,named in manuscript,2022-02-06,37,VAPV (Rad 0%),VAPV (Rad 0%) - Dry (2022)
Soybean,weatherRad0Center,2022,2,7,0,0,0,Dry,-0.967239793621461,named in manuscript,2022-02-07,38,VAPV (Rad 0%),VAPV (Rad 0%) - Dry (2022)
Soybean,weatherRad0Center,2022,2,8,0,0,0,Dry,-0.967239793621461,named in manuscript,2022-02-08,39,VAPV (Rad 0%),VAPV (Rad 0%) - Dry (2022)
Soybean,weatherRad0Center,2022,2,9,0,0,0,Dry,-0.967239793621461,named in manuscript,2022-02-09,40,VAPV (Rad 0%),VAPV (Rad 0%) - Dry (2022)
Soybean,weatherRad0Center,2022,2,10,0,0,0,Dry,-0.967239793621461,named in manuscript,2022-02-10,41,VAPV (Rad 0%),VAPV (Rad 0%) - Dry (2022)
Soybean,weatherRad0Center,2022,2,11,0,0,0,Dry,-0.967239793621461,named in manuscript,2022-02-11,42,VAPV (Rad 0%),VAPV (Rad 0%) - Dry (2022)
Soybean,weatherRad0Center,2022,2,12,0,0,0,Dry,-0.967239793621461,named in manuscript,2022-02-12,43,VAPV (Rad 0%),VAPV (Rad 0%) - Dry (2022)
Soybean,weatherRad0Center,2022,2,13,0,0,0,Dry,-0.967239793621461,named in manuscript,2022-02-13,44,VAPV (Rad 0%),VAPV (Rad 0%) - Dry (2022)
Soybean,weatherRad0Center,2022,2,14,0,0,0,Dry,-0.967239793621461,named in manuscript,2022-02-14,45,VAPV (Rad 0%),VAPV (Rad 0%) - Dry (2022)
Soybean,weatherRad0Center,2022,2,15,0,0,0,Dry,-0.967239793621461,named in manuscript,2022-02-15,46,VAPV (Rad 0%),VAPV (Rad 0%) - Dry (2022)
Soybean,weatherRad0Center,2022,2,16,0,0,0,Dry,-0.967239793621461,named in manuscript,2022-02-16,47,VAPV (Rad 0%),VAPV (Rad 0%) - Dry (2022)
Soybean,weatherRad0Center,2022,2,17,0,0,0,Dry,-0.967239793621461,named in manuscript,2022-02-17,48,VAPV (Rad 0%),VAPV (Rad 0%) - Dry (2022)
Soybean,weatherRad0Center,2022,2,18,0,0,0,Dry,-0.967239793621461,named in manuscript,2022-02-18,49,VAPV (Rad 0%),VAPV (Rad 0%) - Dry (2022)
Soybean,weatherRad0Center,2022,2,19,0,0,0,Dry,-0.967239793621461,named in manuscript,2022-02-19,50,VAPV (Rad 0%),VAPV (Rad 0%) - Dry (2022)
Soybean,weatherRad0Center,2022,2,20,0,0,0,Dry,-0.967239793621461,named in manuscript,2022-02-20,51,VAPV (Rad 0%),VAPV (Rad 0%) - Dry (2022)
Soybean,weatherRad0Center,2022,2,21,0,0,0,Dry,-0.967239793621461,named in manuscript,2022-02-21,52,VAPV (Rad 0%),VAPV (Rad 0%) - Dry (2022)
Soybean,weatherRad0Center,2022,2,22,0,0,0,Dry,-0.967239793621461,named in manuscript,2022-02-22,53,VAPV (Rad 0%),VAPV (Rad 0%) - Dry (2022)
Soybean,weatherRad0Center,2022,2,23,0,0,0,Dry,-0.967239793621461,named in manuscript,2022-02-23,54,VAPV (Rad 0%),VAPV (Rad 0%) - Dry (2022)
Soybean,weatherRad0Center,2022,2,24,0,0,0,Dry,-0.967239793621461,named in manuscript,2022-02-24,55,VAPV (Rad 0%),VAPV (Rad 0%) - Dry (2022)
Soybean,weatherRad0Center,2022,2,25,0,0,0,Dry,-0.967239793621461,named in manuscript,2022-02-25,56,VAPV (Rad 0%),VAPV (Rad 0%) - Dry (2022)
Soybean,weatherRad0Center,2022,2,26,0,0,0,Dry,-0.967239793621461,named in manuscript,2022-02-26,57,VAPV (Rad 0%),VAPV (Rad 0%) - Dry (2022)
Soybean,weatherRad0Center,2022,2,27,0,0,0,Dry,-0.967239793621461,named in manuscript,2022-02-27,58,VAPV (Rad 0%),VAPV (Rad 0%) - Dry (2022)
Soybean,weatherRad0Center,2022,2,28,0,0,0,Dry,-0.967239793621461,named in manuscript,2022-02-28,59,VAPV (Rad 0%),VAPV (Rad 0%) - Dry (2022)
Soybean,weatherRad0Center,2022,3,1,0,0,0,Dry,-0.967239793621461,named in manuscript,2022-03-01,60,VAPV (Rad 0%),VAPV (Rad 0%) - Dry (2022)
Soybean,weatherRad0Center,2022,3,2,0,0,0,Dry,-0.967239793621461,named in manuscript,2022-03-02,61,VAPV (Rad 0%),VAPV (Rad 0%) - Dry (2022)
Soybean,weatherRad0Center,2022,3,3,0,0,0,Dry,-0.967239793621461,named in manuscript,2022-03-03,62,VAPV (Rad 0%),VAPV (Rad 0%) - Dry (2022)
Soybean,weatherRad0Center,2022,3,4,0,0,0,Dry,-0.967239793621461,named in manuscript,2022-03-04,63,VAPV (Rad 0%),VAPV (Rad 0%) - Dry (2022)
Soybean,weatherRad0Center,2022,3,5,0,0,0,Dry,-0.967239793621461,named in manuscript,2022-03-05,64,VAPV (Rad 0%),VAPV (Rad 0%) - Dry (2022)
Soybean,weatherRad0Center,2022,3,6,0,0,0,Dry,-0.967239793621461,named in manuscript,2022-03-06,65,VAPV (Rad 0%),VAPV (Rad 0%) - Dry (2022)
Soybean,weatherRad0Center,2022,3,7,0,0,0,Dry,-0.967239793621461,named in manuscript,2022-03-07,66,VAPV (Rad 0%),VAPV (Rad 0%) - Dry (2022)
Soybean,weatherRad0Center,2022,3,8,0,0,0,Dry,-0.967239793621461,named in manuscript,2022-03-08,67,VAPV (Rad 0%),VAPV (Rad 0%) - Dry (2022)
Soybean,weatherRad0Center,2022,3,9,0,0,0,Dry,-0.967239793621461,named in manuscript,2022-03-09,68,VAPV (Rad 0%),VAPV (Rad 0%) - Dry (2022)
Soybean,weatherRad0Center,2022,3,10,0,0,0,Dry,-0.967239793621461,named in manuscript,2022-03-10,69,VAPV (Rad 0%),VAPV (Rad 0%) - Dry (2022)
Soybean,weatherRad0Center,2022,3,11,0,0,0,Dry,-0.967239793621461,named in manuscript,2022-03-11,70,VAPV (Rad 0%),VAPV (Rad 0%) - Dry (2022)
Soybean,weatherRad0Center,2022,3,12,0,0,0,Dry,-0.967239793621461,named in manuscript,2022-03-12,71,VAPV (Rad 0%),VAPV (Rad 0%) - Dry (2022)
Soybean,weatherRad0Center,2022,3,13,0,0,0,Dry,-0.967239793621461,named in manuscript,2022-03-13,72,VAPV (Rad 0%),VAPV (Rad 0%) - Dry (2022)
Soybean,weatherRad0Center,2022,3,14,0,0,0,Dry,-0.967239793621461,named in manuscript,2022-03-14,73,VAPV (Rad 0%),VAPV (Rad 0%) - Dry (2022)
Soybean,weatherRad0Center,2022,3,15,0,0,0,Dry,-0.967239793621461,named in manuscript,2022-03-15,74,VAPV (Rad 0%),VAPV (Rad 0%) - Dry (2022)
Soybean,weatherRad0Center,2022,3,16,0,0,0,Dry,-0.967239793621461,named in manuscript,2022-03-16,75,VAPV (Rad 0%),VAPV (Rad 0%) - Dry (2022)
Soybean,weatherRad0Center,2022,3,17,0,0,0,Dry,-0.967239793621461,named in manuscript,2022-03-17,76,VAPV (Rad 0%),VAPV (Rad 0%) - Dry (2022)
Soybean,weatherRad0Center,2022,3,18,0,0,0,Dry,-0.967239793621461,named in manuscript,2022-03-18,77,VAPV (Rad 0%),VAPV (Rad 0%) - Dry (2022)
Soybean,weatherRad0Center,2022,3,19,0,0,0,Dry,-0.967239793621461,named in manuscript,2022-03-19,78,VAPV (Rad 0%),VAPV (Rad 0%) - Dry (2022)
Soybean,weatherRad0Center,2022,3,20,0,0,0,Dry,-0.967239793621461,named in manuscript,2022-03-20,79,VAPV (Rad 0%),VAPV (Rad 0%) - Dry (2022)
Soybean,weatherRad0Center,2022,3,21,0,0,0,Dry,-0.967239793621461,named in manuscript,2022-03-21,80,VAPV (Rad 0%),VAPV (Rad 0%) - Dry (2022)
Soybean,weatherRad0Center,2022,3,22,0,0,0,Dry,-0.967239793621461,named in manuscript,2022-03-22,81,VAPV (Rad 0%),VAPV (Rad 0%) - Dry (2022)
Soybean,weatherRad0Center,2022,3,23,0,0,0,Dry,-0.967239793621461,named in manuscript,2022-03-23,82,VAPV (Rad 0%),VAPV (Rad 0%) - Dry (2022)
Soybean,weatherRad0Center,2022,3,24,0,0,0,Dry,-0.967239793621461,named in manuscript,2022-03-24,83,VAPV (Rad 0%),VAPV (Rad 0%) - Dry (2022)
Soybean,weatherRad0Center,2022,3,25,0,0,0,Dry,-0.967239793621461,named in manuscript,2022-03-25,84,VAPV (Rad 0%),VAPV (Rad 0%) - Dry (2022)
Soybean,weatherRad0Center,2022,3,26,0,0,0,Dry,-0.967239793621461,named in manuscript,2022-03-26,85,VAPV (Rad 0%),VAPV (Rad 0%) - Dry (2022)
Soybean,weatherRad0Center,2022,3,27,0,0,0,Dry,-0.967239793621461,named in manuscript,2022-03-27,86,VAPV (Rad 0%),VAPV (Rad 0%) - Dry (2022)
Soybean,weatherRad0Center,2022,3,28,0,0,0,Dry,-0.967239793621461,named in manuscript,2022-03-28,87,VAPV (Rad 0%),VAPV (Rad 0%) - Dry (2022)
Soybean,weatherRad0Center,2022,3,29,0,0,0,Dry,-0.967239793621461,named in manuscript,2022-03-29,88,VAPV (Rad 0%),VAPV (Rad 0%) - Dry (2022)
Soybean,weatherRad0Center,2022,3,30,0,0,0,Dry,-0.967239793621461,named in manuscript,2022-03-30,89,VAPV (Rad 0%),VAPV (Rad 0%) - Dry (2022)
Soybean,weatherRad0Center,2022,3,31,0,0,0,Dry,-0.967239793621461,named in manuscript,2022-03-31,90,VAPV (Rad 0%),VAPV (Rad 0%) - Dry (2022)
Soybean,weatherRad0Center,2022,4,1,0,0,0,Dry,-0.967239793621461,named in manuscript,2022-04-01,91,VAPV (Rad 0%),VAPV (Rad 0%) - Dry (2022)
Soybean,weatherRad0Center,2022,4,2,0,0,0,Dry,-0.967239793621461,named in manuscript,2022-04-02,92,VAPV (Rad 0%),VAPV (Rad 0%) - Dry (2022)
Soybean,weatherRad0Center,2022,4,3,0,0,0,Dry,-0.967239793621461,named in manuscript,2022-04-03,93,VAPV (Rad 0%),VAPV (Rad 0%) - Dry (2022)
Soybean,weatherRad0Center,2022,4,4,0,0,0,Dry,-0.967239793621461,named in manuscript,2022-04-04,94,VAPV (Rad 0%),VAPV (Rad 0%) - Dry (2022)
Soybean,weatherRad0Center,2022,4,5,0,0,0,Dry,-0.967239793621461,named in manuscript,2022-04-05,95,VAPV (Rad 0%),VAPV (Rad 0%) - Dry (2022)
Soybean,weatherRad0Center,2022,4,6,0,0,0,Dry,-0.967239793621461,named in manuscript,2022-04-06,96,VAPV (Rad 0%),VAPV (Rad 0%) - Dry (2022)
Soybean,weatherRad0Center,2022,4,7,0,0,0,Dry,-0.967239793621461,named in manuscript,2022-04-07,97,VAPV (Rad 0%),VAPV (Rad 0%) - Dry (2022)
Soybean,weatherRad0Center,2022,4,8,0,0,0,Dry,-0.967239793621461,named in manuscript,2022-04-08,98,VAPV (Rad 0%),VAPV (Rad 0%) - Dry (2022)
Soybean,weatherRad0Center,2022,4,9,0,0,0,Dry,-0.967239793621461,named in manuscript,2022-04-09,99,VAPV (Rad 0%),VAPV (Rad 0%) - Dry (2022)
Soybean,weatherRad0Center,2022,4,10,0,0,0,Dry,-0.967239793621461,named in manuscript,2022-04-10,100,VAPV (Rad 0%),VAPV (Rad 0%) - Dry (2022)
Soybean,weatherRad0Center,2022,4,11,0,0,0,Dry,-0.967239793621461,named in manuscript,2022-04-11,101,VAPV (Rad 0%),VAPV (Rad 0%) - Dry (2022)
Soybean,weatherRad0Center,2022,4,12,0,0,0,Dry,-0.967239793621461,named in manuscript,2022-04-12,102,VAPV (Rad 0%),VAPV (Rad 0%) - Dry (2022)
Soybean,weatherRad0Center,2022,4,13,0,0,0,Dry,-0.967239793621461,named in manuscript,2022-04-13,103,VAPV (Rad 0%),VAPV (Rad 0%) - Dry (2022)
Soybean,weatherRad0Center,2022,4,14,0,0,0,Dry,-0.967239793621461,named in manuscript,2022-04-14,104,VAPV (Rad 0%),VAPV (Rad 0%) - Dry (2022)
Soybean,weatherRad0Center,2022,4,15,0,0,0,Dry,-0.967239793621461,named in manuscript,2022-04-15,105,VAPV (Rad 0%),VAPV (Rad 0%) - Dry (2022)
Soybean,weatherRad0Center,2022,4,16,0,0,0,Dry,-0.967239793621461,named in manuscript,2022-04-16,106,VAPV (Rad 0%),VAPV (Rad 0%) - Dry (2022)
Soybean,weatherRad0Center,2022,4,17,0,0,0,Dry,-0.967239793621461,named in manuscript,2022-04-17,107,VAPV (Rad 0%),VAPV (Rad 0%) - Dry (2022)
Soybean,weatherRad0Center,2022,4,18,0,0,0,Dry,-0.967239793621461,named in manuscript,2022-04-18,108,VAPV (Rad 0%),VAPV (Rad 0%) - Dry (2022)
Soybean,weatherRad0Center,2022,4,19,0,0,0,Dry,-0.967239793621461,named in manuscript,2022-04-19,109,VAPV (Rad 0%),VAPV (Rad 0%) - Dry (2022)
Soybean,weatherRad0Center,2022,4,20,0,0,0,Dry,-0.967239793621461,named in manuscript,2022-04-20,110,VAPV (Rad 0%),VAPV (Rad 0%) - Dry (2022)
Soybean,weatherRad0Center,2022,4,21,0,0,0,Dry,-0.967239793621461,named in manuscript,2022-04-21,111,VAPV (Rad 0%),VAPV (Rad 0%) - Dry (2022)
Soybean,weatherRad0Center,2022,4,22,0,0,0,Dry,-0.967239793621461,named in manuscript,2022-04-22,112,VAPV (Rad 0%),VAPV (Rad 0%) - Dry (2022)
Soybean,weatherRad0Center,2022,4,23,0,0,0,Dry,-0.967239793621461,named in manuscript,2022-04-23,113,VAPV (Rad 0%),VAPV (Rad 0%) - Dry (2022)
Soybean,weatherRad0Center,2022,4,24,0,0,0,Dry,-0.967239793621461,named in manuscript,2022-04-24,114,VAPV (Rad 0%),VAPV (Rad 0%) - Dry (2022)
Soybean,weatherRad0Center,2022,4,25,0,0,0,Dry,-0.967239793621461,named in manuscript,2022-04-25,115,VAPV (Rad 0%),VAPV (Rad 0%) - Dry (2022)
Soybean,weatherRad0Center,2022,4,26,0,0,0,Dry,-0.967239793621461,named in manuscript,2022-04-26,116,VAPV (Rad 0%),VAPV (Rad 0%) - Dry (2022)
Soybean,weatherRad0Center,2022,4,27,0,0,0,Dry,-0.967239793621461,named in manuscript,2022-04-27,117,VAPV (Rad 0%),VAPV (Rad 0%) - Dry (2022)
Soybean,weatherRad0Center,2022,4,28,0,0,0,Dry,-0.967239793621461,named in manuscript,2022-04-28,118,VAPV (Rad 0%),VAPV (Rad 0%) - Dry (2022)
Soybean,weatherRad0Center,2022,4,29,0,0,0,Dry,-0.967239793621461,named in manuscript,2022-04-29,119,VAPV (Rad 0%),VAPV (Rad 0%) - Dry (2022)
Soybean,weatherRad0Center,2022,4,30,0,0,0,Dry,-0.967239793621461,named in manuscript,2022-04-30,120,VAPV (Rad 0%),VAPV (Rad 0%) - Dry (2022)
Soybean,weatherRad0Center,2022,5,1,0,0,0,Dry,-0.967239793621461,named in manuscript,2022-05-01,121,VAPV (Rad 0%),VAPV (Rad 0%) - Dry (2022)
Soybean,weatherRad0Center,2022,5,2,0,0,0,Dry,-0.967239793621461,named in manuscript,2022-05-02,122,VAPV (Rad 0%),VAPV (Rad 0%) - Dry (2022)
Soybean,weatherRad0Center,2022,5,3,0,0,0,Dry,-0.967239793621461,named in manuscript,2022-05-03,123,VAPV (Rad 0%),VAPV (Rad 0%) - Dry (2022)
Soybean,weatherRad0Center,2022,5,4,0,0,0,Dry,-0.967239793621461,named in manuscript,2022-05-04,124,VAPV (Rad 0%),VAPV (Rad 0%) - Dry (2022)
Soybean,weatherRad0Center,2022,5,5,0,0,0,Dry,-0.967239793621461,named in manuscript,2022-05-05,125,VAPV (Rad 0%),VAPV (Rad 0%) - Dry (2022)
Soybean,weatherRad0Center,2022,5,6,0,0,0,Dry,-0.967239793621461,named in manuscript,2022-05-06,126,VAPV (Rad 0%),VAPV (Rad 0%) - Dry (2022)
Soybean,weatherRad0Center,2022,5,7,0,0,0,Dry,-0.967239793621461,named in manuscript,2022-05-07,127,VAPV (Rad 0%),VAPV (Rad 0%) - Dry (2022)
Soybean,weatherRad0Center,2022,5,8,0,0,0,Dry,-0.967239793621461,named in manuscript,2022-05-08,128,VAPV (Rad 0%),VAPV (Rad 0%) - Dry (2022)
Soybean,weatherRad0Center,2022,5,9,0,0,0,Dry,-0.967239793621461,named in manuscript,2022-05-09,129,VAPV (Rad 0%),VAPV (Rad 0%) - Dry (2022)
Soybean,weatherRad0Center,2022,5,10,0,0,0,Dry,-0.967239793621461,named in manuscript,2022-05-10,130,VAPV (Rad 0%),VAPV (Rad 0%) - Dry (2022)
Soybean,weatherRad0Center,2022,5,11,0,0,0,Dry,-0.967239793621461,named in manuscript,2022-05-11,131,VAPV (Rad 0%),VAPV (Rad 0%) - Dry (2022)
Soybean,weatherRad0Center,2022,5,12,0,0,0,Dry,-0.967239793621461,named in manuscript,2022-05-12,132,VAPV (Rad 0%),VAPV (Rad 0%) - Dry (2022)
Soybean,weatherRad0Center,2022,5,13,0,0,0,Dry,-0.967239793621461,named in manuscript,2022-05-13,133,VAPV (Rad 0%),VAPV (Rad 0%) - Dry (2022)
Soybean,weatherRad0Center,2022,5,14,0,0,0,Dry,-0.967239793621461,named in manuscript,2022-05-14,134,VAPV (Rad 0%),VAPV (Rad 0%) - Dry (2022)
Soybean,weatherRad0Center,2022,5,15,0,0,0,Dry,-0.967239793621461,named in manuscript,2022-05-15,135,VAPV (Rad 0%),VAPV (Rad 0%) - Dry (2022)
Soybean,weatherRad0Center,2022,5,16,1e-5,0,0,Dry,-0.967239793621461,named in manuscript,2022-05-16,136,VAPV (Rad 0%),VAPV (Rad 0%) - Dry (2022)
Soybean,weatherRad0Center,2022,5,17,1e-5,0,0,Dry,-0.967239793621461,named in manuscript,2022-05-17,137,VAPV (Rad 0%),VAPV (Rad 0%) - Dry (2022)
Soybean,weatherRad0Center,2022,5,18,1e-5,0,0,Dry,-0.967239793621461,named in manuscript,2022-05-18,138,VAPV (Rad 0%),VAPV (Rad 0%) - Dry (2022)
Soybean,weatherRad0Center,2022,5,19,1e-5,0,0,Dry,-0.967239793621461,named in manuscript,2022-05-19,139,VAPV (Rad 0%),VAPV (Rad 0%) - Dry (2022)
Soybean,weatherRad0Center,2022,5,20,1e-5,0,0,Dry,-0.967239793621461,named in manuscript,2022-05-20,140,VAPV (Rad 0%),VAPV (Rad 0%) - Dry (2022)
Soybean,weatherRad0Center,2022,5,21,1e-5,0,0,Dry,-0.967239793621461,named in manuscript,2022-05-21,141,VAPV (Rad 0%),VAPV (Rad 0%) - Dry (2022)
Soybean,weatherRad0Center,2022,5,22,1e-5,0,0,Dry,-0.967239793621461,named in manuscript,2022-05-22,142,VAPV (Rad 0%),VAPV (Rad 0%) - Dry (2022)
Soybean,weatherRad0Center,2022,5,23,1e-5,0,0,Dry,-0.967239793621461,named in manuscript,2022-05-23,143,VAPV (Rad 0%),VAPV (Rad 0%) - Dry (2022)
Soybean,weatherRad0Center,2022,5,24,1e-5,0,0,Dry,-0.967239793621461,named in manuscript,2022-05-24,144,VAPV (Rad 0%),VAPV (Rad 0%) - Dry (2022)
Soybean,weatherRad0Center,2022,5,25,1e-5,0,0,Dry,-0.967239793621461,named in manuscript,2022-05-25,145,VAPV (Rad 0%),VAPV (Rad 0%) - Dry (2022)
Soybean,weatherRad0Center,2022,5,26,1e-5,0,0,Dry,-0.967239793621461,named in manuscript,2022-05-26,146,VAPV (Rad 0%),VAPV (Rad 0%) - Dry (2022)
Soybean,weatherRad0Center,2022,5,27,1e-5,0,0,Dry,-0.967239793621461,named in manuscript,2022-05-27,147,VAPV (Rad 0%),VAPV (Rad 0%) - Dry (2022)
Soybean,weatherRad0Center,2022,5,28,3.0410526122000005e-4,0,0.109097,Dry,-0.967239793621461,named in manuscript,2022-05-28,148,VAPV (Rad 0%),VAPV (Rad 0%) - Dry (2022)
Soybean,weatherRad0Center,2022,5,29,0.0016258957547000002,0,0.109097,Dry,-0.967239793621461,named in manuscript,2022-05-29,149,VAPV (Rad 0%),VAPV (Rad 0%) - Dry (2022)
Soybean,weatherRad0Center,2022,5,30,0.003429650603,0,0.126573,Dry,-0.967239793621461,named in manuscript,2022-05-30,150,VAPV (Rad 0%),VAPV (Rad 0%) - Dry (2022)
Soybean,weatherRad0Center,2022,5,31,0.004915785508,0,0.136319,Dry,-0.967239793621461,named in manuscript,2022-05-31,151,VAPV (Rad 0%),VAPV (Rad 0%) - Dry (2022)
Soybean,weatherRad0Center,2022,6,1,0.00639256099,0,0.145692,Dry,-0.967239793621461,named in manuscript,2022-06-01,152,VAPV (Rad 0%),VAPV (Rad 0%) - Dry (2022)
Soybean,weatherRad0Center,2022,6,2,0.00808894738,0,0.157671,Dry,-0.967239793621461,named in manuscript,2022-06-02,153,VAPV (Rad 0%),VAPV (Rad 0%) - Dry (2022)
Soybean,weatherRad0Center,2022,6,3,0.00941428811,0,0.169351,Dry,-0.967239793621461,named in manuscript,2022-06-03,154,VAPV (Rad 0%),VAPV (Rad 0%) - Dry (2022)
Soybean,weatherRad0Center,2022,6,4,0.010600580120000001,0,0.182721,Dry,-0.967239793621461,named in manuscript,2022-06-04,155,VAPV (Rad 0%),VAPV (Rad 0%) - Dry (2022)
Soybean,weatherRad0Center,2022,6,5,0.014779713929999999,0,0.190141,Dry,-0.967239793621461,named in manuscript,2022-06-05,156,VAPV (Rad 0%),VAPV (Rad 0%) - Dry (2022)
Soybean,weatherRad0Center,2022,6,6,0.020184329299999998,0,0.10307,Dry,-0.967239793621461,named in manuscript,2022-06-06,157,VAPV (Rad 0%),VAPV (Rad 0%) - Dry (2022)
Soybean,weatherRad0Center,2022,6,7,0.024381219500000002,0,0.13134,Dry,-0.967239793621461,named in manuscript,2022-06-07,158,VAPV (Rad 0%),VAPV (Rad 0%) - Dry (2022)
Soybean,weatherRad0Center,2022,6,8,0.0274479113,0,0.146702,Dry,-0.967239793621461,named in manuscript,2022-06-08,159,VAPV (Rad 0%),VAPV (Rad 0%) - Dry (2022)
Soybean,weatherRad0Center,2022,6,9,0.0308919064,0,0.157087,Dry,-0.967239793621461,named in manuscript,2022-06-09,160,VAPV (Rad 0%),VAPV (Rad 0%) - Dry (2022)
Soybean,weatherRad0Center,2022,6,10,0.0349442975,0,0.171242,Dry,-0.967239793621461,named in manuscript,2022-06-10,161,VAPV (Rad 0%),VAPV (Rad 0%) - Dry (2022)
Soybean,weatherRad0Center,2022,6,11,0.040113914099999995,0,0.177047,Dry,-0.967239793621461,named in manuscript,2022-06-11,162,VAPV (Rad 0%),VAPV (Rad 0%) - Dry (2022)
Soybean,weatherRad0Center,2022,6,12,0.0470408547,0,0.190125,Dry,-0.967239793621461,named in manuscript,2022-06-12,163,VAPV (Rad 0%),VAPV (Rad 0%) - Dry (2022)
Soybean,weatherRad0Center,2022,6,13,0.054327533,0,0.198838,Dry,-0.967239793621461,named in manuscript,2022-06-13,164,VAPV (Rad 0%),VAPV (Rad 0%) - Dry (2022)
Soybean,weatherRad0Center,2022,6,14,0.060783689999999994,0,0.224503,Dry,-0.967239793621461,named in manuscript,2022-06-14,165,VAPV (Rad 0%),VAPV (Rad 0%) - Dry (2022)
Soybean,weatherRad0Center,2022,6,15,0.067460166,0,0.247958,Dry,-0.967239793621461,named in manuscript,2022-06-15,166,VAPV (Rad 0%),VAPV (Rad 0%) - Dry (2022)
Soybean,weatherRad0Center,2022,6,16,0.074817887,0,0.270575,Dry,-0.967239793621461,named in manuscript,2022-06-16,167,VAPV (Rad 0%),VAPV (Rad 0%) - Dry (2022)
Soybean,weatherRad0Center,2022,6,17,0.085364307,0,0.296059,Dry,-0.967239793621461,named in manuscript,2022-06-17,168,VAPV (Rad 0%),VAPV (Rad 0%) - Dry (2022)
Soybean,weatherRad0Center,2022,6,18,0.09743559400000001,0,0.329752,Dry,-0.967239793621461,named in manuscript,2022-06-18,169,VAPV (Rad 0%),VAPV (Rad 0%) - Dry (2022)
Soybean,weatherRad0Center,2022,6,19,0.110199029,0,0.365344,Dry,-0.967239793621461,named in manuscript,2022-06-19,170,VAPV (Rad 0%),VAPV (Rad 0%) - Dry (2022)
Soybean,weatherRad0Center,2022,6,20,0.12233985600000001,0,0.40354,Dry,-0.967239793621461,named in manuscript,2022-06-20,171,VAPV (Rad 0%),VAPV (Rad 0%) - Dry (2022)
Soybean,weatherRad0Center,2022,6,21,0.133157579,0,0.438324,Dry,-0.967239793621461,named in manuscript,2022-06-21,172,VAPV (Rad 0%),VAPV (Rad 0%) - Dry (2022)
Soybean,weatherRad0Center,2022,6,22,0.147605241,0,0.468383,Dry,-0.967239793621461,named in manuscript,2022-06-22,173,VAPV (Rad 0%),VAPV (Rad 0%) - Dry (2022)
Soybean,weatherRad0Center,2022,6,23,0.16277118,0,0.505314,Dry,-0.967239793621461,named in manuscript,2022-06-23,174,VAPV (Rad 0%),VAPV (Rad 0%) - Dry (2022)
Soybean,weatherRad0Center,2022,6,24,0.18314250999999998,0,0.542106,Dry,-0.967239793621461,named in manuscript,2022-06-24,175,VAPV (Rad 0%),VAPV (Rad 0%) - Dry (2022)
Soybean,weatherRad0Center,2022,6,25,0.25929762,0,0.583071,Dry,-0.967239793621461,named in manuscript,2022-06-25,176,VAPV (Rad 0%),VAPV (Rad 0%) - Dry (2022)
Soybean,weatherRad0Center,2022,6,26,0.40210349,0.00101018,0.774562,Dry,-0.967239793621461,named in manuscript,2022-06-26,177,VAPV (Rad 0%),VAPV (Rad 0%) - Dry (2022)
Soybean,weatherRad0Center,2022,6,27,0.55070756,0.00322535,1.03501,Dry,-0.967239793621461,named in manuscript,2022-06-27,178,VAPV (Rad 0%),VAPV (Rad 0%) - Dry (2022)
Soybean,weatherRad0Center,2022,6,28,0.6289292300000001,0.00471531,1.38714,Dry,-0.967239793621461,named in manuscript,2022-06-28,179,VAPV (Rad 0%),VAPV (Rad 0%) - Dry (2022)
Soybean,weatherRad0Center,2022,6,29,0.70510122,0.00624022,1.55673,Dry,-0.967239793621461,named in manuscript,2022-06-29,180,VAPV (Rad 0%),VAPV (Rad 0%) - Dry (2022)
Soybean,weatherRad0Center,2022,6,30,0.83720631,0.0100563,1.73482,Dry,-0.967239793621461,named in manuscript,2022-06-30,181,VAPV (Rad 0%),VAPV (Rad 0%) - Dry (2022)
Soybean,weatherRad0Center,2022,7,1,1.02339728,0.0176868,2.03905,Dry,-0.967239793621461,named in manuscript,2022-07-01,182,VAPV (Rad 0%),VAPV (Rad 0%) - Dry (2022)
Soybean,weatherRad0Center,2022,7,2,1.1800095,0.0255177,2.47134,Dry,-0.967239793621461,named in manuscript,2022-07-02,183,VAPV (Rad 0%),VAPV (Rad 0%) - Dry (2022)
Soybean,weatherRad0Center,2022,7,3,1.3329313,0.0347377,2.80334,Dry,-0.967239793621461,named in manuscript,2022-07-03,184,VAPV (Rad 0%),VAPV (Rad 0%) - Dry (2022)
Soybean,weatherRad0Center,2022,7,4,1.5184204000000001,0.0479295,3.13148,Dry,-0.967239793621461,named in manuscript,2022-07-04,185,VAPV (Rad 0%),VAPV (Rad 0%) - Dry (2022)
Soybean,weatherRad0Center,2022,7,5,1.6661768,0.0594123,3.51229,Dry,-0.967239793621461,named in manuscript,2022-07-05,186,VAPV (Rad 0%),VAPV (Rad 0%) - Dry (2022)
Soybean,weatherRad0Center,2022,7,6,1.7767233,0.0687768,3.81191,Dry,-0.967239793621461,named in manuscript,2022-07-06,187,VAPV (Rad 0%),VAPV (Rad 0%) - Dry (2022)
Soybean,weatherRad0Center,2022,7,7,1.8849547,0.0788059,4.02274,Dry,-0.967239793621461,named in manuscript,2022-07-07,188,VAPV (Rad 0%),VAPV (Rad 0%) - Dry (2022)
Soybean,weatherRad0Center,2022,7,8,2.0187733000000003,0.0927763,4.22965,Dry,-0.967239793621461,named in manuscript,2022-07-08,189,VAPV (Rad 0%),VAPV (Rad 0%) - Dry (2022)
Soybean,weatherRad0Center,2022,7,9,2.1593663999999997,0.108844,4.48301,Dry,-0.967239793621461,named in manuscript,2022-07-09,190,VAPV (Rad 0%),VAPV (Rad 0%) - Dry (2022)
Soybean,weatherRad0Center,2022,7,10,2.2786277,0.123652,4.73851,Dry,-0.967239793621461,named in manuscript,2022-07-10,191,VAPV (Rad 0%),VAPV (Rad 0%) - Dry (2022)
Soybean,weatherRad0Center,2022,7,11,2.3990333,0.139669,4.94448,Dry,-0.967239793621461,named in manuscript,2022-07-11,192,VAPV (Rad 0%),VAPV (Rad 0%) - Dry (2022)
Soybean,weatherRad0Center,2022,7,12,2.5504440999999995,0.163026,5.15023,Dry,-0.967239793621461,named in manuscript,2022-07-12,193,VAPV (Rad 0%),VAPV (Rad 0%) - Dry (2022)
Soybean,weatherRad0Center,2022,7,13,2.7448626000000003,0.19512,5.41437,Dry,-0.967239793621461,named in manuscript,2022-07-13,194,VAPV (Rad 0%),VAPV (Rad 0%) - Dry (2022)
Soybean,weatherRad0Center,2022,7,14,2.941621,0.229675,5.74616,Dry,-0.967239793621461,named in manuscript,2022-07-14,195,VAPV (Rad 0%),VAPV (Rad 0%) - Dry (2022)
Soybean,weatherRad0Center,2022,7,15,3.0856864,0.256334,6.06868,Dry,-0.967239793621461,named in manuscript,2022-07-15,196,VAPV (Rad 0%),VAPV (Rad 0%) - Dry (2022)
Soybean,weatherRad0Center,2022,7,16,3.1888140000000003,0.276599,6.2891,Dry,-0.967239793621461,named in manuscript,2022-07-16,197,VAPV (Rad 0%),VAPV (Rad 0%) - Dry (2022)
Soybean,weatherRad0Center,2022,7,17,3.2871135,0.296649,6.4378,Dry,-0.967239793621461,named in manuscript,2022-07-17,198,VAPV (Rad 0%),VAPV (Rad 0%) - Dry (2022)
Soybean,weatherRad0Center,2022,7,18,3.3992071,0.320421,6.57627,Dry,-0.967239793621461,named in manuscript,2022-07-18,199,VAPV (Rad 0%),VAPV (Rad 0%) - Dry (2022)
Soybean,weatherRad0Center,2022,7,19,3.5133567999999995,0.346607,6.73209,Dry,-0.967239793621461,named in manuscript,2022-07-19,200,VAPV (Rad 0%),VAPV (Rad 0%) - Dry (2022)
Soybean,weatherRad0Center,2022,7,20,3.7074930000000004,0.394334,6.88076,Dry,-0.967239793621461,named in manuscript,2022-07-20,201,VAPV (Rad 0%),VAPV (Rad 0%) - Dry (2022)
Soybean,weatherRad0Center,2022,7,21,3.9775270000000003,0.469145,7.14116,Dry,-0.967239793621461,named in manuscript,2022-07-21,202,VAPV (Rad 0%),VAPV (Rad 0%) - Dry (2022)
Soybean,weatherRad0Center,2022,7,22,4.1871849999999995,0.53803,7.46795,Dry,-0.967239793621461,named in manuscript,2022-07-22,203,VAPV (Rad 0%),VAPV (Rad 0%) - Dry (2022)
Soybean,weatherRad0Center,2022,7,23,4.28649,0.578972,7.58896,Dry,-0.967239793621461,named in manuscript,2022-07-23,204,VAPV (Rad 0%),VAPV (Rad 0%) - Dry (2022)
Soybean,weatherRad0Center,2022,7,24,4.316541,0.598596,7.52596,Dry,-0.967239793621461,named in manuscript,2022-07-24,205,VAPV (Rad 0%),VAPV (Rad 0%) - Dry (2022)
Soybean,weatherRad0Center,2022,7,25,4.348483,0.617751,7.39789,Dry,-0.967239793621461,named in manuscript,2022-07-25,206,VAPV (Rad 0%),VAPV (Rad 0%) - Dry (2022)
Soybean,weatherRad0Center,2022,7,26,4.386192,0.638892,7.30849,Dry,-0.967239793621461,named in manuscript,2022-07-26,207,VAPV (Rad 0%),VAPV (Rad 0%) - Dry (2022)
Soybean,weatherRad0Center,2022,7,27,4.424551,0.659708,7.24347,Dry,-0.967239793621461,named in manuscript,2022-07-27,208,VAPV (Rad 0%),VAPV (Rad 0%) - Dry (2022)
Soybean,weatherRad0Center,2022,7,28,4.457966,0.678317,7.1959,Dry,-0.967239793621461,named in manuscript,2022-07-28,209,VAPV (Rad 0%),VAPV (Rad 0%) - Dry (2022)
Soybean,weatherRad0Center,2022,7,29,4.502108,0.701312,7.15517,Dry,-0.967239793621461,named in manuscript,2022-07-29,210,VAPV (Rad 0%),VAPV (Rad 0%) - Dry (2022)
Soybean,weatherRad0Center,2022,7,30,4.56857,0.735023,7.13229,Dry,-0.967239793621461,named in manuscript,2022-07-30,211,VAPV (Rad 0%),VAPV (Rad 0%) - Dry (2022)
Soybean,weatherRad0Center,2022,7,31,4.64177,0.774542,7.12641,Dry,-0.967239793621461,named in manuscript,2022-07-31,212,VAPV (Rad 0%),VAPV (Rad 0%) - Dry (2022)
Soybean,weatherRad0Center,2022,8,1,4.693994,0.806052,7.11422,Dry,-0.967239793621461,named in manuscript,2022-08-01,213,VAPV (Rad 0%),VAPV (Rad 0%) - Dry (2022)
Soybean,weatherRad0Center,2022,8,2,4.7399629999999995,0.835751,7.08412,Dry,-0.967239793621461,named in manuscript,2022-08-02,214,VAPV (Rad 0%),VAPV (Rad 0%) - Dry (2022)
Soybean,weatherRad0Center,2022,8,3,4.771584,0.858763,7.04743,Dry,-0.967239793621461,named in manuscript,2022-08-03,215,VAPV (Rad 0%),VAPV (Rad 0%) - Dry (2022)
Soybean,weatherRad0Center,2022,8,4,4.811608,0.889658,7.00113,Dry,-0.967239793621461,named in manuscript,2022-08-04,216,VAPV (Rad 0%),VAPV (Rad 0%) - Dry (2022)
Soybean,weatherRad0Center,2022,8,5,4.861774,0.927579,6.9445,Dry,-0.967239793621461,named in manuscript,2022-08-05,217,VAPV (Rad 0%),VAPV (Rad 0%) - Dry (2022)
Soybean,weatherRad0Center,2022,8,6,4.901815,0.959213,6.8894,Dry,-0.967239793621461,named in manuscript,2022-08-06,218,VAPV (Rad 0%),VAPV (Rad 0%) - Dry (2022)
Soybean,weatherRad0Center,2022,8,7,4.932365,0.984822,6.83459,Dry,-0.967239793621461,named in manuscript,2022-08-07,219,VAPV (Rad 0%),VAPV (Rad 0%) - Dry (2022)
Soybean,weatherRad0Center,2022,8,8,4.9486349999999995,1.0012,6.77985,Dry,-0.967239793621461,named in manuscript,2022-08-08,220,VAPV (Rad 0%),VAPV (Rad 0%) - Dry (2022)
Soybean,weatherRad0Center,2022,8,9,4.974588,1.02411,6.72508,Dry,-0.967239793621461,named in manuscript,2022-08-09,221,VAPV (Rad 0%),VAPV (Rad 0%) - Dry (2022)
Soybean,weatherRad0Center,2022,8,10,5.013593999999999,1.05602,6.67047,Dry,-0.967239793621461,named in manuscript,2022-08-10,222,VAPV (Rad 0%),VAPV (Rad 0%) - Dry (2022)
Soybean,weatherRad0Center,2022,8,11,5.071284,1.10113,6.61605,Dry,-0.967239793621461,named in manuscript,2022-08-11,223,VAPV (Rad 0%),VAPV (Rad 0%) - Dry (2022)
Soybean,weatherRad0Center,2022,8,12,5.142377,1.15633,6.56186,Dry,-0.967239793621461,named in manuscript,2022-08-12,224,VAPV (Rad 0%),VAPV (Rad 0%) - Dry (2022)
Soybean,weatherRad0Center,2022,8,13,5.216993,1.21517,6.50772,Dry,-0.967239793621461,named in manuscript,2022-08-13,225,VAPV (Rad 0%),VAPV (Rad 0%) - Dry (2022)
Soybean,weatherRad0Center,2022,8,14,5.288336000000001,1.27298,6.45333,Dry,-0.967239793621461,named in manuscript,2022-08-14,226,VAPV (Rad 0%),VAPV (Rad 0%) - Dry (2022)
Soybean,weatherRad0Center,2022,8,15,5.350947,1.32568,6.39856,Dry,-0.967239793621461,named in manuscript,2022-08-15,227,VAPV (Rad 0%),VAPV (Rad 0%) - Dry (2022)
Soybean,weatherRad0Center,2022,8,16,5.406244,1.3741,6.34335,Dry,-0.967239793621461,named in manuscript,2022-08-16,228,VAPV (Rad 0%),VAPV (Rad 0%) - Dry (2022)
Soybean,weatherRad0Center,2022,8,17,5.452365,1.41648,6.28776,Dry,-0.967239793621461,named in manuscript,2022-08-17,229,VAPV (Rad 0%),VAPV (Rad 0%) - Dry (2022)
Soybean,weatherRad0Center,2022,8,18,5.489839,1.45283,6.23196,Dry,-0.967239793621461,named in manuscript,2022-08-18,230,VAPV (Rad 0%),VAPV (Rad 0%) - Dry (2022)
Soybean,weatherRad0Center,2022,8,19,5.512833,1.47802,6.17608,Dry,-0.967239793621461,named in manuscript,2022-08-19,231,VAPV (Rad 0%),VAPV (Rad 0%) - Dry (2022)
Soybean,weatherRad0Center,2022,8,20,5.534063,1.50223,6.12049,Dry,-0.967239793621461,named in manuscript,2022-08-20,232,VAPV (Rad 0%),VAPV (Rad 0%) - Dry (2022)
Soybean,weatherRad0Center,2022,8,21,5.553518,1.52535,6.06452,Dry,-0.967239793621461,named in manuscript,2022-08-21,233,VAPV (Rad 0%),VAPV (Rad 0%) - Dry (2022)
Soybean,weatherRad0Center,2022,8,22,5.565827,1.54272,6.00871,Dry,-0.967239793621461,named in manuscript,2022-08-22,234,VAPV (Rad 0%),VAPV (Rad 0%) - Dry (2022)
Soybean,weatherRad0Center,2022,8,23,5.572505,1.55546,5.9533,Dry,-0.967239793621461,named in manuscript,2022-08-23,235,VAPV (Rad 0%),VAPV (Rad 0%) - Dry (2022)
Soybean,weatherRad0Center,2022,8,24,5.579595,1.56878,5.89812,Dry,-0.967239793621461,named in manuscript,2022-08-24,236,VAPV (Rad 0%),VAPV (Rad 0%) - Dry (2022)
Soybean,weatherRad0Center,2022,8,25,5.587408,1.58304,5.84243,Dry,-0.967239793621461,named in manuscript,2022-08-25,237,VAPV (Rad 0%),VAPV (Rad 0%) - Dry (2022)
Soybean,weatherRad0Center,2022,8,26,5.594860000000001,1.59729,5.7866,Dry,-0.967239793621461,named in manuscript,2022-08-26,238,VAPV (Rad 0%),VAPV (Rad 0%) - Dry (2022)
Soybean,weatherRad0Center,2022,8,27,5.6018550000000005,1.61142,5.73077,Dry,-0.967239793621461,named in manuscript,2022-08-27,239,VAPV (Rad 0%),VAPV (Rad 0%) - Dry (2022)
Soybean,weatherRad0Center,2022,8,28,5.607059,1.62408,5.67503,Dry,-0.967239793621461,named in manuscript,2022-08-28,240,VAPV (Rad 0%),VAPV (Rad 0%) - Dry (2022)
Soybean,weatherRad0Center,2022,8,29,5.609081,1.63389,5.61962,Dry,-0.967239793621461,named in manuscript,2022-08-29,241,VAPV (Rad 0%),VAPV (Rad 0%) - Dry (2022)
Soybean,weatherRad0Center,2022,8,30,5.608029,1.64082,5.56449,Dry,-0.967239793621461,named in manuscript,2022-08-30,242,VAPV (Rad 0%),VAPV (Rad 0%) - Dry (2022)
Soybean,weatherRad0Center,2022,8,31,5.604557,1.6454,5.5098,Dry,-0.967239793621461,named in manuscript,2022-08-31,243,VAPV (Rad 0%),VAPV (Rad 0%) - Dry (2022)
Soybean,weatherRad0Center,2022,9,1,5.599612,1.64854,5.45548,Dry,-0.967239793621461,named in manuscript,2022-09-01,244,VAPV (Rad 0%),VAPV (Rad 0%) - Dry (2022)
Soybean,weatherRad0Center,2022,9,2,5.594145,1.65114,5.40155,Dry,-0.967239793621461,named in manuscript,2022-09-02,245,VAPV (Rad 0%),VAPV (Rad 0%) - Dry (2022)
Soybean,weatherRad0Center,2022,9,3,5.588349,1.65338,5.34788,Dry,-0.967239793621461,named in manuscript,2022-09-03,246,VAPV (Rad 0%),VAPV (Rad 0%) - Dry (2022)
Soybean,weatherRad0Center,2022,9,4,5.582326999999999,1.6561,5.29452,Dry,-0.967239793621461,named in manuscript,2022-09-04,247,VAPV (Rad 0%),VAPV (Rad 0%) - Dry (2022)
Soybean,weatherRad0Center,2022,9,5,5.576622,1.65865,5.24047,Dry,-0.967239793621461,named in manuscript,2022-09-05,248,VAPV (Rad 0%),VAPV (Rad 0%) - Dry (2022)
Soybean,weatherRad0Center,2022,9,6,5.570721,1.66114,5.18558,Dry,-0.967239793621461,named in manuscript,2022-09-06,249,VAPV (Rad 0%),VAPV (Rad 0%) - Dry (2022)
Soybean,weatherRad0Center,2022,9,7,5.564073,1.66299,5.12964,Dry,-0.967239793621461,named in manuscript,2022-09-07,250,VAPV (Rad 0%),VAPV (Rad 0%) - Dry (2022)
Soybean,weatherRad0Center,2022,9,8,5.554373,1.66469,5.07306,Dry,-0.967239793621461,named in manuscript,2022-09-08,251,VAPV (Rad 0%),VAPV (Rad 0%) - Dry (2022)
Soybean,weatherRad0Center,2022,9,9,5.542705,1.66628,5.01082,Dry,-0.967239793621461,named in manuscript,2022-09-09,252,VAPV (Rad 0%),VAPV (Rad 0%) - Dry (2022)
Soybean,weatherRad0Center,2022,9,10,5.531254,1.6675,4.94603,Dry,-0.967239793621461,named in manuscript,2022-09-10,253,VAPV (Rad 0%),VAPV (Rad 0%) - Dry (2022)
Soybean,weatherRad0Center,2022,9,11,5.5202230000000005,1.6693,4.88191,Dry,-0.967239793621461,named in manuscript,2022-09-11,254,VAPV (Rad 0%),VAPV (Rad 0%) - Dry (2022)
Grass-Clover,weatherBaselineopen,2000,1,1,3.938236,0,4.364915,Near-normal,-0.35067228093625247,named in manuscript,2000-01-01,1,Open field,Open field - Near-normal (2000)
Grass-Clover,weatherBaselineopen,2000,1,2,3.933872,0,4.349439,Near-normal,-0.35067228093625247,named in manuscript,2000-01-02,2,Open field,Open field - Near-normal (2000)
Grass-Clover,weatherBaselineopen,2000,1,3,3.926318,0,4.334325,Near-normal,-0.35067228093625247,named in manuscript,2000-01-03,3,Open field,Open field - Near-normal (2000)
Grass-Clover,weatherBaselineopen,2000,1,4,3.917299,0,4.313485,Near-normal,-0.35067228093625247,named in manuscript,2000-01-04,4,Open field,Open field - Near-normal (2000)
Grass-Clover,weatherBaselineopen,2000,1,5,3.911233,0,4.290296,Near-normal,-0.35067228093625247,named in manuscript,2000-01-05,5,Open field,Open field - Near-normal (2000)
Grass-Clover,weatherBaselineopen,2000,1,6,3.907092,0,4.273172,Near-normal,-0.35067228093625247,named in manuscript,2000-01-06,6,Open field,Open field - Near-normal (2000)
Grass-Clover,weatherBaselineopen,2000,1,7,3.899962,0,4.259226,Near-normal,-0.35067228093625247,named in manuscript,2000-01-07,7,Open field,Open field - Near-normal (2000)
Grass-Clover,weatherBaselineopen,2000,1,8,3.893183,0,4.239561,Near-normal,-0.35067228093625247,named in manuscript,2000-01-08,8,Open field,Open field - Near-normal (2000)
Grass-Clover,weatherBaselineopen,2000,1,9,3.8856379999999997,0,4.221314,Near-normal,-0.35067228093625247,named in manuscript,2000-01-09,9,Open field,Open field - Near-normal (2000)
Grass-Clover,weatherBaselineopen,2000,1,10,3.879772,0,4.201314,Near-normal,-0.35067228093625247,named in manuscript,2000-01-10,10,Open field,Open field - Near-normal (2000)
Grass-Clover,weatherBaselineopen,2000,1,11,3.874892,0,4.185074,Near-normal,-0.35067228093625247,named in manuscript,2000-01-11,11,Open field,Open field - Near-normal (2000)
Grass-Clover,weatherBaselineopen,2000,1,12,3.8679289999999993,0,4.170653,Near-normal,-0.35067228093625247,named in manuscript,2000-01-12,12,Open field,Open field - Near-normal (2000)
Grass-Clover,weatherBaselineopen,2000,1,13,3.8586929999999997,0,4.151572,Near-normal,-0.35067228093625247,named in manuscript,2000-01-13,13,Open field,Open field - Near-normal (2000)
Grass-Clover,weatherBaselineopen,2000,1,14,3.852538,0,4.128528,Near-normal,-0.35067228093625247,named in manuscript,2000-01-14,14,Open field,Open field - Near-normal (2000)
Grass-Clover,weatherBaselineopen,2000,1,15,3.8468590000000003,0,4.111765,Near-normal,-0.35067228093625247,named in manuscript,2000-01-15,15,Open field,Open field - Near-normal (2000)
Grass-Clover,weatherBaselineopen,2000,1,16,3.8415410000000003,0,4.095961,Near-normal,-0.35067228093625247,named in manuscript,2000-01-16,16,Open field,Open field - Near-normal (2000)
Grass-Clover,weatherBaselineopen,2000,1,17,3.836927,0,4.080796,Near-normal,-0.35067228093625247,named in manuscript,2000-01-17,17,Open field,Open field - Near-normal (2000)
Grass-Clover,weatherBaselineopen,2000,1,18,3.833772,0,4.067152,Near-normal,-0.35067228093625247,named in manuscript,2000-01-18,18,Open field,Open field - Near-normal (2000)
Grass-Clover,weatherBaselineopen,2000,1,19,3.832883,0,4.056356,Near-normal,-0.35067228093625247,named in manuscript,2000-01-19,19,Open field,Open field - Near-normal (2000)
Grass-Clover,weatherBaselineopen,2000,1,20,3.83169,0,4.049243,Near-normal,-0.35067228093625247,named in manuscript,2000-01-20,20,Open field,Open field - Near-normal (2000)
Grass-Clover,weatherBaselineopen,2000,1,21,3.82991,0,4.040861,Near-normal,-0.35067228093625247,named in manuscript,2000-01-21,21,Open field,Open field - Near-normal (2000)
Grass-Clover,weatherBaselineopen,2000,1,22,3.827172,0,4.031544,Near-normal,-0.35067228093625247,named in manuscript,2000-01-22,22,Open field,Open field - Near-normal (2000)
Grass-Clover,weatherBaselineopen,2000,1,23,3.824204,0,4.020608,Near-normal,-0.35067228093625247,named in manuscript,2000-01-23,23,Open field,Open field - Near-normal (2000)
Grass-Clover,weatherBaselineopen,2000,1,24,3.8208149999999996,0,4.0092989999999995,Near-normal,-0.35067228093625247,named in manuscript,2000-01-24,24,Open field,Open field - Near-normal (2000)
Grass-Clover,weatherBaselineopen,2000,1,25,3.8175010999999994,0,3.997432,Near-normal,-0.35067228093625247,named in manuscript,2000-01-25,25,Open field,Open field - Near-normal (2000)
Grass-Clover,weatherBaselineopen,2000,1,26,3.8159790000000005,0,3.985677,Near-normal,-0.35067228093625247,named in manuscript,2000-01-26,26,Open field,Open field - Near-normal (2000)
Grass-Clover,weatherBaselineopen,2000,1,27,3.8142559999999994,0,3.976676,Near-normal,-0.35067228093625247,named in manuscript,2000-01-27,27,Open field,Open field - Near-normal (2000)
Grass-Clover,weatherBaselineopen,2000,1,28,3.8118106,0,3.9673,Near-normal,-0.35067228093625247,named in manuscript,2000-01-28,28,Open field,Open field - Near-normal (2000)
Grass-Clover,weatherBaselineopen,2000,1,29,3.8082439999999997,0,3.957242,Near-normal,-0.35067228093625247,named in manuscript,2000-01-29,29,Open field,Open field - Near-normal (2000)
Grass-Clover,weatherBaselineopen,2000,1,30,3.8035072000000003,0,3.9457769999999996,Near-normal,-0.35067228093625247,named in manuscript,2000-01-30,30,Open field,Open field - Near-normal (2000)
Grass-Clover,weatherBaselineopen,2000,1,31,3.8011584,0,3.9323580000000002,Near-normal,-0.35067228093625247,named in manuscript,2000-01-31,31,Open field,Open field - Near-normal (2000)
Grass-Clover,weatherBaselineopen,2000,2,1,3.800578,0,3.923101,Near-normal,-0.35067228093625247,named in manuscript,2000-02-01,32,Open field,Open field - Near-normal (2000)
Grass-Clover,weatherBaselineopen,2000,2,2,3.797746,0,3.916063,Near-normal,-0.35067228093625247,named in manuscript,2000-02-02,33,Open field,Open field - Near-normal (2000)
Grass-Clover,weatherBaselineopen,2000,2,3,3.7946831999999997,0,3.9059489999999997,Near-normal,-0.35067228093625247,named in manuscript,2000-02-03,34,Open field,Open field - Near-normal (2000)
Grass-Clover,weatherBaselineopen,2000,2,4,3.7945563,0,3.8955420000000003,Near-normal,-0.35067228093625247,named in manuscript,2000-02-04,35,Open field,Open field - Near-normal (2000)
Grass-Clover,weatherBaselineopen,2000,2,5,3.7929245,0,3.889988,Near-normal,-0.35067228093625247,named in manuscript,2000-02-05,36,Open field,Open field - Near-normal (2000)
Grass-Clover,weatherBaselineopen,2000,2,6,3.7891612999999995,0,3.881404,Near-normal,-0.35067228093625247,named in manuscript,2000-02-06,37,Open field,Open field - Near-normal (2000)
Grass-Clover,weatherBaselineopen,2000,2,7,3.7852756000000003,0,3.869564,Near-normal,-0.35067228093625247,named in manuscript,2000-02-07,38,Open field,Open field - Near-normal (2000)
Grass-Clover,weatherBaselineopen,2000,2,8,3.7804742,0,3.857798,Near-normal,-0.35067228093625247,named in manuscript,2000-02-08,39,Open field,Open field - Near-normal (2000)
Grass-Clover,weatherBaselineopen,2000,2,9,3.776978,0,3.845148,Near-normal,-0.35067228093625247,named in manuscript,2000-02-09,40,Open field,Open field - Near-normal (2000)
Grass-Clover,weatherBaselineopen,2000,2,10,3.7726768000000006,0,3.834527,Near-normal,-0.35067228093625247,named in manuscript,2000-02-10,41,Open field,Open field - Near-normal (2000)
Grass-Clover,weatherBaselineopen,2000,2,11,3.769121,0,3.8226560000000003,Near-normal,-0.35067228093625247,named in manuscript,2000-02-11,42,Open field,Open field - Near-normal (2000)
Grass-Clover,weatherBaselineopen,2000,2,12,3.7648552999999993,0,3.812054,Near-normal,-0.35067228093625247,named in manuscript,2000-02-12,43,Open field,Open field - Near-normal (2000)
Grass-Clover,weatherBaselineopen,2000,2,13,3.7608846000000002,0,3.80023,Near-normal,-0.35067228093625247,named in manuscript,2000-02-13,44,Open field,Open field - Near-normal (2000)
Grass-Clover,weatherBaselineopen,2000,2,14,3.7572238,0,3.788814,Near-normal,-0.35067228093625247,named in manuscript,2000-02-14,45,Open field,Open field - Near-normal (2000)
Grass-Clover,weatherBaselineopen,2000,2,15,3.7583038999999996,0,3.777959,Near-normal,-0.35067228093625247,named in manuscript,2000-02-15,46,Open field,Open field - Near-normal (2000)
Grass-Clover,weatherBaselineopen,2000,2,16,3.7614661,0,3.77438,Near-normal,-0.35067228093625247,named in manuscript,2000-02-16,47,Open field,Open field - Near-normal (2000)
Grass-Clover,weatherBaselineopen,2000,2,17,3.7626277000000004,0,3.7731850000000002,Near-normal,-0.35067228093625247,named in manuscript,2000-02-17,48,Open field,Open field - Near-normal (2000)
Grass-Clover,weatherBaselineopen,2000,2,18,3.7646167999999998,0,3.769596,Near-normal,-0.35067228093625247,named in manuscript,2000-02-18,49,Open field,Open field - Near-normal (2000)
Grass-Clover,weatherBaselineopen,2000,2,19,3.7660671,0,3.766826,Near-normal,-0.35067228093625247,named in manuscript,2000-02-19,50,Open field,Open field - Near-normal (2000)
Grass-Clover,weatherBaselineopen,2000,2,20,3.7668982,0,3.762854,Near-normal,-0.35067228093625247,named in manuscript,2000-02-20,51,Open field,Open field - Near-normal (2000)
Grass-Clover,weatherBaselineopen,2000,2,21,3.7692555,0,3.757893,Near-normal,-0.35067228093625247,named in manuscript,2000-02-21,52,Open field,Open field - Near-normal (2000)
Grass-Clover,weatherBaselineopen,2000,2,22,3.7745255,0,3.755922,Near-normal,-0.35067228093625247,named in manuscript,2000-02-22,53,Open field,Open field - Near-normal (2000)
Grass-Clover,weatherBaselineopen,2000,2,23,3.778356,0,3.757726,Near-normal,-0.35067228093625247,named in manuscript,2000-02-23,54,Open field,Open field - Near-normal (2000)
Grass-Clover,weatherBaselineopen,2000,2,24,3.7804458,0,3.757129,Near-normal,-0.35067228093625247,named in manuscript,2000-02-24,55,Open field,Open field - Near-normal (2000)
Grass-Clover,weatherBaselineopen,2000,2,25,3.7830283,0,3.754353,Near-normal,-0.35067228093625247,named in manuscript,2000-02-25,56,Open field,Open field - Near-normal (2000)
Grass-Clover,weatherBaselineopen,2000,2,26,3.787096,0,3.752387,Near-normal,-0.35067228093625247,named in manuscript,2000-02-26,57,Open field,Open field - Near-normal (2000)
Grass-Clover,weatherBaselineopen,2000,2,27,3.7916514000000006,0,3.753865,Near-normal,-0.35067228093625247,named in manuscript,2000-02-27,58,Open field,Open field - Near-normal (2000)
Grass-Clover,weatherBaselineopen,2000,2,28,3.7948288000000003,0,3.755801,Near-normal,-0.35067228093625247,named in manuscript,2000-02-28,59,Open field,Open field - Near-normal (2000)
Grass-Clover,weatherBaselineopen,2000,2,29,3.7957057,0,3.7553419999999997,Near-normal,-0.35067228093625247,named in manuscript,2000-02-29,60,Open field,Open field - Near-normal (2000)
Grass-Clover,weatherBaselineopen,2000,3,1,3.7928456,0,3.75218,Near-normal,-0.35067228093625247,named in manuscript,2000-03-01,61,Open field,Open field - Near-normal (2000)
Grass-Clover,weatherBaselineopen,2000,3,2,3.7915289000000003,0,3.742477,Near-normal,-0.35067228093625247,named in manuscript,2000-03-02,62,Open field,Open field - Near-normal (2000)
Grass-Clover,weatherBaselineopen,2000,3,3,3.7943625,0,3.7356300000000005,Near-normal,-0.35067228093625247,named in manuscript,2000-03-03,63,Open field,Open field - Near-normal (2000)
Grass-Clover,weatherBaselineopen,2000,3,4,3.7995143,0,3.735385,Near-normal,-0.35067228093625247,named in manuscript,2000-03-04,64,Open field,Open field - Near-normal (2000)
Grass-Clover,weatherBaselineopen,2000,3,5,3.8059495,0,3.738416,Near-normal,-0.35067228093625247,named in manuscript,2000-03-05,65,Open field,Open field - Near-normal (2000)
Grass-Clover,weatherBaselineopen,2000,3,6,3.8132653999999997,0,3.742757,Near-normal,-0.35067228093625247,named in manuscript,2000-03-06,66,Open field,Open field - Near-normal (2000)
Grass-Clover,weatherBaselineopen,2000,3,7,3.8174681999999995,0,3.747866,Near-normal,-0.35067228093625247,named in manuscript,2000-03-07,67,Open field,Open field - Near-normal (2000)
Grass-Clover,weatherBaselineopen,2000,3,8,3.8179292,0,3.7483150000000003,Near-normal,-0.35067228093625247,named in manuscript,2000-03-08,68,Open field,Open field - Near-normal (2000)
Grass-Clover,weatherBaselineopen,2000,3,9,3.8188587,0,3.743761,Near-normal,-0.35067228093625247,named in manuscript,2000-03-09,69,Open field,Open field - Near-normal (2000)
Grass-Clover,weatherBaselineopen,2000,3,10,3.8218400999999997,0,3.7406449999999998,Near-normal,-0.35067228093625247,named in manuscript,2000-03-10,70,Open field,Open field - Near-normal (2000)
Grass-Clover,weatherBaselineopen,2000,3,11,3.8273932999999998,0,3.740916,Near-normal,-0.35067228093625247,named in manuscript,2000-03-11,71,Open field,Open field - Near-normal (2000)
Grass-Clover,weatherBaselineopen,2000,3,12,3.8313423,0,3.743964,Near-normal,-0.35067228093625247,named in manuscript,2000-03-12,72,Open field,Open field - Near-normal (2000)
Grass-Clover,weatherBaselineopen,2000,3,13,3.8338995999999996,0,3.743766,Near-normal,-0.35067228093625247,named in manuscript,2000-03-13,73,Open field,Open field - Near-normal (2000)
Grass-Clover,weatherBaselineopen,2000,3,14,3.8361721,0,3.7423979999999997,Near-normal,-0.35067228093625247,named in manuscript,2000-03-14,74,Open field,Open field - Near-normal (2000)
Grass-Clover,weatherBaselineopen,2000,3,15,3.8395838,0,3.7412069999999997,Near-normal,-0.35067228093625247,named in manuscript,2000-03-15,75,Open field,Open field - Near-normal (2000)
Grass-Clover,weatherBaselineopen,2000,3,16,3.8463711999999997,0,3.74177,Near-normal,-0.35067228093625247,named in manuscript,2000-03-16,76,Open field,Open field - Near-normal (2000)
Grass-Clover,weatherBaselineopen,2000,3,17,3.8541352,0,3.747259,Near-normal,-0.35067228093625247,named in manuscript,2000-03-17,77,Open field,Open field - Near-normal (2000)
Grass-Clover,weatherBaselineopen,2000,3,18,3.8612628,0,3.753671,Near-normal,-0.35067228093625247,named in manuscript,2000-03-18,78,Open field,Open field - Near-normal (2000)
Grass-Clover,weatherBaselineopen,2000,3,19,3.8656529,0,3.759405,Near-normal,-0.35067228093625247,named in manuscript,2000-03-19,79,Open field,Open field - Near-normal (2000)
Grass-Clover,weatherBaselineopen,2000,3,20,3.8723544,0,3.760856,Near-normal,-0.35067228093625247,named in manuscript,2000-03-20,80,Open field,Open field - Near-normal (2000)
Grass-Clover,weatherBaselineopen,2000,3,21,3.8831749999999996,0,3.766655,Near-normal,-0.35067228093625247,named in manuscript,2000-03-21,81,Open field,Open field - Near-normal (2000)
Grass-Clover,weatherBaselineopen,2000,3,22,3.9036486999999997,0,3.7781160000000003,Near-normal,-0.35067228093625247,named in manuscript,2000-03-22,82,Open field,Open field - Near-normal (2000)
Grass-Clover,weatherBaselineopen,2000,3,23,3.9198876,0,3.8066500000000003,Near-normal,-0.35067228093625247,named in manuscript,2000-03-23,83,Open field,Open field - Near-normal (2000)
Grass-Clover,weatherBaselineopen,2000,3,24,3.9329761,0,3.825857,Near-normal,-0.35067228093625247,named in manuscript,2000-03-24,84,Open field,Open field - Near-normal (2000)
Grass-Clover,weatherBaselineopen,2000,3,25,3.9473579,0,3.840993,Near-normal,-0.35067228093625247,named in manuscript,2000-03-25,85,Open field,Open field - Near-normal (2000)
Grass-Clover,weatherBaselineopen,2000,3,26,3.9551592,0,3.856422,Near-normal,-0.35067228093625247,named in manuscript,2000-03-26,86,Open field,Open field - Near-normal (2000)
Grass-Clover,weatherBaselineopen,2000,3,27,3.957903,0,3.86274,Near-normal,-0.35067228093625247,named in manuscript,2000-03-27,87,Open field,Open field - Near-normal (2000)
Grass-Clover,weatherBaselineopen,2000,3,28,3.9574285999999996,0,3.86161,Near-normal,-0.35067228093625247,named in manuscript,2000-03-28,88,Open field,Open field - Near-normal (2000)
Grass-Clover,weatherBaselineopen,2000,3,29,3.9591132,0,3.855819,Near-normal,-0.35067228093625247,named in manuscript,2000-03-29,89,Open field,Open field - Near-normal (2000)
Grass-Clover,weatherBaselineopen,2000,3,30,3.9680699000000006,0,3.852546,Near-normal,-0.35067228093625247,named in manuscript,2000-03-30,90,Open field,Open field - Near-normal (2000)
Grass-Clover,weatherBaselineopen,2000,3,31,3.9820913,0,3.8599349999999997,Near-normal,-0.35067228093625247,named in manuscript,2000-03-31,91,Open field,Open field - Near-normal (2000)
Grass-Clover,weatherBaselineopen,2000,4,1,3.9973292,0,3.876799,Near-normal,-0.35067228093625247,named in manuscript,2000-04-01,92,Open field,Open field - Near-normal (2000)
Grass-Clover,weatherBaselineopen,2000,4,2,4.0078773,0,3.894699,Near-normal,-0.35067228093625247,named in manuscript,2000-04-02,93,Open field,Open field - Near-normal (2000)
Grass-Clover,weatherBaselineopen,2000,4,3,4.017414400000001,0,3.904388,Near-normal,-0.35067228093625247,named in manuscript,2000-04-03,94,Open field,Open field - Near-normal (2000)
Grass-Clover,weatherBaselineopen,2000,4,4,4.0422946,0,3.914202,Near-normal,-0.35067228093625247,named in manuscript,2000-04-04,95,Open field,Open field - Near-normal (2000)
Grass-Clover,weatherBaselineopen,2000,4,5,4.0593942,0,3.948858,Near-normal,-0.35067228093625247,named in manuscript,2000-04-05,96,Open field,Open field - Near-normal (2000)
Grass-Clover,weatherBaselineopen,2000,4,6,4.070134,0,3.9680479999999996,Near-normal,-0.35067228093625247,named in manuscript,2000-04-06,97,Open field,Open field - Near-normal (2000)
Grass-Clover,weatherBaselineopen,2000,4,7,4.084679599999999,0,3.97859,Near-normal,-0.35067228093625247,named in manuscript,2000-04-07,98,Open field,Open field - Near-normal (2000)
Grass-Clover,weatherBaselineopen,2000,4,8,4.1135185000000005,0,3.9941619999999998,Near-normal,-0.35067228093625247,named in manuscript,2000-04-08,99,Open field,Open field - Near-normal (2000)
Grass-Clover,weatherBaselineopen,2000,4,9,4.1407184,0,4.035074,Near-normal,-0.35067228093625247,named in manuscript,2000-04-09,100,Open field,Open field - Near-normal (2000)
Grass-Clover,weatherBaselineopen,2000,4,10,4.1593285,0,4.069948,Near-normal,-0.35067228093625247,named in manuscript,2000-04-10,101,Open field,Open field - Near-normal (2000)
Grass-Clover,weatherBaselineopen,2000,4,11,4.1773326,0,4.093132,Near-normal,-0.35067228093625247,named in manuscript,2000-04-11,102,Open field,Open field - Near-normal (2000)
Grass-Clover,weatherBaselineopen,2000,4,12,4.1888312,0,4.11524,Near-normal,-0.35067228093625247,named in manuscript,2000-04-12,103,Open field,Open field - Near-normal (2000)
Grass-Clover,weatherBaselineopen,2000,4,13,4.1987185,0,4.127511,Near-normal,-0.35067228093625247,named in manuscript,2000-04-13,104,Open field,Open field - Near-normal (2000)
Grass-Clover,weatherBaselineopen,2000,4,14,4.2047166,0,4.137218,Near-normal,-0.35067228093625247,named in manuscript,2000-04-14,105,Open field,Open field - Near-normal (2000)
Grass-Clover,weatherBaselineopen,2000,4,15,4.2105442,0,4.140499,Near-normal,-0.35067228093625247,named in manuscript,2000-04-15,106,Open field,Open field - Near-normal (2000)
Grass-Clover,weatherBaselineopen,2000,4,16,4.2177975000000005,0,4.143295,Near-normal,-0.35067228093625247,named in manuscript,2000-04-16,107,Open field,Open field - Near-normal (2000)
Grass-Clover,weatherBaselineopen,2000,4,17,4.2274853,0,4.15003,Near-normal,-0.35067228093625247,named in manuscript,2000-04-17,108,Open field,Open field - Near-normal (2000)
Grass-Clover,weatherBaselineopen,2000,4,18,4.2375232,0,4.159554,Near-normal,-0.35067228093625247,named in manuscript,2000-04-18,109,Open field,Open field - Near-normal (2000)
Grass-Clover,weatherBaselineopen,2000,4,19,4.2777616,0,4.168564,Near-normal,-0.35067228093625247,named in manuscript,2000-04-19,110,Open field,Open field - Near-normal (2000)
Grass-Clover,weatherBaselineopen,2000,4,20,4.3192038,0,4.22508,Near-normal,-0.35067228093625247,named in manuscript,2000-04-20,111,Open field,Open field - Near-normal (2000)
Grass-Clover,weatherBaselineopen,2000,4,21,4.4029328,0,4.274761,Near-normal,-0.35067228093625247,named in manuscript,2000-04-21,112,Open field,Open field - Near-normal (2000)
Grass-Clover,weatherBaselineopen,2000,4,22,4.523472099999999,0,4.393331,Near-normal,-0.35067228093625247,named in manuscript,2000-04-22,113,Open field,Open field - Near-normal (2000)
Grass-Clover,weatherBaselineopen,2000,4,23,4.660574700000001,0,4.5545349999999996,Near-normal,-0.35067228093625247,named in manuscript,2000-04-23,114,Open field,Open field - Near-normal (2000)
Grass-Clover,weatherBaselineopen,2000,4,24,4.742318900000001,0,4.726374,Near-normal,-0.35067228093625247,named in manuscript,2000-04-24,115,Open field,Open field - Near-normal (2000)
Grass-Clover,weatherBaselineopen,2000,4,25,4.778685200000001,0,4.817924,Near-normal,-0.35067228093625247,named in manuscript,2000-04-25,116,Open field,Open field - Near-normal (2000)
Grass-Clover,weatherBaselineopen,2000,4,26,4.803577,0,4.827374,Near-normal,-0.35067228093625247,named in manuscript,2000-04-26,117,Open field,Open field - Near-normal (2000)
Grass-Clover,weatherBaselineopen,2000,4,27,4.881557300000001,0,4.825653,Near-normal,-0.35067228093625247,named in manuscript,2000-04-27,118,Open field,Open field - Near-normal (2000)
Grass-Clover,weatherBaselineopen,2000,4,28,5.0025241,0,4.8985080000000005,Near-normal,-0.35067228093625247,named in manuscript,2000-04-28,119,Open field,Open field - Near-normal (2000)
Grass-Clover,weatherBaselineopen,2000,4,29,5.178980699999999,0,5.012259,Near-normal,-0.35067228093625247,named in manuscript,2000-04-29,120,Open field,Open field - Near-normal (2000)
Grass-Clover,weatherBaselineopen,2000,4,30,5.4008822,0,5.179155,Near-normal,-0.35067228093625247,named in manuscript,2000-04-30,121,Open field,Open field - Near-normal (2000)
Grass-Clover,weatherBaselineopen,2000,5,1,5.626241,0,5.367244,Near-normal,-0.35067228093625247,named in manuscript,2000-05-01,122,Open field,Open field - Near-normal (2000)
Grass-Clover,weatherBaselineopen,2000,5,2,5.804572,0,5.517051,Near-normal,-0.35067228093625247,named in manuscript,2000-05-02,123,Open field,Open field - Near-normal (2000)
Grass-Clover,weatherBaselineopen,2000,5,3,5.949959999999999,0,5.560788,Near-normal,-0.35067228093625247,named in manuscript,2000-05-03,124,Open field,Open field - Near-normal (2000)
Grass-Clover,weatherBaselineopen,2000,5,4,6.0704519999999995,0,5.583803,Near-normal,-0.35067228093625247,named in manuscript,2000-05-04,125,Open field,Open field - Near-normal (2000)
Grass-Clover,weatherBaselineopen,2000,5,5,6.188605,0,5.5575529999999995,Near-normal,-0.35067228093625247,named in manuscript,2000-05-05,126,Open field,Open field - Near-normal (2000)
Grass-Clover,weatherBaselineopen,2000,5,6,6.335641,0,5.538607,Near-normal,-0.35067228093625247,named in manuscript,2000-05-06,127,Open field,Open field - Near-normal (2000)
Grass-Clover,weatherBaselineopen,2000,5,7,6.504481,0,5.5570200000000005,Near-normal,-0.35067228093625247,named in manuscript,2000-05-07,128,Open field,Open field - Near-normal (2000)
Grass-Clover,weatherBaselineopen,2000,5,8,1.9268573,0,1.066873,Near-normal,-0.35067228093625247,named in manuscript,2000-05-08,129,Open field,Open field - Near-normal (2000)
Grass-Clover,weatherBaselineopen,2000,5,9,2.0451848,0,1.337517,Near-normal,-0.35067228093625247,named in manuscript,2000-05-09,130,Open field,Open field - Near-normal (2000)
Grass-Clover,weatherBaselineopen,2000,5,10,2.1562381,0,1.542093,Near-normal,-0.35067228093625247,named in manuscript,2000-05-10,131,Open field,Open field - Near-normal (2000)
Grass-Clover,weatherBaselineopen,2000,5,11,2.3127419,0,1.742648,Near-normal,-0.35067228093625247,named in manuscript,2000-05-11,132,Open field,Open field - Near-normal (2000)
Grass-Clover,weatherBaselineopen,2000,5,12,2.5062375,0,2.023751,Near-normal,-0.35067228093625247,named in manuscript,2000-05-12,133,Open field,Open field - Near-normal (2000)
Grass-Clover,weatherBaselineopen,2000,5,13,2.7011583000000003,0,2.36657,Near-normal,-0.35067228093625247,named in manuscript,2000-05-13,134,Open field,Open field - Near-normal (2000)
Grass-Clover,weatherBaselineopen,2000,5,14,2.934497,0,2.708799,Near-normal,-0.35067228093625247,named in manuscript,2000-05-14,135,Open field,Open field - Near-normal (2000)
Grass-Clover,weatherBaselineopen,2000,5,15,3.2300150000000003,0,3.125464,Near-normal,-0.35067228093625247,named in manuscript,2000-05-15,136,Open field,Open field - Near-normal (2000)
Grass-Clover,weatherBaselineopen,2000,5,16,3.5791859999999995,0,3.648928,Near-normal,-0.35067228093625247,named in manuscript,2000-05-16,137,Open field,Open field - Near-normal (2000)
Grass-Clover,weatherBaselineopen,2000,5,17,3.9609970000000003,0,4.261146,Near-normal,-0.35067228093625247,named in manuscript,2000-05-17,138,Open field,Open field - Near-normal (2000)
Grass-Clover,weatherBaselineopen,2000,5,18,4.2360180000000005,0,4.915095,Near-normal,-0.35067228093625247,named in manuscript,2000-05-18,139,Open field,Open field - Near-normal (2000)
Grass-Clover,weatherBaselineopen,2000,5,19,4.371231,0,5.356212,Near-normal,-0.35067228093625247,named in manuscript,2000-05-19,140,Open field,Open field - Near-normal (2000)
Grass-Clover,weatherBaselineopen,2000,5,20,4.486603,0,5.538758,Near-normal,-0.35067228093625247,named in manuscript,2000-05-20,141,Open field,Open field - Near-normal (2000)
Grass-Clover,weatherBaselineopen,2000,5,21,4.591213,0,5.6610570000000004,Near-normal,-0.35067228093625247,named in manuscript,2000-05-21,142,Open field,Open field - Near-normal (2000)
Grass-Clover,weatherBaselineopen,2000,5,22,4.674860000000001,0,5.741910000000001,Near-normal,-0.35067228093625247,named in manuscript,2000-05-22,143,Open field,Open field - Near-normal (2000)
Grass-Clover,weatherBaselineopen,2000,5,23,4.763288,0,5.806513000000001,Near-normal,-0.35067228093625247,named in manuscript,2000-05-23,144,Open field,Open field - Near-normal (2000)
Grass-Clover,weatherBaselineopen,2000,5,24,4.864399,0,5.863373,Near-normal,-0.35067228093625247,named in manuscript,2000-05-24,145,Open field,Open field - Near-normal (2000)
Grass-Clover,weatherBaselineopen,2000,5,25,4.961513,0,5.939541,Near-normal,-0.35067228093625247,named in manuscript,2000-05-25,146,Open field,Open field - Near-normal (2000)
Grass-Clover,weatherBaselineopen,2000,5,26,5.013937,0,6.001998,Near-normal,-0.35067228093625247,named in manuscript,2000-05-26,147,Open field,Open field - Near-normal (2000)
Grass-Clover,weatherBaselineopen,2000,5,27,5.097135,0,5.972673,Near-normal,-0.35067228093625247,named in manuscript,2000-05-27,148,Open field,Open field - Near-normal (2000)
Grass-Clover,weatherBaselineopen,2000,5,28,5.183434,0,6.01919,Near-normal,-0.35067228093625247,named in manuscript,2000-05-28,149,Open field,Open field - Near-normal (2000)
Grass-Clover,weatherBaselineopen,2000,5,29,5.269063,0,6.05832,Near-normal,-0.35067228093625247,named in manuscript,2000-05-29,150,Open field,Open field - Near-normal (2000)
Grass-Clover,weatherBaselineopen,2000,5,30,5.322084,0,6.09392,Near-normal,-0.35067228093625247,named in manuscript,2000-05-30,151,Open field,Open field - Near-normal (2000)
Grass-Clover,weatherBaselineopen,2000,5,31,5.3837589999999995,0,6.07455,Near-normal,-0.35067228093625247,named in manuscript,2000-05-31,152,Open field,Open field - Near-normal (2000)
Grass-Clover,weatherBaselineopen,2000,6,1,5.483052,0,6.08422,Near-normal,-0.35067228093625247,named in manuscript,2000-06-01,153,Open field,Open field - Near-normal (2000)
Grass-Clover,weatherBaselineopen,2000,6,2,5.591921,0,6.152690000000001,Near-normal,-0.35067228093625247,named in manuscript,2000-06-02,154,Open field,Open field - Near-normal (2000)
Grass-Clover,weatherBaselineopen,2000,6,3,5.670952,0,6.24263,Near-normal,-0.35067228093625247,named in manuscript,2000-06-03,155,Open field,Open field - Near-normal (2000)
Grass-Clover,weatherBaselineopen,2000,6,4,5.7855870000000005,0,6.26315,Near-normal,-0.35067228093625247,named in manuscript,2000-06-04,156,Open field,Open field - Near-normal (2000)
Grass-Clover,weatherBaselineopen,2000,6,5,5.850621,0,6.34433,Near-normal,-0.35067228093625247,named in manuscript,2000-06-05,157,Open field,Open field - Near-normal (2000)
Grass-Clover,weatherBaselineopen,2000,6,6,5.928547,0,6.3327,Near-normal,-0.35067228093625247,named in manuscript,2000-06-06,158,Open field,Open field - Near-normal (2000)
Grass-Clover,weatherBaselineopen,2000,6,7,5.982891,0,6.35372,Near-normal,-0.35067228093625247,named in manuscript,2000-06-07,159,Open field,Open field - Near-normal (2000)
Grass-Clover,weatherBaselineopen,2000,6,8,6.024119000000001,0,6.326499999999999,Near-normal,-0.35067228093625247,named in manuscript,2000-06-08,160,Open field,Open field - Near-normal (2000)
Grass-Clover,weatherBaselineopen,2000,6,9,6.156599,0,6.2903,Near-normal,-0.35067228093625247,named in manuscript,2000-06-09,161,Open field,Open field - Near-normal (2000)
Grass-Clover,weatherBaselineopen,2000,6,10,6.381922,0,6.41132,Near-normal,-0.35067228093625247,named in manuscript,2000-06-10,162,Open field,Open field - Near-normal (2000)
Grass-Clover,weatherBaselineopen,2000,6,11,6.561475,0,6.63279,Near-normal,-0.35067228093625247,named in manuscript,2000-06-11,163,Open field,Open field - Near-normal (2000)
Grass-Clover,weatherBaselineopen,2000,6,12,6.738981,0,6.77025,Near-normal,-0.35067228093625247,named in manuscript,2000-06-12,164,Open field,Open field - Near-normal (2000)
Grass-Clover,weatherBaselineopen,2000,6,13,6.896339,0,6.87296,Near-normal,-0.35067228093625247,named in manuscript,2000-06-13,165,Open field,Open field - Near-normal (2000)
Grass-Clover,weatherBaselineopen,2000,6,14,7.0035300000000005,0,6.92289,Near-normal,-0.35067228093625247,named in manuscript,2000-06-14,166,Open field,Open field - Near-normal (2000)
Grass-Clover,weatherBaselineopen,2000,6,15,7.136638,0,6.88949,Near-normal,-0.35067228093625247,named in manuscript,2000-06-15,167,Open field,Open field - Near-normal (2000)
Grass-Clover,weatherBaselineopen,2000,6,16,7.262129000000001,0,6.90447,Near-normal,-0.35067228093625247,named in manuscript,2000-06-16,168,Open field,Open field - Near-normal (2000)
Grass-Clover,weatherBaselineopen,2000,6,17,7.382021,0,6.90406,Near-normal,-0.35067228093625247,named in manuscript,2000-06-17,169,Open field,Open field - Near-normal (2000)
Grass-Clover,weatherBaselineopen,2000,6,18,7.545297000000001,0,6.9021300000000005,Near-normal,-0.35067228093625247,named in manuscript,2000-06-18,170,Open field,Open field - Near-normal (2000)
Grass-Clover,weatherBaselineopen,2000,6,19,2.793101,0,2.24216,Near-normal,-0.35067228093625247,named in manuscript,2000-06-19,171,Open field,Open field - Near-normal (2000)
Grass-Clover,weatherBaselineopen,2000,6,20,2.9507779999999997,0,2.5190900000000003,Near-normal,-0.35067228093625247,named in manuscript,2000-06-20,172,Open field,Open field - Near-normal (2000)
Grass-Clover,weatherBaselineopen,2000,6,21,3.167206,0,2.8324,Near-normal,-0.35067228093625247,named in manuscript,2000-06-21,173,Open field,Open field - Near-normal (2000)
Grass-Clover,weatherBaselineopen,2000,6,22,3.4196380000000004,0,3.28803,Near-normal,-0.35067228093625247,named in manuscript,2000-06-22,174,Open field,Open field - Near-normal (2000)
Grass-Clover,weatherBaselineopen,2000,6,23,3.67736,0,3.78038,Near-normal,-0.35067228093625247,named in manuscript,2000-06-23,175,Open field,Open field - Near-normal (2000)
Grass-Clover,weatherBaselineopen,2000,6,24,3.9349369999999997,0,4.27975,Near-normal,-0.35067228093625247,named in manuscript,2000-06-24,176,Open field,Open field - Near-normal (2000)
Grass-Clover,weatherBaselineopen,2000,6,25,4.19083,0,4.77619,Near-normal,-0.35067228093625247,named in manuscript,2000-06-25,177,Open field,Open field - Near-normal (2000)
Grass-Clover,weatherBaselineopen,2000,6,26,4.437615,0,5.27822,Near-normal,-0.35067228093625247,named in manuscript,2000-06-26,178,Open field,Open field - Near-normal (2000)
Grass-Clover,weatherBaselineopen,2000,6,27,4.648275999999999,0,5.75035,Near-normal,-0.35067228093625247,named in manuscript,2000-06-27,179,Open field,Open field - Near-normal (2000)
Grass-Clover,weatherBaselineopen,2000,6,28,4.86007,0,6.1400500000000005,Near-normal,-0.35067228093625247,named in manuscript,2000-06-28,180,Open field,Open field - Near-normal (2000)
Grass-Clover,weatherBaselineopen,2000,6,29,5.072275,0,6.54809,Near-normal,-0.35067228093625247,named in manuscript,2000-06-29,181,Open field,Open field - Near-normal (2000)
Grass-Clover,weatherBaselineopen,2000,6,30,5.314773,0,6.94921,Near-normal,-0.35067228093625247,named in manuscript,2000-06-30,182,Open field,Open field - Near-normal (2000)
Grass-Clover,weatherBaselineopen,2000,7,1,5.512134,0,7.40894,Near-normal,-0.35067228093625247,named in manuscript,2000-07-01,183,Open field,Open field - Near-normal (2000)
Grass-Clover,weatherBaselineopen,2000,7,2,5.647695000000001,0,7.771520000000001,Near-normal,-0.35067228093625247,named in manuscript,2000-07-02,184,Open field,Open field - Near-normal (2000)
Grass-Clover,weatherBaselineopen,2000,7,3,5.8189210000000005,0,7.98702,Near-normal,-0.35067228093625247,named in manuscript,2000-07-03,185,Open field,Open field - Near-normal (2000)
Grass-Clover,weatherBaselineopen,2000,7,4,6.0530800000000005,0,8.26542,Near-normal,-0.35067228093625247,named in manuscript,2000-07-04,186,Open field,Open field - Near-normal (2000)
Grass-Clover,weatherBaselineopen,2000,7,5,6.313778,0,8.64788,Near-normal,-0.35067228093625247,named in manuscript,2000-07-05,187,Open field,Open field - Near-normal (2000)
Grass-Clover,weatherBaselineopen,2000,7,6,6.560021000000001,0,9.04394,Near-normal,-0.35067228093625247,named in manuscript,2000-07-06,188,Open field,Open field - Near-normal (2000)
Grass-Clover,weatherBaselineopen,2000,7,7,6.72486,0,9.38985,Near-normal,-0.35067228093625247,named in manuscript,2000-07-07,189,Open field,Open field - Near-normal (2000)
Grass-Clover,weatherBaselineopen,2000,7,8,6.847257,0,9.560379999999999,Near-normal,-0.35067228093625247,named in manuscript,2000-07-08,190,Open field,Open field - Near-normal (2000)
Grass-Clover,weatherBaselineopen,2000,7,9,7.013155,0,9.66723,Near-normal,-0.35067228093625247,named in manuscript,2000-07-09,191,Open field,Open field - Near-normal (2000)
Grass-Clover,weatherBaselineopen,2000,7,10,7.172739999999999,0,9.866610000000001,Near-normal,-0.35067228093625247,named in manuscript,2000-07-10,192,Open field,Open field - Near-normal (2000)
Grass-Clover,weatherBaselineopen,2000,7,11,7.291780000000001,0,10.03439,Near-normal,-0.35067228093625247,named in manuscript,2000-07-11,193,Open field,Open field - Near-normal (2000)
Grass-Clover,weatherBaselineopen,2000,7,12,7.392191,0,10.14055,Near-normal,-0.35067228093625247,named in manuscript,2000-07-12,194,Open field,Open field - Near-normal (2000)
Grass-Clover,weatherBaselineopen,2000,7,13,7.505329,0,10.192879999999999,Near-normal,-0.35067228093625247,named in manuscript,2000-07-13,195,Open field,Open field - Near-normal (2000)
Grass-Clover,weatherBaselineopen,2000,7,14,7.630126,0,10.26688,Near-normal,-0.35067228093625247,named in manuscript,2000-07-14,196,Open field,Open field - Near-normal (2000)
Grass-Clover,weatherBaselineopen,2000,7,15,7.7704830000000005,0,10.36307,Near-normal,-0.35067228093625247,named in manuscript,2000-07-15,197,Open field,Open field - Near-normal (2000)
Grass-Clover,weatherBaselineopen,2000,7,16,7.936032,0,10.45799,Near-normal,-0.35067228093625247,named in manuscript,2000-07-16,198,Open field,Open field - Near-normal (2000)
Grass-Clover,weatherBaselineopen,2000,7,17,8.082424,0,10.568760000000001,Near-normal,-0.35067228093625247,named in manuscript,2000-07-17,199,Open field,Open field - Near-normal (2000)
Grass-Clover,weatherBaselineopen,2000,7,18,8.164769999999999,0,10.63308,Near-normal,-0.35067228093625247,named in manuscript,2000-07-18,200,Open field,Open field - Near-normal (2000)
Grass-Clover,weatherBaselineopen,2000,7,19,8.188312,0,10.55209,Near-normal,-0.35067228093625247,named in manuscript,2000-07-19,201,Open field,Open field - Near-normal (2000)
Grass-Clover,weatherBaselineopen,2000,7,20,8.22853,0,10.37477,Near-normal,-0.35067228093625247,named in manuscript,2000-07-20,202,Open field,Open field - Near-normal (2000)
Grass-Clover,weatherBaselineopen,2000,7,21,8.360837,0,10.26813,Near-normal,-0.35067228093625247,named in manuscript,2000-07-21,203,Open field,Open field - Near-normal (2000)
Grass-Clover,weatherBaselineopen,2000,7,22,8.526984,0,10.310839999999999,Near-normal,-0.35067228093625247,named in manuscript,2000-07-22,204,Open field,Open field - Near-normal (2000)
Grass-Clover,weatherBaselineopen,2000,7,23,8.667939,0,10.400300000000001,Near-normal,-0.35067228093625247,named in manuscript,2000-07-23,205,Open field,Open field - Near-normal (2000)
Grass-Clover,weatherBaselineopen,2000,7,24,8.82777,0,10.421389999999999,Near-normal,-0.35067228093625247,named in manuscript,2000-07-24,206,Open field,Open field - Near-normal (2000)
Grass-Clover,weatherBaselineopen,2000,7,25,8.93381,0,10.455649999999999,Near-normal,-0.35067228093625247,named in manuscript,2000-07-25,207,Open field,Open field - Near-normal (2000)
Grass-Clover,weatherBaselineopen,2000,7,26,2.4001419999999998,0,1.908609,Near-normal,-0.35067228093625247,named in manuscript,2000-07-26,208,Open field,Open field - Near-normal (2000)
Grass-Clover,weatherBaselineopen,2000,7,27,2.50378,0,2.20955,Near-normal,-0.35067228093625247,named in manuscript,2000-07-27,209,Open field,Open field - Near-normal (2000)
Grass-Clover,weatherBaselineopen,2000,7,28,2.594926,0,2.42869,Near-normal,-0.35067228093625247,named in manuscript,2000-07-28,210,Open field,Open field - Near-normal (2000)
Grass-Clover,weatherBaselineopen,2000,7,29,2.71122,0,2.61821,Near-normal,-0.35067228093625247,named in manuscript,2000-07-29,211,Open field,Open field - Near-normal (2000)
Grass-Clover,weatherBaselineopen,2000,7,30,2.8931649999999998,0,2.85842,Near-normal,-0.35067228093625247,named in manuscript,2000-07-30,212,Open field,Open field - Near-normal (2000)
Grass-Clover,weatherBaselineopen,2000,7,31,3.066487,0,3.24398,Near-normal,-0.35067228093625247,named in manuscript,2000-07-31,213,Open field,Open field - Near-normal (2000)
Grass-Clover,weatherBaselineopen,2000,8,1,3.258913,0,3.6023899999999998,Near-normal,-0.35067228093625247,named in manuscript,2000-08-01,214,Open field,Open field - Near-normal (2000)
Grass-Clover,weatherBaselineopen,2000,8,2,3.485308,0,4.01424,Near-normal,-0.35067228093625247,named in manuscript,2000-08-02,215,Open field,Open field - Near-normal (2000)
Grass-Clover,weatherBaselineopen,2000,8,3,3.748186,0,4.49211,Near-normal,-0.35067228093625247,named in manuscript,2000-08-03,216,Open field,Open field - Near-normal (2000)
Grass-Clover,weatherBaselineopen,2000,8,4,4.0206029999999995,0,5.04615,Near-normal,-0.35067228093625247,named in manuscript,2000-08-04,217,Open field,Open field - Near-normal (2000)
Grass-Clover,weatherBaselineopen,2000,8,5,4.27425,0,5.59281,Near-normal,-0.35067228093625247,named in manuscript,2000-08-05,218,Open field,Open field - Near-normal (2000)
Grass-Clover,weatherBaselineopen,2000,8,6,4.501917,0,6.09224,Near-normal,-0.35067228093625247,named in manuscript,2000-08-06,219,Open field,Open field - Near-normal (2000)
Grass-Clover,weatherBaselineopen,2000,8,7,4.7013300000000005,0,6.53159,Near-normal,-0.35067228093625247,named in manuscript,2000-08-07,220,Open field,Open field - Near-normal (2000)
Grass-Clover,weatherBaselineopen,2000,8,8,4.886073,0,6.90651,Near-normal,-0.35067228093625247,named in manuscript,2000-08-08,221,Open field,Open field - Near-normal (2000)
Grass-Clover,weatherBaselineopen,2000,8,9,5.0955449999999995,0,7.25912,Near-normal,-0.35067228093625247,named in manuscript,2000-08-09,222,Open field,Open field - Near-normal (2000)
Grass-Clover,weatherBaselineopen,2000,8,10,5.360053,0,7.64569,Near-normal,-0.35067228093625247,named in manuscript,2000-08-10,223,Open field,Open field - Near-normal (2000)
Grass-Clover,weatherBaselineopen,2000,8,11,5.567401,0,8.14309,Near-normal,-0.35067228093625247,named in manuscript,2000-08-11,224,Open field,Open field - Near-normal (2000)
Grass-Clover,weatherBaselineopen,2000,8,12,5.686128,0,8.50774,Near-normal,-0.35067228093625247,named in manuscript,2000-08-12,225,Open field,Open field - Near-normal (2000)
Grass-Clover,weatherBaselineopen,2000,8,13,5.834455,0,8.707419999999999,Near-normal,-0.35067228093625247,named in manuscript,2000-08-13,226,Open field,Open field - Near-normal (2000)
Grass-Clover,weatherBaselineopen,2000,8,14,6.03345,0,8.96119,Near-normal,-0.35067228093625247,named in manuscript,2000-08-14,227,Open field,Open field - Near-normal (2000)
Grass-Clover,weatherBaselineopen,2000,8,15,6.22309,0,9.311689999999999,Near-normal,-0.35067228093625247,named in manuscript,2000-08-15,228,Open field,Open field - Near-normal (2000)
Grass-Clover,weatherBaselineopen,2000,8,16,6.363351,0,9.629480000000001,Near-normal,-0.35067228093625247,named in manuscript,2000-08-16,229,Open field,Open field - Near-normal (2000)
Grass-Clover,weatherBaselineopen,2000,8,17,6.474017,0,9.8268,Near-normal,-0.35067228093625247,named in manuscript,2000-08-17,230,Open field,Open field - Near-normal (2000)
Grass-Clover,weatherBaselineopen,2000,8,18,6.552078,0,9.9394,Near-normal,-0.35067228093625247,named in manuscript,2000-08-18,231,Open field,Open field - Near-normal (2000)
Grass-Clover,weatherBaselineopen,2000,8,19,6.652704999999999,0,9.980979999999999,Near-normal,-0.35067228093625247,named in manuscript,2000-08-19,232,Open field,Open field - Near-normal (2000)
Grass-Clover,weatherBaselineopen,2000,8,20,6.764373,0,10.06749,Near-normal,-0.35067228093625247,named in manuscript,2000-08-20,233,Open field,Open field - Near-normal (2000)
Grass-Clover,weatherBaselineopen,2000,8,21,6.8601779999999994,0,10.16547,Near-normal,-0.35067228093625247,named in manuscript,2000-08-21,234,Open field,Open field - Near-normal (2000)
Grass-Clover,weatherBaselineopen,2000,8,22,6.95717,0,10.19746,Near-normal,-0.35067228093625247,named in manuscript,2000-08-22,235,Open field,Open field - Near-normal (2000)
Grass-Clover,weatherBaselineopen,2000,8,23,7.055338000000001,0,10.244240000000001,Near-normal,-0.35067228093625247,named in manuscript,2000-08-23,236,Open field,Open field - Near-normal (2000)
Grass-Clover,weatherBaselineopen,2000,8,24,7.146844,0,10.29299,Near-normal,-0.35067228093625247,named in manuscript,2000-08-24,237,Open field,Open field - Near-normal (2000)
Grass-Clover,weatherBaselineopen,2000,8,25,7.181757999999999,0,10.31533,Near-normal,-0.35067228093625247,named in manuscript,2000-08-25,238,Open field,Open field - Near-normal (2000)
Grass-Clover,weatherBaselineopen,2000,8,26,7.243508,0,10.207840000000001,Near-normal,-0.35067228093625247,named in manuscript,2000-08-26,239,Open field,Open field - Near-normal (2000)
Grass-Clover,weatherBaselineopen,2000,8,27,7.358084,0,10.17604,Near-normal,-0.35067228093625247,named in manuscript,2000-08-27,240,Open field,Open field - Near-normal (2000)
Grass-Clover,weatherBaselineopen,2000,8,28,7.496748999999999,0,10.23598,Near-normal,-0.35067228093625247,named in manuscript,2000-08-28,241,Open field,Open field - Near-normal (2000)
Grass-Clover,weatherBaselineopen,2000,8,29,7.55337,0,10.298480000000001,Near-normal,-0.35067228093625247,named in manuscript,2000-08-29,242,Open field,Open field - Near-normal (2000)
Grass-Clover,weatherBaselineopen,2000,8,30,7.58743,0,10.211459999999999,Near-normal,-0.35067228093625247,named in manuscript,2000-08-30,243,Open field,Open field - Near-normal (2000)
Grass-Clover,weatherBaselineopen,2000,8,31,7.62663,0,10.101980000000001,Near-normal,-0.35067228093625247,named in manuscript,2000-08-31,244,Open field,Open field - Near-normal (2000)
Grass-Clover,weatherBaselineopen,2000,9,1,7.639900000000001,0,10.00296,Near-normal,-0.35067228093625247,named in manuscript,2000-09-01,245,Open field,Open field - Near-normal (2000)
Grass-Clover,weatherBaselineopen,2000,9,2,7.69939,0,9.88509,Near-normal,-0.35067228093625247,named in manuscript,2000-09-02,246,Open field,Open field - Near-normal (2000)
Grass-Clover,weatherBaselineopen,2000,9,3,7.7308,0,9.85322,Near-normal,-0.35067228093625247,named in manuscript,2000-09-03,247,Open field,Open field - Near-normal (2000)
Grass-Clover,weatherBaselineopen,2000,9,4,7.73808,0,9.77181,Near-normal,-0.35067228093625247,named in manuscript,2000-09-04,248,Open field,Open field - Near-normal (2000)
Grass-Clover,weatherBaselineopen,2000,9,5,7.80613,0,9.67201,Near-normal,-0.35067228093625247,named in manuscript,2000-09-05,249,Open field,Open field - Near-normal (2000)
Grass-Clover,weatherBaselineopen,2000,9,6,1.9100849999999998,0,1.5950579999999999,Near-normal,-0.35067228093625247,named in manuscript,2000-09-06,250,Open field,Open field - Near-normal (2000)
Grass-Clover,weatherBaselineopen,2000,9,7,1.972297,0,1.817958,Near-normal,-0.35067228093625247,named in manuscript,2000-09-07,251,Open field,Open field - Near-normal (2000)
Grass-Clover,weatherBaselineopen,2000,9,8,2.0152989999999997,0,1.951082,Near-normal,-0.35067228093625247,named in manuscript,2000-09-08,252,Open field,Open field - Near-normal (2000)
Grass-Clover,weatherBaselineopen,2000,9,9,2.094596,0,2.039052,Near-normal,-0.35067228093625247,named in manuscript,2000-09-09,253,Open field,Open field - Near-normal (2000)
Grass-Clover,weatherBaselineopen,2000,9,10,2.222998,0,2.203084,Near-normal,-0.35067228093625247,named in manuscript,2000-09-10,254,Open field,Open field - Near-normal (2000)
Grass-Clover,weatherBaselineopen,2000,9,11,2.3710009999999997,0,2.4753299999999996,Near-normal,-0.35067228093625247,named in manuscript,2000-09-11,255,Open field,Open field - Near-normal (2000)
Grass-Clover,weatherBaselineopen,2000,9,12,2.542462,0,2.79257,Near-normal,-0.35067228093625247,named in manuscript,2000-09-12,256,Open field,Open field - Near-normal (2000)
Grass-Clover,weatherBaselineopen,2000,9,13,2.656181,0,3.16737,Near-normal,-0.35067228093625247,named in manuscript,2000-09-13,257,Open field,Open field - Near-normal (2000)
Grass-Clover,weatherBaselineopen,2000,9,14,2.721655,0,3.4078299999999997,Near-normal,-0.35067228093625247,named in manuscript,2000-09-14,258,Open field,Open field - Near-normal (2000)
Grass-Clover,weatherBaselineopen,2000,9,15,2.784553,0,3.54914,Near-normal,-0.35067228093625247,named in manuscript,2000-09-15,259,Open field,Open field - Near-normal (2000)
Grass-Clover,weatherBaselineopen,2000,9,16,2.8605869999999998,0,3.6864100000000004,Near-normal,-0.35067228093625247,named in manuscript,2000-09-16,260,Open field,Open field - Near-normal (2000)
Grass-Clover,weatherBaselineopen,2000,9,17,2.989538,0,3.8532,Near-normal,-0.35067228093625247,named in manuscript,2000-09-17,261,Open field,Open field - Near-normal (2000)
Grass-Clover,weatherBaselineopen,2000,9,18,3.101086,0,4.13873,Near-normal,-0.35067228093625247,named in manuscript,2000-09-18,262,Open field,Open field - Near-normal (2000)
Grass-Clover,weatherBaselineopen,2000,9,19,3.1904269999999997,0,4.36377,Near-normal,-0.35067228093625247,named in manuscript,2000-09-19,263,Open field,Open field - Near-normal (2000)
Grass-Clover,weatherBaselineopen,2000,9,20,3.303603,0,4.545450000000001,Near-normal,-0.35067228093625247,named in manuscript,2000-09-20,264,Open field,Open field - Near-normal (2000)
Grass-Clover,weatherBaselineopen,2000,9,21,3.418877,0,4.78658,Near-normal,-0.35067228093625247,named in manuscript,2000-09-21,265,Open field,Open field - Near-normal (2000)
Grass-Clover,weatherBaselineopen,2000,9,22,3.541746,0,5.0207999999999995,Near-normal,-0.35067228093625247,named in manuscript,2000-09-22,266,Open field,Open field - Near-normal (2000)
Grass-Clover,weatherBaselineopen,2000,9,23,3.6968389999999998,0,5.27206,Near-normal,-0.35067228093625247,named in manuscript,2000-09-23,267,Open field,Open field - Near-normal (2000)
Grass-Clover,weatherBaselineopen,2000,9,24,3.879122,0,5.5834,Near-normal,-0.35067228093625247,named in manuscript,2000-09-24,268,Open field,Open field - Near-normal (2000)
Grass-Clover,weatherBaselineopen,2000,9,25,4.037686000000001,0,5.9579,Near-normal,-0.35067228093625247,named in manuscript,2000-09-25,269,Open field,Open field - Near-normal (2000)
Grass-Clover,weatherBaselineopen,2000,9,26,4.168258,0,6.2615,Near-normal,-0.35067228093625247,named in manuscript,2000-09-26,270,Open field,Open field - Near-normal (2000)
Grass-Clover,weatherBaselineopen,2000,9,27,4.248778,0,6.51594,Near-normal,-0.35067228093625247,named in manuscript,2000-09-27,271,Open field,Open field - Near-normal (2000)
Grass-Clover,weatherBaselineopen,2000,9,28,4.28857,0,6.66358,Near-normal,-0.35067228093625247,named in manuscript,2000-09-28,272,Open field,Open field - Near-normal (2000)
Grass-Clover,weatherBaselineopen,2000,9,29,4.312575,0,6.72874,Near-normal,-0.35067228093625247,named in manuscript,2000-09-29,273,Open field,Open field - Near-normal (2000)
Grass-Clover,weatherBaselineopen,2000,9,30,4.373861,0,6.757899999999999,Near-normal,-0.35067228093625247,named in manuscript,2000-09-30,274,Open field,Open field - Near-normal (2000)
Grass-Clover,weatherBaselineopen,2000,10,1,4.477663999999999,0,6.867279999999999,Near-normal,-0.35067228093625247,named in manuscript,2000-10-01,275,Open field,Open field - Near-normal (2000)
Grass-Clover,weatherBaselineopen,2000,10,2,4.566357,0,7.05202,Near-normal,-0.35067228093625247,named in manuscript,2000-10-02,276,Open field,Open field - Near-normal (2000)
Grass-Clover,weatherBaselineopen,2000,10,3,4.606399,0,7.2173,Near-normal,-0.35067228093625247,named in manuscript,2000-10-03,277,Open field,Open field - Near-normal (2000)
Grass-Clover,weatherBaselineopen,2000,10,4,4.657836,0,7.269769999999999,Near-normal,-0.35067228093625247,named in manuscript,2000-10-04,278,Open field,Open field - Near-normal (2000)
Grass-Clover,weatherBaselineopen,2000,10,5,4.742587,0,7.3548800000000005,Near-normal,-0.35067228093625247,named in manuscript,2000-10-05,279,Open field,Open field - Near-normal (2000)
Grass-Clover,weatherBaselineopen,2000,10,6,4.798686,0,7.5051000000000005,Near-normal,-0.35067228093625247,named in manuscript,2000-10-06,280,Open field,Open field - Near-normal (2000)
Grass-Clover,weatherBaselineopen,2000,10,7,4.857187,0,7.59312,Near-normal,-0.35067228093625247,named in manuscript,2000-10-07,281,Open field,Open field - Near-normal (2000)
Grass-Clover,weatherBaselineopen,2000,10,8,4.929876999999999,0,7.69387,Near-normal,-0.35067228093625247,named in manuscript,2000-10-08,282,Open field,Open field - Near-normal (2000)
Grass-Clover,weatherBaselineopen,2000,10,9,5.000643,0,7.83061,Near-normal,-0.35067228093625247,named in manuscript,2000-10-09,283,Open field,Open field - Near-normal (2000)
Grass-Clover,weatherBaselineopen,2000,10,10,5.053222,0,7.95211,Near-normal,-0.35067228093625247,named in manuscript,2000-10-10,284,Open field,Open field - Near-normal (2000)
Grass-Clover,weatherBaselineopen,2000,10,11,5.0724029999999996,0,8.04139,Near-normal,-0.35067228093625247,named in manuscript,2000-10-11,285,Open field,Open field - Near-normal (2000)
Grass-Clover,weatherBaselineopen,2000,10,12,5.077789,0,8.05872,Near-normal,-0.35067228093625247,named in manuscript,2000-10-12,286,Open field,Open field - Near-normal (2000)
Grass-Clover,weatherBaselineopen,2000,10,13,5.114471999999999,0,8.04987,Near-normal,-0.35067228093625247,named in manuscript,2000-10-13,287,Open field,Open field - Near-normal (2000)
Grass-Clover,weatherBaselineopen,2000,10,14,5.159549,0,8.10911,Near-normal,-0.35067228093625247,named in manuscript,2000-10-14,288,Open field,Open field - Near-normal (2000)
Grass-Clover,weatherBaselineopen,2000,10,15,5.209203,0,8.18014,Near-normal,-0.35067228093625247,named in manuscript,2000-10-15,289,Open field,Open field - Near-normal (2000)
Grass-Clover,weatherBaselineopen,2000,10,16,5.253896999999999,0,8.25665,Near-normal,-0.35067228093625247,named in manuscript,2000-10-16,290,Open field,Open field - Near-normal (2000)
Grass-Clover,weatherBaselineopen,2000,10,17,5.278344000000001,0,8.32695,Near-normal,-0.35067228093625247,named in manuscript,2000-10-17,291,Open field,Open field - Near-normal (2000)
Grass-Clover,weatherBaselineopen,2000,10,18,5.307926,0,8.35064,Near-normal,-0.35067228093625247,named in manuscript,2000-10-18,292,Open field,Open field - Near-normal (2000)
Grass-Clover,weatherBaselineopen,2000,10,19,5.352108,0,8.38224,Near-normal,-0.35067228093625247,named in manuscript,2000-10-19,293,Open field,Open field - Near-normal (2000)
Grass-Clover,weatherBaselineopen,2000,10,20,5.381341,0,8.45232,Near-normal,-0.35067228093625247,named in manuscript,2000-10-20,294,Open field,Open field - Near-normal (2000)
Grass-Clover,weatherBaselineopen,2000,10,21,5.393636,0,8.48089,Near-normal,-0.35067228093625247,named in manuscript,2000-10-21,295,Open field,Open field - Near-normal (2000)
Grass-Clover,weatherBaselineopen,2000,10,22,5.403528,0,8.480599999999999,Near-normal,-0.35067228093625247,named in manuscript,2000-10-22,296,Open field,Open field - Near-normal (2000)
Grass-Clover,weatherBaselineopen,2000,10,23,5.432487,0,8.47286,Near-normal,-0.35067228093625247,named in manuscript,2000-10-23,297,Open field,Open field - Near-normal (2000)
Grass-Clover,weatherBaselineopen,2000,10,24,5.460943,0,8.504669999999999,Near-normal,-0.35067228093625247,named in manuscript,2000-10-24,298,Open field,Open field - Near-normal (2000)
Grass-Clover,weatherBaselineopen,2000,10,25,5.479191,0,8.52916,Near-normal,-0.35067228093625247,named in manuscript,2000-10-25,299,Open field,Open field - Near-normal (2000)
Grass-Clover,weatherBaselineopen,2000,10,26,5.4749,0,8.5329,Near-normal,-0.35067228093625247,named in manuscript,2000-10-26,300,Open field,Open field - Near-normal (2000)
Grass-Clover,weatherBaselineopen,2000,10,27,5.471388,0,8.4955,Near-normal,-0.35067228093625247,named in manuscript,2000-10-27,301,Open field,Open field - Near-normal (2000)
Grass-Clover,weatherBaselineopen,2000,10,28,5.471007999999999,0,8.46295,Near-normal,-0.35067228093625247,named in manuscript,2000-10-28,302,Open field,Open field - Near-normal (2000)
Grass-Clover,weatherBaselineopen,2000,10,29,5.478414,0,8.43703,Near-normal,-0.35067228093625247,named in manuscript,2000-10-29,303,Open field,Open field - Near-normal (2000)
Grass-Clover,weatherBaselineopen,2000,10,30,5.488630000000001,0,8.426169999999999,Near-normal,-0.35067228093625247,named in manuscript,2000-10-30,304,Open field,Open field - Near-normal (2000)
Grass-Clover,weatherBaselineopen,2000,10,31,5.479327,0,8.42026,Near-normal,-0.35067228093625247,named in manuscript,2000-10-31,305,Open field,Open field - Near-normal (2000)
Grass-Clover,weatherBaselineopen,2000,11,1,5.459441999999999,0,8.37397,Near-normal,-0.35067228093625247,named in manuscript,2000-11-01,306,Open field,Open field - Near-normal (2000)
Grass-Clover,weatherBaselineopen,2000,11,2,5.434839,0,8.3096,Near-normal,-0.35067228093625247,named in manuscript,2000-11-02,307,Open field,Open field - Near-normal (2000)
Grass-Clover,weatherBaselineopen,2000,11,3,5.417653,0,8.236329999999999,Near-normal,-0.35067228093625247,named in manuscript,2000-11-03,308,Open field,Open field - Near-normal (2000)
Grass-Clover,weatherBaselineopen,2000,11,4,5.412535999999999,0,8.18213,Near-normal,-0.35067228093625247,named in manuscript,2000-11-04,309,Open field,Open field - Near-normal (2000)
Grass-Clover,weatherBaselineopen,2000,11,5,5.4043529999999995,0,8.15209,Near-normal,-0.35067228093625247,named in manuscript,2000-11-05,310,Open field,Open field - Near-normal (2000)
Grass-Clover,weatherBaselineopen,2000,11,6,5.391626,0,8.11593,Near-normal,-0.35067228093625247,named in manuscript,2000-11-06,311,Open field,Open field - Near-normal (2000)
Grass-Clover,weatherBaselineopen,2000,11,7,5.373903,0,8.0716,Near-normal,-0.35067228093625247,named in manuscript,2000-11-07,312,Open field,Open field - Near-normal (2000)
Grass-Clover,weatherBaselineopen,2000,11,8,5.34834,0,8.015229999999999,Near-normal,-0.35067228093625247,named in manuscript,2000-11-08,313,Open field,Open field - Near-normal (2000)
Grass-Clover,weatherBaselineopen,2000,11,9,5.3274349999999995,0,7.94153,Near-normal,-0.35067228093625247,named in manuscript,2000-11-09,314,Open field,Open field - Near-normal (2000)
Grass-Clover,weatherBaselineopen,2000,11,10,5.303908,0,7.87885,Near-normal,-0.35067228093625247,named in manuscript,2000-11-10,315,Open field,Open field - Near-normal (2000)
Grass-Clover,weatherBaselineopen,2000,11,11,5.282722,0,7.80903,Near-normal,-0.35067228093625247,named in manuscript,2000-11-11,316,Open field,Open field - Near-normal (2000)
Grass-Clover,weatherBaselineopen,2000,11,12,5.260807,0,7.7461199999999995,Near-normal,-0.35067228093625247,named in manuscript,2000-11-12,317,Open field,Open field - Near-normal (2000)
Grass-Clover,weatherBaselineopen,2000,11,13,5.235546,0,7.68121,Near-normal,-0.35067228093625247,named in manuscript,2000-11-13,318,Open field,Open field - Near-normal (2000)
Grass-Clover,weatherBaselineopen,2000,11,14,5.218469,0,7.60933,Near-normal,-0.35067228093625247,named in manuscript,2000-11-14,319,Open field,Open field - Near-normal (2000)
Grass-Clover,weatherBaselineopen,2000,11,15,5.207426999999999,0,7.55691,Near-normal,-0.35067228093625247,named in manuscript,2000-11-15,320,Open field,Open field - Near-normal (2000)
Grass-Clover,weatherBaselineopen,2000,11,16,5.189705999999999,0,7.517379999999999,Near-normal,-0.35067228093625247,named in manuscript,2000-11-16,321,Open field,Open field - Near-normal (2000)
Grass-Clover,weatherBaselineopen,2000,11,17,5.167763000000001,0,7.4625699999999995,Near-normal,-0.35067228093625247,named in manuscript,2000-11-17,322,Open field,Open field - Near-normal (2000)
Grass-Clover,weatherBaselineopen,2000,11,18,5.142913,0,7.39888,Near-normal,-0.35067228093625247,named in manuscript,2000-11-18,323,Open field,Open field - Near-normal (2000)
Grass-Clover,weatherBaselineopen,2000,11,19,5.120233,0,7.32878,Near-normal,-0.35067228093625247,named in manuscript,2000-11-19,324,Open field,Open field - Near-normal (2000)
Grass-Clover,weatherBaselineopen,2000,11,20,5.093135,0,7.26332,Near-normal,-0.35067228093625247,named in manuscript,2000-11-20,325,Open field,Open field - Near-normal (2000)
Grass-Clover,weatherBaselineopen,2000,11,21,5.065844,0,7.18828,Near-normal,-0.35067228093625247,named in manuscript,2000-11-21,326,Open field,Open field - Near-normal (2000)
Grass-Clover,weatherBaselineopen,2000,11,22,5.045752,0,7.113049999999999,Near-normal,-0.35067228093625247,named in manuscript,2000-11-22,327,Open field,Open field - Near-normal (2000)
Grass-Clover,weatherBaselineopen,2000,11,23,5.023225999999999,0,7.0551200000000005,Near-normal,-0.35067228093625247,named in manuscript,2000-11-23,328,Open field,Open field - Near-normal (2000)
Grass-Clover,weatherBaselineopen,2000,11,24,4.999924,0,6.9910499999999995,Near-normal,-0.35067228093625247,named in manuscript,2000-11-24,329,Open field,Open field - Near-normal (2000)
Grass-Clover,weatherBaselineopen,2000,11,25,4.9735949999999995,0,6.9256899999999995,Near-normal,-0.35067228093625247,named in manuscript,2000-11-25,330,Open field,Open field - Near-normal (2000)
Grass-Clover,weatherBaselineopen,2000,11,26,4.951098,0,6.85356,Near-normal,-0.35067228093625247,named in manuscript,2000-11-26,331,Open field,Open field - Near-normal (2000)
Grass-Clover,weatherBaselineopen,2000,11,27,4.9282710000000005,0,6.79011,Near-normal,-0.35067228093625247,named in manuscript,2000-11-27,332,Open field,Open field - Near-normal (2000)
Grass-Clover,weatherBaselineopen,2000,11,28,4.9078539999999995,0,6.72611,Near-normal,-0.35067228093625247,named in manuscript,2000-11-28,333,Open field,Open field - Near-normal (2000)
Grass-Clover,weatherBaselineopen,2000,11,29,4.886177,0,6.66794,Near-normal,-0.35067228093625247,named in manuscript,2000-11-29,334,Open field,Open field - Near-normal (2000)
Grass-Clover,weatherBaselineopen,2000,11,30,4.866924,0,6.60639,Near-normal,-0.35067228093625247,named in manuscript,2000-11-30,335,Open field,Open field - Near-normal (2000)
Grass-Clover,weatherBaselineopen,2000,12,1,4.8523250000000004,0,6.55224,Near-normal,-0.35067228093625247,named in manuscript,2000-12-01,336,Open field,Open field - Near-normal (2000)
Grass-Clover,weatherBaselineopen,2000,12,2,4.831659999999999,0,6.50767,Near-normal,-0.35067228093625247,named in manuscript,2000-12-02,337,Open field,Open field - Near-normal (2000)
Grass-Clover,weatherBaselineopen,2000,12,3,4.815444,0,6.448729999999999,Near-normal,-0.35067228093625247,named in manuscript,2000-12-03,338,Open field,Open field - Near-normal (2000)
Grass-Clover,weatherBaselineopen,2000,12,4,4.796446,0,6.40076,Near-normal,-0.35067228093625247,named in manuscript,2000-12-04,339,Open field,Open field - Near-normal (2000)
Grass-Clover,weatherBaselineopen,2000,12,5,4.776211,0,6.34542,Near-normal,-0.35067228093625247,named in manuscript,2000-12-05,340,Open field,Open field - Near-normal (2000)
Grass-Clover,weatherBaselineopen,2000,12,6,4.754499,0,6.28869,Near-normal,-0.35067228093625247,named in manuscript,2000-12-06,341,Open field,Open field - Near-normal (2000)
Grass-Clover,weatherBaselineopen,2000,12,7,4.732404000000001,0,6.22883,Near-normal,-0.35067228093625247,named in manuscript,2000-12-07,342,Open field,Open field - Near-normal (2000)
Grass-Clover,weatherBaselineopen,2000,12,8,4.709735,0,6.16826,Near-normal,-0.35067228093625247,named in manuscript,2000-12-08,343,Open field,Open field - Near-normal (2000)
Grass-Clover,weatherBaselineopen,2000,12,9,4.685464,0,6.106400000000001,Near-normal,-0.35067228093625247,named in manuscript,2000-12-09,344,Open field,Open field - Near-normal (2000)
Grass-Clover,weatherBaselineopen,2000,12,10,4.664014,0,6.04105,Near-normal,-0.35067228093625247,named in manuscript,2000-12-10,345,Open field,Open field - Near-normal (2000)
Grass-Clover,weatherBaselineopen,2000,12,11,4.641186,0,5.982469999999999,Near-normal,-0.35067228093625247,named in manuscript,2000-12-11,346,Open field,Open field - Near-normal (2000)
Grass-Clover,weatherBaselineopen,2000,12,12,4.618478,0,5.920780000000001,Near-normal,-0.35067228093625247,named in manuscript,2000-12-12,347,Open field,Open field - Near-normal (2000)
Grass-Clover,weatherBaselineopen,2000,12,13,4.5959319999999995,0,5.85943,Near-normal,-0.35067228093625247,named in manuscript,2000-12-13,348,Open field,Open field - Near-normal (2000)
Grass-Clover,weatherBaselineopen,2000,12,14,4.576006,0,5.7989999999999995,Near-normal,-0.35067228093625247,named in manuscript,2000-12-14,349,Open field,Open field - Near-normal (2000)
Grass-Clover,weatherBaselineopen,2000,12,15,4.556864,0,5.74479,Near-normal,-0.35067228093625247,named in manuscript,2000-12-15,350,Open field,Open field - Near-normal (2000)
Grass-Clover,weatherBaselineopen,2000,12,16,4.539532,0,5.69245,Near-normal,-0.35067228093625247,named in manuscript,2000-12-16,351,Open field,Open field - Near-normal (2000)
Grass-Clover,weatherBaselineopen,2000,12,17,4.522306,0,5.6443200000000004,Near-normal,-0.35067228093625247,named in manuscript,2000-12-17,352,Open field,Open field - Near-normal (2000)
Grass-Clover,weatherBaselineopen,2000,12,18,4.506686,0,5.59649,Near-normal,-0.35067228093625247,named in manuscript,2000-12-18,353,Open field,Open field - Near-normal (2000)
Grass-Clover,weatherBaselineopen,2000,12,19,4.490269,0,5.55194,Near-normal,-0.35067228093625247,named in manuscript,2000-12-19,354,Open field,Open field - Near-normal (2000)
Grass-Clover,weatherBaselineopen,2000,12,20,4.472948,0,5.50525,Near-normal,-0.35067228093625247,named in manuscript,2000-12-20,355,Open field,Open field - Near-normal (2000)
Grass-Clover,weatherBaselineopen,2000,12,21,4.455874,0,5.45673,Near-normal,-0.35067228093625247,named in manuscript,2000-12-21,356,Open field,Open field - Near-normal (2000)
Grass-Clover,weatherBaselineopen,2000,12,22,4.439163000000001,0,5.40882,Near-normal,-0.35067228093625247,named in manuscript,2000-12-22,357,Open field,Open field - Near-normal (2000)
Grass-Clover,weatherBaselineopen,2000,12,23,4.422719,0,5.36182,Near-normal,-0.35067228093625247,named in manuscript,2000-12-23,358,Open field,Open field - Near-normal (2000)
Grass-Clover,weatherBaselineopen,2000,12,24,4.406588,0,5.31559,Near-normal,-0.35067228093625247,named in manuscript,2000-12-24,359,Open field,Open field - Near-normal (2000)
Grass-Clover,weatherBaselineopen,2000,12,25,4.391091,0,5.27028,Near-normal,-0.35067228093625247,named in manuscript,2000-12-25,360,Open field,Open field - Near-normal (2000)
Grass-Clover,weatherBaselineopen,2000,12,26,4.378558,0,5.22637,Near-normal,-0.35067228093625247,named in manuscript,2000-12-26,361,Open field,Open field - Near-normal (2000)
Grass-Clover,weatherBaselineopen,2000,12,27,4.365056,0,5.18739,Near-normal,-0.35067228093625247,named in manuscript,2000-12-27,362,Open field,Open field - Near-normal (2000)
Grass-Clover,weatherBaselineopen,2000,12,28,4.351552,0,5.14681,Near-normal,-0.35067228093625247,named in manuscript,2000-12-28,363,Open field,Open field - Near-normal (2000)
Grass-Clover,weatherBaselineopen,2000,12,29,4.33774,0,5.106949999999999,Near-normal,-0.35067228093625247,named in manuscript,2000-12-29,364,Open field,Open field - Near-normal (2000)
Grass-Clover,weatherBaselineopen,2000,12,30,4.324745,0,5.06699,Near-normal,-0.35067228093625247,named in manuscript,2000-12-30,365,Open field,Open field - Near-normal (2000)
Grass-Clover,weatherBaselineopen,2000,12,31,4.31194,0,5.0287299999999995,Near-normal,-0.35067228093625247,named in manuscript,2000-12-31,366,Open field,Open field - Near-normal (2000)
Grass-Clover,weatherBaselineopen,2020,1,1,4.329814,0,4.7587,Dry,-0.8972683814861946,named in manuscript,2020-01-01,1,Open field,Open field - Dry (2020)
Grass-Clover,weatherBaselineopen,2020,1,2,4.321796,0,4.73598,Dry,-0.8972683814861946,named in manuscript,2020-01-02,2,Open field,Open field - Dry (2020)
Grass-Clover,weatherBaselineopen,2020,1,3,4.309641,0,4.71106,Dry,-0.8972683814861946,named in manuscript,2020-01-03,3,Open field,Open field - Dry (2020)
Grass-Clover,weatherBaselineopen,2020,1,4,4.29877,0,4.677099999999999,Dry,-0.8972683814861946,named in manuscript,2020-01-04,4,Open field,Open field - Dry (2020)
Grass-Clover,weatherBaselineopen,2020,1,5,4.290157,0,4.64665,Dry,-0.8972683814861946,named in manuscript,2020-01-05,5,Open field,Open field - Dry (2020)
Grass-Clover,weatherBaselineopen,2020,1,6,4.280538,0,4.62063,Dry,-0.8972683814861946,named in manuscript,2020-01-06,6,Open field,Open field - Dry (2020)
Grass-Clover,weatherBaselineopen,2020,1,7,4.2672989999999995,0,4.5917,Dry,-0.8972683814861946,named in manuscript,2020-01-07,7,Open field,Open field - Dry (2020)
Grass-Clover,weatherBaselineopen,2020,1,8,4.257549,0,4.55596,Dry,-0.8972683814861946,named in manuscript,2020-01-08,8,Open field,Open field - Dry (2020)
Grass-Clover,weatherBaselineopen,2020,1,9,4.25062,0,4.52805,Dry,-0.8972683814861946,named in manuscript,2020-01-09,9,Open field,Open field - Dry (2020)
Grass-Clover,weatherBaselineopen,2020,1,10,4.240922,0,4.50731,Dry,-0.8972683814861946,named in manuscript,2020-01-10,10,Open field,Open field - Dry (2020)
Grass-Clover,weatherBaselineopen,2020,1,11,4.229335,0,4.47898,Dry,-0.8972683814861946,named in manuscript,2020-01-11,11,Open field,Open field - Dry (2020)
Grass-Clover,weatherBaselineopen,2020,1,12,4.2162939999999995,0,4.446400000000001,Dry,-0.8972683814861946,named in manuscript,2020-01-12,12,Open field,Open field - Dry (2020)
Grass-Clover,weatherBaselineopen,2020,1,13,4.205777,0,4.4109,Dry,-0.8972683814861946,named in manuscript,2020-01-13,13,Open field,Open field - Dry (2020)
Grass-Clover,weatherBaselineopen,2020,1,14,4.198695,0,4.38213,Dry,-0.8972683814861946,named in manuscript,2020-01-14,14,Open field,Open field - Dry (2020)
Grass-Clover,weatherBaselineopen,2020,1,15,4.193103,0,4.36071,Dry,-0.8972683814861946,named in manuscript,2020-01-15,15,Open field,Open field - Dry (2020)
Grass-Clover,weatherBaselineopen,2020,1,16,4.186169,0,4.34295,Dry,-0.8972683814861946,named in manuscript,2020-01-16,16,Open field,Open field - Dry (2020)
Grass-Clover,weatherBaselineopen,2020,1,17,4.180613,0,4.3217,Dry,-0.8972683814861946,named in manuscript,2020-01-17,17,Open field,Open field - Dry (2020)
Grass-Clover,weatherBaselineopen,2020,1,18,4.176802,0,4.30435,Dry,-0.8972683814861946,named in manuscript,2020-01-18,18,Open field,Open field - Dry (2020)
Grass-Clover,weatherBaselineopen,2020,1,19,4.170878,0,4.29119,Dry,-0.8972683814861946,named in manuscript,2020-01-19,19,Open field,Open field - Dry (2020)
Grass-Clover,weatherBaselineopen,2020,1,20,4.16603,0,4.27248,Dry,-0.8972683814861946,named in manuscript,2020-01-20,20,Open field,Open field - Dry (2020)
Grass-Clover,weatherBaselineopen,2020,1,21,4.159963,0,4.25653,Dry,-0.8972683814861946,named in manuscript,2020-01-21,21,Open field,Open field - Dry (2020)
Grass-Clover,weatherBaselineopen,2020,1,22,4.150774999999999,0,4.23713,Dry,-0.8972683814861946,named in manuscript,2020-01-22,22,Open field,Open field - Dry (2020)
Grass-Clover,weatherBaselineopen,2020,1,23,4.145835999999999,0,4.21167,Dry,-0.8972683814861946,named in manuscript,2020-01-23,23,Open field,Open field - Dry (2020)
Grass-Clover,weatherBaselineopen,2020,1,24,4.141557,0,4.19583,Dry,-0.8972683814861946,named in manuscript,2020-01-24,24,Open field,Open field - Dry (2020)
Grass-Clover,weatherBaselineopen,2020,1,25,4.133755,0,4.18071,Dry,-0.8972683814861946,named in manuscript,2020-01-25,25,Open field,Open field - Dry (2020)
Grass-Clover,weatherBaselineopen,2020,1,26,4.128673,0,4.15831,Dry,-0.8972683814861946,named in manuscript,2020-01-26,26,Open field,Open field - Dry (2020)
Grass-Clover,weatherBaselineopen,2020,1,27,4.122245,0,4.14232,Dry,-0.8972683814861946,named in manuscript,2020-01-27,27,Open field,Open field - Dry (2020)
Grass-Clover,weatherBaselineopen,2020,1,28,4.115867,0,4.12228,Dry,-0.8972683814861946,named in manuscript,2020-01-28,28,Open field,Open field - Dry (2020)
Grass-Clover,weatherBaselineopen,2020,1,29,4.109405000000001,0,4.10319,Dry,-0.8972683814861946,named in manuscript,2020-01-29,29,Open field,Open field - Dry (2020)
Grass-Clover,weatherBaselineopen,2020,1,30,4.104874000000001,0,4.0835799999999995,Dry,-0.8972683814861946,named in manuscript,2020-01-30,30,Open field,Open field - Dry (2020)
Grass-Clover,weatherBaselineopen,2020,1,31,4.1028,0,4.06897,Dry,-0.8972683814861946,named in manuscript,2020-01-31,31,Open field,Open field - Dry (2020)
Grass-Clover,weatherBaselineopen,2020,2,1,4.1004190000000005,0,4.0596,Dry,-0.8972683814861946,named in manuscript,2020-02-01,32,Open field,Open field - Dry (2020)
Grass-Clover,weatherBaselineopen,2020,2,2,4.100638,0,4.04997,Dry,-0.8972683814861946,named in manuscript,2020-02-02,33,Open field,Open field - Dry (2020)
Grass-Clover,weatherBaselineopen,2020,2,3,4.102822,0,4.04595,Dry,-0.8972683814861946,named in manuscript,2020-02-03,34,Open field,Open field - Dry (2020)
Grass-Clover,weatherBaselineopen,2020,2,4,4.101107,0,4.04411,Dry,-0.8972683814861946,named in manuscript,2020-02-04,35,Open field,Open field - Dry (2020)
Grass-Clover,weatherBaselineopen,2020,2,5,4.096629,0,4.03379,Dry,-0.8972683814861946,named in manuscript,2020-02-05,36,Open field,Open field - Dry (2020)
Grass-Clover,weatherBaselineopen,2020,2,6,4.094170999999999,0,4.01719,Dry,-0.8972683814861946,named in manuscript,2020-02-06,37,Open field,Open field - Dry (2020)
Grass-Clover,weatherBaselineopen,2020,2,7,4.096037,0,4.00486,Dry,-0.8972683814861946,named in manuscript,2020-02-07,38,Open field,Open field - Dry (2020)
Grass-Clover,weatherBaselineopen,2020,2,8,4.095618,0,4.00298,Dry,-0.8972683814861946,named in manuscript,2020-02-08,39,Open field,Open field - Dry (2020)
Grass-Clover,weatherBaselineopen,2020,2,9,4.0942229999999995,0,3.99615,Dry,-0.8972683814861946,named in manuscript,2020-02-09,40,Open field,Open field - Dry (2020)
Grass-Clover,weatherBaselineopen,2020,2,10,4.087551,0,3.9872300000000003,Dry,-0.8972683814861946,named in manuscript,2020-02-10,41,Open field,Open field - Dry (2020)
Grass-Clover,weatherBaselineopen,2020,2,11,4.084708,0,3.96725,Dry,-0.8972683814861946,named in manuscript,2020-02-11,42,Open field,Open field - Dry (2020)
Grass-Clover,weatherBaselineopen,2020,2,12,4.0818769999999995,0,3.95594,Dry,-0.8972683814861946,named in manuscript,2020-02-12,43,Open field,Open field - Dry (2020)
Grass-Clover,weatherBaselineopen,2020,2,13,4.078842,0,3.94351,Dry,-0.8972683814861946,named in manuscript,2020-02-13,44,Open field,Open field - Dry (2020)
Grass-Clover,weatherBaselineopen,2020,2,14,4.078693,0,3.93076,Dry,-0.8972683814861946,named in manuscript,2020-02-14,45,Open field,Open field - Dry (2020)
Grass-Clover,weatherBaselineopen,2020,2,15,4.079563,0,3.92386,Dry,-0.8972683814861946,named in manuscript,2020-02-15,46,Open field,Open field - Dry (2020)
Grass-Clover,weatherBaselineopen,2020,2,16,4.079552,0,3.91838,Dry,-0.8972683814861946,named in manuscript,2020-02-16,47,Open field,Open field - Dry (2020)
Grass-Clover,weatherBaselineopen,2020,2,17,4.082889,0,3.91226,Dry,-0.8972683814861946,named in manuscript,2020-02-17,48,Open field,Open field - Dry (2020)
Grass-Clover,weatherBaselineopen,2020,2,18,4.08565,0,3.91331,Dry,-0.8972683814861946,named in manuscript,2020-02-18,49,Open field,Open field - Dry (2020)
Grass-Clover,weatherBaselineopen,2020,2,19,4.089663,0,3.91282,Dry,-0.8972683814861946,named in manuscript,2020-02-19,50,Open field,Open field - Dry (2020)
Grass-Clover,weatherBaselineopen,2020,2,20,4.096755,0,3.91671,Dry,-0.8972683814861946,named in manuscript,2020-02-20,51,Open field,Open field - Dry (2020)
Grass-Clover,weatherBaselineopen,2020,2,21,4.100855,0,3.9260099999999998,Dry,-0.8972683814861946,named in manuscript,2020-02-21,52,Open field,Open field - Dry (2020)
Grass-Clover,weatherBaselineopen,2020,2,22,4.106303,0,3.92884,Dry,-0.8972683814861946,named in manuscript,2020-02-22,53,Open field,Open field - Dry (2020)
Grass-Clover,weatherBaselineopen,2020,2,23,4.113099,0,3.93538,Dry,-0.8972683814861946,named in manuscript,2020-02-23,54,Open field,Open field - Dry (2020)
Grass-Clover,weatherBaselineopen,2020,2,24,4.122474,0,3.94517,Dry,-0.8972683814861946,named in manuscript,2020-02-24,55,Open field,Open field - Dry (2020)
Grass-Clover,weatherBaselineopen,2020,2,25,4.128727,0,3.96021,Dry,-0.8972683814861946,named in manuscript,2020-02-25,56,Open field,Open field - Dry (2020)
Grass-Clover,weatherBaselineopen,2020,2,26,4.130283,0,3.9669499999999998,Dry,-0.8972683814861946,named in manuscript,2020-02-26,57,Open field,Open field - Dry (2020)
Grass-Clover,weatherBaselineopen,2020,2,27,4.1276850000000005,0,3.9632,Dry,-0.8972683814861946,named in manuscript,2020-02-27,58,Open field,Open field - Dry (2020)
Grass-Clover,weatherBaselineopen,2020,2,28,4.123335000000001,0,3.9492,Dry,-0.8972683814861946,named in manuscript,2020-02-28,59,Open field,Open field - Dry (2020)
Grass-Clover,weatherBaselineopen,2020,2,29,4.125173,0,3.93057,Dry,-0.8972683814861946,named in manuscript,2020-02-29,60,Open field,Open field - Dry (2020)
Grass-Clover,weatherBaselineopen,2020,3,1,4.123604,0,3.92628,Dry,-0.8972683814861946,named in manuscript,2020-03-01,61,Open field,Open field - Dry (2020)
Grass-Clover,weatherBaselineopen,2020,3,2,4.125399,0,3.91418,Dry,-0.8972683814861946,named in manuscript,2020-03-02,62,Open field,Open field - Dry (2020)
Grass-Clover,weatherBaselineopen,2020,3,3,4.135298,0,3.91216,Dry,-0.8972683814861946,named in manuscript,2020-03-03,63,Open field,Open field - Dry (2020)
Grass-Clover,weatherBaselineopen,2020,3,4,4.1413009999999995,0,3.9263700000000004,Dry,-0.8972683814861946,named in manuscript,2020-03-04,64,Open field,Open field - Dry (2020)
Grass-Clover,weatherBaselineopen,2020,3,5,4.147067,0,3.9322299999999997,Dry,-0.8972683814861946,named in manuscript,2020-03-05,65,Open field,Open field - Dry (2020)
Grass-Clover,weatherBaselineopen,2020,3,6,4.155003,0,3.9374399999999996,Dry,-0.8972683814861946,named in manuscript,2020-03-06,66,Open field,Open field - Dry (2020)
Grass-Clover,weatherBaselineopen,2020,3,7,4.158494,0,3.94623,Dry,-0.8972683814861946,named in manuscript,2020-03-07,67,Open field,Open field - Dry (2020)
Grass-Clover,weatherBaselineopen,2020,3,8,4.15979,0,3.94423,Dry,-0.8972683814861946,named in manuscript,2020-03-08,68,Open field,Open field - Dry (2020)
Grass-Clover,weatherBaselineopen,2020,3,9,4.161885,0,3.93794,Dry,-0.8972683814861946,named in manuscript,2020-03-09,69,Open field,Open field - Dry (2020)
Grass-Clover,weatherBaselineopen,2020,3,10,4.173112,0,3.9346300000000003,Dry,-0.8972683814861946,named in manuscript,2020-03-10,70,Open field,Open field - Dry (2020)
Grass-Clover,weatherBaselineopen,2020,3,11,4.185514,0,3.9542,Dry,-0.8972683814861946,named in manuscript,2020-03-11,71,Open field,Open field - Dry (2020)
Grass-Clover,weatherBaselineopen,2020,3,12,4.2086310000000005,0,3.9754699999999996,Dry,-0.8972683814861946,named in manuscript,2020-03-12,72,Open field,Open field - Dry (2020)
Grass-Clover,weatherBaselineopen,2020,3,13,4.232151,0,4.02191,Dry,-0.8972683814861946,named in manuscript,2020-03-13,73,Open field,Open field - Dry (2020)
Grass-Clover,weatherBaselineopen,2020,3,14,4.2487140000000005,0,4.066190000000001,Dry,-0.8972683814861946,named in manuscript,2020-03-14,74,Open field,Open field - Dry (2020)
Grass-Clover,weatherBaselineopen,2020,3,15,4.258077,0,4.09388,Dry,-0.8972683814861946,named in manuscript,2020-03-15,75,Open field,Open field - Dry (2020)
Grass-Clover,weatherBaselineopen,2020,3,16,4.264424,0,4.10378,Dry,-0.8972683814861946,named in manuscript,2020-03-16,76,Open field,Open field - Dry (2020)
Grass-Clover,weatherBaselineopen,2020,3,17,4.279757999999999,0,4.10775,Dry,-0.8972683814861946,named in manuscript,2020-03-17,77,Open field,Open field - Dry (2020)
Grass-Clover,weatherBaselineopen,2020,3,18,4.299822000000001,0,4.13574,Dry,-0.8972683814861946,named in manuscript,2020-03-18,78,Open field,Open field - Dry (2020)
Grass-Clover,weatherBaselineopen,2020,3,19,4.320838999999999,0,4.17288,Dry,-0.8972683814861946,named in manuscript,2020-03-19,79,Open field,Open field - Dry (2020)
Grass-Clover,weatherBaselineopen,2020,3,20,4.347212,0,4.21298,Dry,-0.8972683814861946,named in manuscript,2020-03-20,80,Open field,Open field - Dry (2020)
Grass-Clover,weatherBaselineopen,2020,3,21,4.371551,0,4.26432,Dry,-0.8972683814861946,named in manuscript,2020-03-21,81,Open field,Open field - Dry (2020)
Grass-Clover,weatherBaselineopen,2020,3,22,4.386809,0,4.3086,Dry,-0.8972683814861946,named in manuscript,2020-03-22,82,Open field,Open field - Dry (2020)
Grass-Clover,weatherBaselineopen,2020,3,23,4.393611,0,4.32893,Dry,-0.8972683814861946,named in manuscript,2020-03-23,83,Open field,Open field - Dry (2020)
Grass-Clover,weatherBaselineopen,2020,3,24,4.400317,0,4.33118,Dry,-0.8972683814861946,named in manuscript,2020-03-24,84,Open field,Open field - Dry (2020)
Grass-Clover,weatherBaselineopen,2020,3,25,4.418489,0,4.33258,Dry,-0.8972683814861946,named in manuscript,2020-03-25,85,Open field,Open field - Dry (2020)
Grass-Clover,weatherBaselineopen,2020,3,26,4.451255,0,4.36154,Dry,-0.8972683814861946,named in manuscript,2020-03-26,86,Open field,Open field - Dry (2020)
Grass-Clover,weatherBaselineopen,2020,3,27,4.4872320000000006,0,4.424440000000001,Dry,-0.8972683814861946,named in manuscript,2020-03-27,87,Open field,Open field - Dry (2020)
Grass-Clover,weatherBaselineopen,2020,3,28,4.520421000000001,0,4.49208,Dry,-0.8972683814861946,named in manuscript,2020-03-28,88,Open field,Open field - Dry (2020)
Grass-Clover,weatherBaselineopen,2020,3,29,4.558853,0,4.55504,Dry,-0.8972683814861946,named in manuscript,2020-03-29,89,Open field,Open field - Dry (2020)
Grass-Clover,weatherBaselineopen,2020,3,30,4.587632,0,4.62993,Dry,-0.8972683814861946,named in manuscript,2020-03-30,90,Open field,Open field - Dry (2020)
Grass-Clover,weatherBaselineopen,2020,3,31,4.611025000000001,0,4.67985,Dry,-0.8972683814861946,named in manuscript,2020-03-31,91,Open field,Open field - Dry (2020)
Grass-Clover,weatherBaselineopen,2020,4,1,4.631056,0,4.71854,Dry,-0.8972683814861946,named in manuscript,2020-04-01,92,Open field,Open field - Dry (2020)
Grass-Clover,weatherBaselineopen,2020,4,2,4.656567,0,4.74893,Dry,-0.8972683814861946,named in manuscript,2020-04-02,93,Open field,Open field - Dry (2020)
Grass-Clover,weatherBaselineopen,2020,4,3,4.685891,0,4.79528,Dry,-0.8972683814861946,named in manuscript,2020-04-03,94,Open field,Open field - Dry (2020)
Grass-Clover,weatherBaselineopen,2020,4,4,4.714867,0,4.85067,Dry,-0.8972683814861946,named in manuscript,2020-04-04,95,Open field,Open field - Dry (2020)
Grass-Clover,weatherBaselineopen,2020,4,5,4.752582,0,4.9037,Dry,-0.8972683814861946,named in manuscript,2020-04-05,96,Open field,Open field - Dry (2020)
Grass-Clover,weatherBaselineopen,2020,4,6,4.831871,0,4.975,Dry,-0.8972683814861946,named in manuscript,2020-04-06,97,Open field,Open field - Dry (2020)
Grass-Clover,weatherBaselineopen,2020,4,7,4.973596000000001,0,5.131869999999999,Dry,-0.8972683814861946,named in manuscript,2020-04-07,98,Open field,Open field - Dry (2020)
Grass-Clover,weatherBaselineopen,2020,4,8,5.127937,0,5.39623,Dry,-0.8972683814861946,named in manuscript,2020-04-08,99,Open field,Open field - Dry (2020)
Grass-Clover,weatherBaselineopen,2020,4,9,5.278294,0,5.6782,Dry,-0.8972683814861946,named in manuscript,2020-04-09,100,Open field,Open field - Dry (2020)
Grass-Clover,weatherBaselineopen,2020,4,10,5.400411,0,5.95185,Dry,-0.8972683814861946,named in manuscript,2020-04-10,101,Open field,Open field - Dry (2020)
Grass-Clover,weatherBaselineopen,2020,4,11,5.483694,0,6.17603,Dry,-0.8972683814861946,named in manuscript,2020-04-11,102,Open field,Open field - Dry (2020)
Grass-Clover,weatherBaselineopen,2020,4,12,5.5314309999999995,0,6.32592,Dry,-0.8972683814861946,named in manuscript,2020-04-12,103,Open field,Open field - Dry (2020)
Grass-Clover,weatherBaselineopen,2020,4,13,5.606,0,6.40347,Dry,-0.8972683814861946,named in manuscript,2020-04-13,104,Open field,Open field - Dry (2020)
Grass-Clover,weatherBaselineopen,2020,4,14,5.68248,0,6.54026,Dry,-0.8972683814861946,named in manuscript,2020-04-14,105,Open field,Open field - Dry (2020)
Grass-Clover,weatherBaselineopen,2020,4,15,5.743754,0,6.67382,Dry,-0.8972683814861946,named in manuscript,2020-04-15,106,Open field,Open field - Dry (2020)
Grass-Clover,weatherBaselineopen,2020,4,16,5.826734,0,6.7783,Dry,-0.8972683814861946,named in manuscript,2020-04-16,107,Open field,Open field - Dry (2020)
Grass-Clover,weatherBaselineopen,2020,4,17,5.942232,0,6.92884,Dry,-0.8972683814861946,named in manuscript,2020-04-17,108,Open field,Open field - Dry (2020)
Grass-Clover,weatherBaselineopen,2020,4,18,6.0527180000000005,0,7.14079,Dry,-0.8972683814861946,named in manuscript,2020-04-18,109,Open field,Open field - Dry (2020)
Grass-Clover,weatherBaselineopen,2020,4,19,6.1497720000000005,0,7.33972,Dry,-0.8972683814861946,named in manuscript,2020-04-19,110,Open field,Open field - Dry (2020)
Grass-Clover,weatherBaselineopen,2020,4,20,6.270055,0,7.51199,Dry,-0.8972683814861946,named in manuscript,2020-04-20,111,Open field,Open field - Dry (2020)
Grass-Clover,weatherBaselineopen,2020,4,21,6.442567,0,7.72869,Dry,-0.8972683814861946,named in manuscript,2020-04-21,112,Open field,Open field - Dry (2020)
Grass-Clover,weatherBaselineopen,2020,4,22,6.64399,0,8.041830000000001,Dry,-0.8972683814861946,named in manuscript,2020-04-22,113,Open field,Open field - Dry (2020)
Grass-Clover,weatherBaselineopen,2020,4,23,6.8735800000000005,0,8.40486,Dry,-0.8972683814861946,named in manuscript,2020-04-23,114,Open field,Open field - Dry (2020)
Grass-Clover,weatherBaselineopen,2020,4,24,7.09662,0,8.78669,Dry,-0.8972683814861946,named in manuscript,2020-04-24,115,Open field,Open field - Dry (2020)
Grass-Clover,weatherBaselineopen,2020,4,25,7.252370000000001,0,9.13102,Dry,-0.8972683814861946,named in manuscript,2020-04-25,116,Open field,Open field - Dry (2020)
Grass-Clover,weatherBaselineopen,2020,4,26,7.35675,0,9.31062,Dry,-0.8972683814861946,named in manuscript,2020-04-26,117,Open field,Open field - Dry (2020)
Grass-Clover,weatherBaselineopen,2020,4,27,7.41141,0,9.38194,Dry,-0.8972683814861946,named in manuscript,2020-04-27,118,Open field,Open field - Dry (2020)
Grass-Clover,weatherBaselineopen,2020,4,28,7.4058399999999995,0,9.35416,Dry,-0.8972683814861946,named in manuscript,2020-04-28,119,Open field,Open field - Dry (2020)
Grass-Clover,weatherBaselineopen,2020,4,29,7.39916,0,9.222010000000001,Dry,-0.8972683814861946,named in manuscript,2020-04-29,120,Open field,Open field - Dry (2020)
Grass-Clover,weatherBaselineopen,2020,4,30,7.40721,0,9.11259,Dry,-0.8972683814861946,named in manuscript,2020-04-30,121,Open field,Open field - Dry (2020)
Grass-Clover,weatherBaselineopen,2020,5,1,7.38603,0,9.03924,Dry,-0.8972683814861946,named in manuscript,2020-05-01,122,Open field,Open field - Dry (2020)
Grass-Clover,weatherBaselineopen,2020,5,2,7.39104,0,8.921,Dry,-0.8972683814861946,named in manuscript,2020-05-02,123,Open field,Open field - Dry (2020)
Grass-Clover,weatherBaselineopen,2020,5,3,7.42941,0,8.86095,Dry,-0.8972683814861946,named in manuscript,2020-05-03,124,Open field,Open field - Dry (2020)
Grass-Clover,weatherBaselineopen,2020,5,4,7.50764,0,8.86683,Dry,-0.8972683814861946,named in manuscript,2020-05-04,125,Open field,Open field - Dry (2020)
Grass-Clover,weatherBaselineopen,2020,5,5,7.60253,0,8.93911,Dry,-0.8972683814861946,named in manuscript,2020-05-05,126,Open field,Open field - Dry (2020)
Grass-Clover,weatherBaselineopen,2020,5,6,7.69255,0,9.022780000000001,Dry,-0.8972683814861946,named in manuscript,2020-05-06,127,Open field,Open field - Dry (2020)
Grass-Clover,weatherBaselineopen,2020,5,7,7.772609999999999,0,9.08328,Dry,-0.8972683814861946,named in manuscript,2020-05-07,128,Open field,Open field - Dry (2020)
Grass-Clover,weatherBaselineopen,2020,5,8,2.009665,0,1.562362,Dry,-0.8972683814861946,named in manuscript,2020-05-08,129,Open field,Open field - Dry (2020)
Grass-Clover,weatherBaselineopen,2020,5,9,2.095932,0,1.8277710000000003,Dry,-0.8972683814861946,named in manuscript,2020-05-09,130,Open field,Open field - Dry (2020)
Grass-Clover,weatherBaselineopen,2020,5,10,2.178334,0,2.01772,Dry,-0.8972683814861946,named in manuscript,2020-05-10,131,Open field,Open field - Dry (2020)
Grass-Clover,weatherBaselineopen,2020,5,11,2.243723,0,2.1751699999999996,Dry,-0.8972683814861946,named in manuscript,2020-05-11,132,Open field,Open field - Dry (2020)
Grass-Clover,weatherBaselineopen,2020,5,12,2.2847,0,2.28991,Dry,-0.8972683814861946,named in manuscript,2020-05-12,133,Open field,Open field - Dry (2020)
Grass-Clover,weatherBaselineopen,2020,5,13,2.321867,0,2.36478,Dry,-0.8972683814861946,named in manuscript,2020-05-13,134,Open field,Open field - Dry (2020)
Grass-Clover,weatherBaselineopen,2020,5,14,2.3747049999999996,0,2.4408700000000003,Dry,-0.8972683814861946,named in manuscript,2020-05-14,135,Open field,Open field - Dry (2020)
Grass-Clover,weatherBaselineopen,2020,5,15,2.454225,0,2.5600300000000002,Dry,-0.8972683814861946,named in manuscript,2020-05-15,136,Open field,Open field - Dry (2020)
Grass-Clover,weatherBaselineopen,2020,5,16,2.565991,0,2.7427099999999998,Dry,-0.8972683814861946,named in manuscript,2020-05-16,137,Open field,Open field - Dry (2020)
Grass-Clover,weatherBaselineopen,2020,5,17,2.687908,0,2.99479,Dry,-0.8972683814861946,named in manuscript,2020-05-17,138,Open field,Open field - Dry (2020)
Grass-Clover,weatherBaselineopen,2020,5,18,2.818886,0,3.26478,Dry,-0.8972683814861946,named in manuscript,2020-05-18,139,Open field,Open field - Dry (2020)
Grass-Clover,weatherBaselineopen,2020,5,19,2.9557209999999996,0,3.55251,Dry,-0.8972683814861946,named in manuscript,2020-05-19,140,Open field,Open field - Dry (2020)
Grass-Clover,weatherBaselineopen,2020,5,20,3.126254,0,3.84815,Dry,-0.8972683814861946,named in manuscript,2020-05-20,141,Open field,Open field - Dry (2020)
Grass-Clover,weatherBaselineopen,2020,5,21,3.361915,0,4.21854,Dry,-0.8972683814861946,named in manuscript,2020-05-21,142,Open field,Open field - Dry (2020)
Grass-Clover,weatherBaselineopen,2020,5,22,3.586548,0,4.71594,Dry,-0.8972683814861946,named in manuscript,2020-05-22,143,Open field,Open field - Dry (2020)
Grass-Clover,weatherBaselineopen,2020,5,23,3.7897800000000004,0,5.15191,Dry,-0.8972683814861946,named in manuscript,2020-05-23,144,Open field,Open field - Dry (2020)
Grass-Clover,weatherBaselineopen,2020,5,24,3.9357800000000003,0,5.51751,Dry,-0.8972683814861946,named in manuscript,2020-05-24,145,Open field,Open field - Dry (2020)
Grass-Clover,weatherBaselineopen,2020,5,25,4.049597,0,5.785629999999999,Dry,-0.8972683814861946,named in manuscript,2020-05-25,146,Open field,Open field - Dry (2020)
Grass-Clover,weatherBaselineopen,2020,5,26,4.172707,0,5.987209999999999,Dry,-0.8972683814861946,named in manuscript,2020-05-26,147,Open field,Open field - Dry (2020)
Grass-Clover,weatherBaselineopen,2020,5,27,4.330424,0,6.22028,Dry,-0.8972683814861946,named in manuscript,2020-05-27,148,Open field,Open field - Dry (2020)
Grass-Clover,weatherBaselineopen,2020,5,28,4.494883,0,6.49808,Dry,-0.8972683814861946,named in manuscript,2020-05-28,149,Open field,Open field - Dry (2020)
Grass-Clover,weatherBaselineopen,2020,5,29,4.66619,0,6.80802,Dry,-0.8972683814861946,named in manuscript,2020-05-29,150,Open field,Open field - Dry (2020)
Grass-Clover,weatherBaselineopen,2020,5,30,4.851096,0,7.10764,Dry,-0.8972683814861946,named in manuscript,2020-05-30,151,Open field,Open field - Dry (2020)
Grass-Clover,weatherBaselineopen,2020,5,31,5.058033,0,7.42907,Dry,-0.8972683814861946,named in manuscript,2020-05-31,152,Open field,Open field - Dry (2020)
Grass-Clover,weatherBaselineopen,2020,6,1,5.2857520000000005,0,7.78082,Dry,-0.8972683814861946,named in manuscript,2020-06-01,153,Open field,Open field - Dry (2020)
Grass-Clover,weatherBaselineopen,2020,6,2,5.510801,0,8.12762,Dry,-0.8972683814861946,named in manuscript,2020-06-02,154,Open field,Open field - Dry (2020)
Grass-Clover,weatherBaselineopen,2020,6,3,5.714306,0,8.48907,Dry,-0.8972683814861946,named in manuscript,2020-06-03,155,Open field,Open field - Dry (2020)
Grass-Clover,weatherBaselineopen,2020,6,4,5.875479,0,8.74185,Dry,-0.8972683814861946,named in manuscript,2020-06-04,156,Open field,Open field - Dry (2020)
Grass-Clover,weatherBaselineopen,2020,6,5,5.948921,0,8.86568,Dry,-0.8972683814861946,named in manuscript,2020-06-05,157,Open field,Open field - Dry (2020)
Grass-Clover,weatherBaselineopen,2020,6,6,6.000591,0,8.84992,Dry,-0.8972683814861946,named in manuscript,2020-06-06,158,Open field,Open field - Dry (2020)
Grass-Clover,weatherBaselineopen,2020,6,7,6.040335000000001,0,8.78867,Dry,-0.8972683814861946,named in manuscript,2020-06-07,159,Open field,Open field - Dry (2020)
Grass-Clover,weatherBaselineopen,2020,6,8,6.090724999999999,0,8.73205,Dry,-0.8972683814861946,named in manuscript,2020-06-08,160,Open field,Open field - Dry (2020)
Grass-Clover,weatherBaselineopen,2020,6,9,6.158951,0,8.69781,Dry,-0.8972683814861946,named in manuscript,2020-06-09,161,Open field,Open field - Dry (2020)
Grass-Clover,weatherBaselineopen,2020,6,10,6.227601,0,8.69781,Dry,-0.8972683814861946,named in manuscript,2020-06-10,162,Open field,Open field - Dry (2020)
Grass-Clover,weatherBaselineopen,2020,6,11,6.3089,0,8.69743,Dry,-0.8972683814861946,named in manuscript,2020-06-11,163,Open field,Open field - Dry (2020)
Grass-Clover,weatherBaselineopen,2020,6,12,6.424413,0,8.71483,Dry,-0.8972683814861946,named in manuscript,2020-06-12,164,Open field,Open field - Dry (2020)
Grass-Clover,weatherBaselineopen,2020,6,13,6.501810000000001,0,8.76319,Dry,-0.8972683814861946,named in manuscript,2020-06-13,165,Open field,Open field - Dry (2020)
Grass-Clover,weatherBaselineopen,2020,6,14,6.561816,0,8.74236,Dry,-0.8972683814861946,named in manuscript,2020-06-14,166,Open field,Open field - Dry (2020)
Grass-Clover,weatherBaselineopen,2020,6,15,6.6815940000000005,0,8.69074,Dry,-0.8972683814861946,named in manuscript,2020-06-15,167,Open field,Open field - Dry (2020)
Grass-Clover,weatherBaselineopen,2020,6,16,6.852553,0,8.72475,Dry,-0.8972683814861946,named in manuscript,2020-06-16,168,Open field,Open field - Dry (2020)
Grass-Clover,weatherBaselineopen,2020,6,17,7.040273,0,8.82713,Dry,-0.8972683814861946,named in manuscript,2020-06-17,169,Open field,Open field - Dry (2020)
Grass-Clover,weatherBaselineopen,2020,6,18,7.190994,0,8.91279,Dry,-0.8972683814861946,named in manuscript,2020-06-18,170,Open field,Open field - Dry (2020)
Grass-Clover,weatherBaselineopen,2020,6,19,2.135593,0,1.9549370000000001,Dry,-0.8972683814861946,named in manuscript,2020-06-19,171,Open field,Open field - Dry (2020)
Grass-Clover,weatherBaselineopen,2020,6,20,2.240874,0,2.23871,Dry,-0.8972683814861946,named in manuscript,2020-06-20,172,Open field,Open field - Dry (2020)
Grass-Clover,weatherBaselineopen,2020,6,21,2.3220590000000003,0,2.4241099999999998,Dry,-0.8972683814861946,named in manuscript,2020-06-21,173,Open field,Open field - Dry (2020)
Grass-Clover,weatherBaselineopen,2020,6,22,2.5100350000000002,0,2.5733699999999997,Dry,-0.8972683814861946,named in manuscript,2020-06-22,174,Open field,Open field - Dry (2020)
Grass-Clover,weatherBaselineopen,2020,6,23,2.802193,0,2.95696,Dry,-0.8972683814861946,named in manuscript,2020-06-23,175,Open field,Open field - Dry (2020)
Grass-Clover,weatherBaselineopen,2020,6,24,3.180803,0,3.55085,Dry,-0.8972683814861946,named in manuscript,2020-06-24,176,Open field,Open field - Dry (2020)
Grass-Clover,weatherBaselineopen,2020,6,25,3.617489,0,4.31934,Dry,-0.8972683814861946,named in manuscript,2020-06-25,177,Open field,Open field - Dry (2020)
Grass-Clover,weatherBaselineopen,2020,6,26,4.0139,0,5.19936,Dry,-0.8972683814861946,named in manuscript,2020-06-26,178,Open field,Open field - Dry (2020)
Grass-Clover,weatherBaselineopen,2020,6,27,4.384797000000001,0,5.94694,Dry,-0.8972683814861946,named in manuscript,2020-06-27,179,Open field,Open field - Dry (2020)
Grass-Clover,weatherBaselineopen,2020,6,28,4.729519,0,6.625249999999999,Dry,-0.8972683814861946,named in manuscript,2020-06-28,180,Open field,Open field - Dry (2020)
Grass-Clover,weatherBaselineopen,2020,6,29,4.973678,0,7.230840000000001,Dry,-0.8972683814861946,named in manuscript,2020-06-29,181,Open field,Open field - Dry (2020)
Grass-Clover,weatherBaselineopen,2020,6,30,5.189506000000001,0,7.64389,Dry,-0.8972683814861946,named in manuscript,2020-06-30,182,Open field,Open field - Dry (2020)
Grass-Clover,weatherBaselineopen,2020,7,1,5.353688,0,7.9805600000000005,Dry,-0.8972683814861946,named in manuscript,2020-07-01,183,Open field,Open field - Dry (2020)
Grass-Clover,weatherBaselineopen,2020,7,2,5.519777,0,8.21348,Dry,-0.8972683814861946,named in manuscript,2020-07-02,184,Open field,Open field - Dry (2020)
Grass-Clover,weatherBaselineopen,2020,7,3,5.705832,0,8.41372,Dry,-0.8972683814861946,named in manuscript,2020-07-03,185,Open field,Open field - Dry (2020)
Grass-Clover,weatherBaselineopen,2020,7,4,5.866714999999999,0,8.62555,Dry,-0.8972683814861946,named in manuscript,2020-07-04,186,Open field,Open field - Dry (2020)
Grass-Clover,weatherBaselineopen,2020,7,5,5.956564,0,8.79938,Dry,-0.8972683814861946,named in manuscript,2020-07-05,187,Open field,Open field - Dry (2020)
Grass-Clover,weatherBaselineopen,2020,7,6,6.045902,0,8.82215,Dry,-0.8972683814861946,named in manuscript,2020-07-06,188,Open field,Open field - Dry (2020)
Grass-Clover,weatherBaselineopen,2020,7,7,6.183344,0,8.8574,Dry,-0.8972683814861946,named in manuscript,2020-07-07,189,Open field,Open field - Dry (2020)
Grass-Clover,weatherBaselineopen,2020,7,8,6.331051,0,8.98169,Dry,-0.8972683814861946,named in manuscript,2020-07-08,190,Open field,Open field - Dry (2020)
Grass-Clover,weatherBaselineopen,2020,7,9,6.503976,0,9.12147,Dry,-0.8972683814861946,named in manuscript,2020-07-09,191,Open field,Open field - Dry (2020)
Grass-Clover,weatherBaselineopen,2020,7,10,6.713904,0,9.31486,Dry,-0.8972683814861946,named in manuscript,2020-07-10,192,Open field,Open field - Dry (2020)
Grass-Clover,weatherBaselineopen,2020,7,11,6.90931,0,9.55088,Dry,-0.8972683814861946,named in manuscript,2020-07-11,193,Open field,Open field - Dry (2020)
Grass-Clover,weatherBaselineopen,2020,7,12,7.0941030000000005,0,9.75133,Dry,-0.8972683814861946,named in manuscript,2020-07-12,194,Open field,Open field - Dry (2020)
Grass-Clover,weatherBaselineopen,2020,7,13,7.260015,0,9.92823,Dry,-0.8972683814861946,named in manuscript,2020-07-13,195,Open field,Open field - Dry (2020)
Grass-Clover,weatherBaselineopen,2020,7,14,7.414449,0,10.05631,Dry,-0.8972683814861946,named in manuscript,2020-07-14,196,Open field,Open field - Dry (2020)
Grass-Clover,weatherBaselineopen,2020,7,15,7.517473,0,10.15512,Dry,-0.8972683814861946,named in manuscript,2020-07-15,197,Open field,Open field - Dry (2020)
Grass-Clover,weatherBaselineopen,2020,7,16,7.620856000000001,0,10.14233,Dry,-0.8972683814861946,named in manuscript,2020-07-16,198,Open field,Open field - Dry (2020)
Grass-Clover,weatherBaselineopen,2020,7,17,7.755062,0,10.12399,Dry,-0.8972683814861946,named in manuscript,2020-07-17,199,Open field,Open field - Dry (2020)
Grass-Clover,weatherBaselineopen,2020,7,18,7.91497,0,10.15886,Dry,-0.8972683814861946,named in manuscript,2020-07-18,200,Open field,Open field - Dry (2020)
Grass-Clover,weatherBaselineopen,2020,7,19,8.071031999999999,0,10.226769999999998,Dry,-0.8972683814861946,named in manuscript,2020-07-19,201,Open field,Open field - Dry (2020)
Grass-Clover,weatherBaselineopen,2020,7,20,8.148057999999999,0,10.242180000000001,Dry,-0.8972683814861946,named in manuscript,2020-07-20,202,Open field,Open field - Dry (2020)
Grass-Clover,weatherBaselineopen,2020,7,21,8.24751,0,10.1475,Dry,-0.8972683814861946,named in manuscript,2020-07-21,203,Open field,Open field - Dry (2020)
Grass-Clover,weatherBaselineopen,2020,7,22,8.390919,0,10.0845,Dry,-0.8972683814861946,named in manuscript,2020-07-22,204,Open field,Open field - Dry (2020)
Grass-Clover,weatherBaselineopen,2020,7,23,8.557297,0,10.1105,Dry,-0.8972683814861946,named in manuscript,2020-07-23,205,Open field,Open field - Dry (2020)
Grass-Clover,weatherBaselineopen,2020,7,24,8.686392,0,10.136569999999999,Dry,-0.8972683814861946,named in manuscript,2020-07-24,206,Open field,Open field - Dry (2020)
Grass-Clover,weatherBaselineopen,2020,7,25,8.774585,0,10.10935,Dry,-0.8972683814861946,named in manuscript,2020-07-25,207,Open field,Open field - Dry (2020)
Grass-Clover,weatherBaselineopen,2020,7,26,2.371321,0,1.977767,Dry,-0.8972683814861946,named in manuscript,2020-07-26,208,Open field,Open field - Dry (2020)
Grass-Clover,weatherBaselineopen,2020,7,27,2.467978,0,2.25873,Dry,-0.8972683814861946,named in manuscript,2020-07-27,209,Open field,Open field - Dry (2020)
Grass-Clover,weatherBaselineopen,2020,7,28,2.559478,0,2.44252,Dry,-0.8972683814861946,named in manuscript,2020-07-28,210,Open field,Open field - Dry (2020)
Grass-Clover,weatherBaselineopen,2020,7,29,2.6975580000000003,0,2.6237199999999996,Dry,-0.8972683814861946,named in manuscript,2020-07-29,211,Open field,Open field - Dry (2020)
Grass-Clover,weatherBaselineopen,2020,7,30,2.8913159999999998,0,2.91028,Dry,-0.8972683814861946,named in manuscript,2020-07-30,212,Open field,Open field - Dry (2020)
Grass-Clover,weatherBaselineopen,2020,7,31,3.0928130000000005,0,3.31998,Dry,-0.8972683814861946,named in manuscript,2020-07-31,213,Open field,Open field - Dry (2020)
Grass-Clover,weatherBaselineopen,2020,8,1,3.366253,0,3.74976,Dry,-0.8972683814861946,named in manuscript,2020-08-01,214,Open field,Open field - Dry (2020)
Grass-Clover,weatherBaselineopen,2020,8,2,3.7134229999999997,0,4.3347999999999995,Dry,-0.8972683814861946,named in manuscript,2020-08-02,215,Open field,Open field - Dry (2020)
Grass-Clover,weatherBaselineopen,2020,8,3,3.962884,0,5.06362,Dry,-0.8972683814861946,named in manuscript,2020-08-03,216,Open field,Open field - Dry (2020)
Grass-Clover,weatherBaselineopen,2020,8,4,4.185153,0,5.54338,Dry,-0.8972683814861946,named in manuscript,2020-08-04,217,Open field,Open field - Dry (2020)
Grass-Clover,weatherBaselineopen,2020,8,5,4.411207,0,5.96359,Dry,-0.8972683814861946,named in manuscript,2020-08-05,218,Open field,Open field - Dry (2020)
Grass-Clover,weatherBaselineopen,2020,8,6,4.581905,0,6.37696,Dry,-0.8972683814861946,named in manuscript,2020-08-06,219,Open field,Open field - Dry (2020)
Grass-Clover,weatherBaselineopen,2020,8,7,4.755789,0,6.67347,Dry,-0.8972683814861946,named in manuscript,2020-08-07,220,Open field,Open field - Dry (2020)
Grass-Clover,weatherBaselineopen,2020,8,8,4.912929,0,6.96164,Dry,-0.8972683814861946,named in manuscript,2020-08-08,221,Open field,Open field - Dry (2020)
Grass-Clover,weatherBaselineopen,2020,8,9,5.0206230000000005,0,7.2059999999999995,Dry,-0.8972683814861946,named in manuscript,2020-08-09,222,Open field,Open field - Dry (2020)
Grass-Clover,weatherBaselineopen,2020,8,10,5.094531,0,7.35938,Dry,-0.8972683814861946,named in manuscript,2020-08-10,223,Open field,Open field - Dry (2020)
Grass-Clover,weatherBaselineopen,2020,8,11,5.158067,0,7.45182,Dry,-0.8972683814861946,named in manuscript,2020-08-11,224,Open field,Open field - Dry (2020)
Grass-Clover,weatherBaselineopen,2020,8,12,5.199458999999999,0,7.5262899999999995,Dry,-0.8972683814861946,named in manuscript,2020-08-12,225,Open field,Open field - Dry (2020)
Grass-Clover,weatherBaselineopen,2020,8,13,5.217802,0,7.5613399999999995,Dry,-0.8972683814861946,named in manuscript,2020-08-13,226,Open field,Open field - Dry (2020)
Grass-Clover,weatherBaselineopen,2020,8,14,5.224503,0,7.55722,Dry,-0.8972683814861946,named in manuscript,2020-08-14,227,Open field,Open field - Dry (2020)
Grass-Clover,weatherBaselineopen,2020,8,15,5.22665,0,7.532590000000001,Dry,-0.8972683814861946,named in manuscript,2020-08-15,228,Open field,Open field - Dry (2020)
Grass-Clover,weatherBaselineopen,2020,8,16,5.224173,0,7.49953,Dry,-0.8972683814861946,named in manuscript,2020-08-16,229,Open field,Open field - Dry (2020)
Grass-Clover,weatherBaselineopen,2020,8,17,5.218323,0,7.4580400000000004,Dry,-0.8972683814861946,named in manuscript,2020-08-17,230,Open field,Open field - Dry (2020)
Grass-Clover,weatherBaselineopen,2020,8,18,5.203989,0,7.409800000000001,Dry,-0.8972683814861946,named in manuscript,2020-08-18,231,Open field,Open field - Dry (2020)
Grass-Clover,weatherBaselineopen,2020,8,19,5.244583,0,7.34753,Dry,-0.8972683814861946,named in manuscript,2020-08-19,232,Open field,Open field - Dry (2020)
Grass-Clover,weatherBaselineopen,2020,8,20,5.353949,0,7.3698999999999995,Dry,-0.8972683814861946,named in manuscript,2020-08-20,233,Open field,Open field - Dry (2020)
Grass-Clover,weatherBaselineopen,2020,8,21,5.427058000000001,0,7.48441,Dry,-0.8972683814861946,named in manuscript,2020-08-21,234,Open field,Open field - Dry (2020)
Grass-Clover,weatherBaselineopen,2020,8,22,5.513336000000001,0,7.51748,Dry,-0.8972683814861946,named in manuscript,2020-08-22,235,Open field,Open field - Dry (2020)
Grass-Clover,weatherBaselineopen,2020,8,23,5.658740999999999,0,7.559749999999999,Dry,-0.8972683814861946,named in manuscript,2020-08-23,236,Open field,Open field - Dry (2020)
Grass-Clover,weatherBaselineopen,2020,8,24,5.822134999999999,0,7.67851,Dry,-0.8972683814861946,named in manuscript,2020-08-24,237,Open field,Open field - Dry (2020)
Grass-Clover,weatherBaselineopen,2020,8,25,5.958839,0,7.78427,Dry,-0.8972683814861946,named in manuscript,2020-08-25,238,Open field,Open field - Dry (2020)
Grass-Clover,weatherBaselineopen,2020,8,26,6.10483,0,7.831160000000001,Dry,-0.8972683814861946,named in manuscript,2020-08-26,239,Open field,Open field - Dry (2020)
Grass-Clover,weatherBaselineopen,2020,8,27,6.231629,0,7.8788800000000005,Dry,-0.8972683814861946,named in manuscript,2020-08-27,240,Open field,Open field - Dry (2020)
Grass-Clover,weatherBaselineopen,2020,8,28,6.324565,0,7.874689999999999,Dry,-0.8972683814861946,named in manuscript,2020-08-28,241,Open field,Open field - Dry (2020)
Grass-Clover,weatherBaselineopen,2020,8,29,6.384009,0,7.82987,Dry,-0.8972683814861946,named in manuscript,2020-08-29,242,Open field,Open field - Dry (2020)
Grass-Clover,weatherBaselineopen,2020,8,30,6.438483,0,7.74995,Dry,-0.8972683814861946,named in manuscript,2020-08-30,243,Open field,Open field - Dry (2020)
Grass-Clover,weatherBaselineopen,2020,8,31,6.5290680000000005,0,7.65809,Dry,-0.8972683814861946,named in manuscript,2020-08-31,244,Open field,Open field - Dry (2020)
Grass-Clover,weatherBaselineopen,2020,9,1,6.655099,0,7.62566,Dry,-0.8972683814861946,named in manuscript,2020-09-01,245,Open field,Open field - Dry (2020)
Grass-Clover,weatherBaselineopen,2020,9,2,6.794708,0,7.64411,Dry,-0.8972683814861946,named in manuscript,2020-09-02,246,Open field,Open field - Dry (2020)
Grass-Clover,weatherBaselineopen,2020,9,3,6.942116,0,7.660200000000001,Dry,-0.8972683814861946,named in manuscript,2020-09-03,247,Open field,Open field - Dry (2020)
Grass-Clover,weatherBaselineopen,2020,9,4,7.0456959999999995,0,7.66582,Dry,-0.8972683814861946,named in manuscript,2020-09-04,248,Open field,Open field - Dry (2020)
Grass-Clover,weatherBaselineopen,2020,9,5,7.123170999999999,0,7.62116,Dry,-0.8972683814861946,named in manuscript,2020-09-05,249,Open field,Open field - Dry (2020)
Grass-Clover,weatherBaselineopen,2020,9,6,1.945864,0,1.697628,Dry,-0.8972683814861946,named in manuscript,2020-09-06,250,Open field,Open field - Dry (2020)
Grass-Clover,weatherBaselineopen,2020,9,7,2.038893,0,1.885252,Dry,-0.8972683814861946,named in manuscript,2020-09-07,251,Open field,Open field - Dry (2020)
Grass-Clover,weatherBaselineopen,2020,9,8,2.156519,0,2.070377,Dry,-0.8972683814861946,named in manuscript,2020-09-08,252,Open field,Open field - Dry (2020)
Grass-Clover,weatherBaselineopen,2020,9,9,2.322609,0,2.332226,Dry,-0.8972683814861946,named in manuscript,2020-09-09,253,Open field,Open field - Dry (2020)
Grass-Clover,weatherBaselineopen,2020,9,10,2.4949570000000003,0,2.69957,Dry,-0.8972683814861946,named in manuscript,2020-09-10,254,Open field,Open field - Dry (2020)
Grass-Clover,weatherBaselineopen,2020,9,11,2.6564050000000003,0,3.0742000000000003,Dry,-0.8972683814861946,named in manuscript,2020-09-11,255,Open field,Open field - Dry (2020)
Grass-Clover,weatherBaselineopen,2020,9,12,2.792567,0,3.4215799999999996,Dry,-0.8972683814861946,named in manuscript,2020-09-12,256,Open field,Open field - Dry (2020)
Grass-Clover,weatherBaselineopen,2020,9,13,2.9009229999999997,0,3.69724,Dry,-0.8972683814861946,named in manuscript,2020-09-13,257,Open field,Open field - Dry (2020)
Grass-Clover,weatherBaselineopen,2020,9,14,2.994913,0,3.9225700000000003,Dry,-0.8972683814861946,named in manuscript,2020-09-14,258,Open field,Open field - Dry (2020)
Grass-Clover,weatherBaselineopen,2020,9,15,3.130004,0,4.11446,Dry,-0.8972683814861946,named in manuscript,2020-09-15,259,Open field,Open field - Dry (2020)
Grass-Clover,weatherBaselineopen,2020,9,16,3.3049600000000003,0,4.3957,Dry,-0.8972683814861946,named in manuscript,2020-09-16,260,Open field,Open field - Dry (2020)
Grass-Clover,weatherBaselineopen,2020,9,17,3.475263,0,4.76178,Dry,-0.8972683814861946,named in manuscript,2020-09-17,261,Open field,Open field - Dry (2020)
Grass-Clover,weatherBaselineopen,2020,9,18,3.645321,0,5.10586,Dry,-0.8972683814861946,named in manuscript,2020-09-18,262,Open field,Open field - Dry (2020)
Grass-Clover,weatherBaselineopen,2020,9,19,3.823833,0,5.45815,Dry,-0.8972683814861946,named in manuscript,2020-09-19,263,Open field,Open field - Dry (2020)
Grass-Clover,weatherBaselineopen,2020,9,20,3.9919930000000003,0,5.81889,Dry,-0.8972683814861946,named in manuscript,2020-09-20,264,Open field,Open field - Dry (2020)
Grass-Clover,weatherBaselineopen,2020,9,21,4.1360220000000005,0,6.15991,Dry,-0.8972683814861946,named in manuscript,2020-09-21,265,Open field,Open field - Dry (2020)
Grass-Clover,weatherBaselineopen,2020,9,22,4.2784189999999995,0,6.45302,Dry,-0.8972683814861946,named in manuscript,2020-09-22,266,Open field,Open field - Dry (2020)
Grass-Clover,weatherBaselineopen,2020,9,23,4.4354759999999995,0,6.72553,Dry,-0.8972683814861946,named in manuscript,2020-09-23,267,Open field,Open field - Dry (2020)
Grass-Clover,weatherBaselineopen,2020,9,24,4.591564,0,7.03265,Dry,-0.8972683814861946,named in manuscript,2020-09-24,268,Open field,Open field - Dry (2020)
Grass-Clover,weatherBaselineopen,2020,9,25,4.742842,0,7.32956,Dry,-0.8972683814861946,named in manuscript,2020-09-25,269,Open field,Open field - Dry (2020)
Grass-Clover,weatherBaselineopen,2020,9,26,4.829883000000001,0,7.61975,Dry,-0.8972683814861946,named in manuscript,2020-09-26,270,Open field,Open field - Dry (2020)
Grass-Clover,weatherBaselineopen,2020,9,27,4.875543,0,7.76454,Dry,-0.8972683814861946,named in manuscript,2020-09-27,271,Open field,Open field - Dry (2020)
Grass-Clover,weatherBaselineopen,2020,9,28,4.947874,0,7.8374299999999995,Dry,-0.8972683814861946,named in manuscript,2020-09-28,272,Open field,Open field - Dry (2020)
Grass-Clover,weatherBaselineopen,2020,9,29,5.004292,0,7.95833,Dry,-0.8972683814861946,named in manuscript,2020-09-29,273,Open field,Open field - Dry (2020)
Grass-Clover,weatherBaselineopen,2020,9,30,5.0420359999999995,0,8.04468,Dry,-0.8972683814861946,named in manuscript,2020-09-30,274,Open field,Open field - Dry (2020)
Grass-Clover,weatherBaselineopen,2020,10,1,5.096803,0,8.09217,Dry,-0.8972683814861946,named in manuscript,2020-10-01,275,Open field,Open field - Dry (2020)
Grass-Clover,weatherBaselineopen,2020,10,2,5.1524339999999995,0,8.1771,Dry,-0.8972683814861946,named in manuscript,2020-10-02,276,Open field,Open field - Dry (2020)
Grass-Clover,weatherBaselineopen,2020,10,3,5.193855,0,8.26081,Dry,-0.8972683814861946,named in manuscript,2020-10-03,277,Open field,Open field - Dry (2020)
Grass-Clover,weatherBaselineopen,2020,10,4,5.224841,0,8.31603,Dry,-0.8972683814861946,named in manuscript,2020-10-04,278,Open field,Open field - Dry (2020)
Grass-Clover,weatherBaselineopen,2020,10,5,5.260075,0,8.34519,Dry,-0.8972683814861946,named in manuscript,2020-10-05,279,Open field,Open field - Dry (2020)
Grass-Clover,weatherBaselineopen,2020,10,6,5.32495,0,8.38282,Dry,-0.8972683814861946,named in manuscript,2020-10-06,280,Open field,Open field - Dry (2020)
Grass-Clover,weatherBaselineopen,2020,10,7,5.380814,0,8.4876,Dry,-0.8972683814861946,named in manuscript,2020-10-07,281,Open field,Open field - Dry (2020)
Grass-Clover,weatherBaselineopen,2020,10,8,5.426475999999999,0,8.56825,Dry,-0.8972683814861946,named in manuscript,2020-10-08,282,Open field,Open field - Dry (2020)
Grass-Clover,weatherBaselineopen,2020,10,9,5.456245,0,8.63292,Dry,-0.8972683814861946,named in manuscript,2020-10-09,283,Open field,Open field - Dry (2020)
Grass-Clover,weatherBaselineopen,2020,10,10,5.480326,0,8.65904,Dry,-0.8972683814861946,named in manuscript,2020-10-10,284,Open field,Open field - Dry (2020)
Grass-Clover,weatherBaselineopen,2020,10,11,5.51158,0,8.68386,Dry,-0.8972683814861946,named in manuscript,2020-10-11,285,Open field,Open field - Dry (2020)
Grass-Clover,weatherBaselineopen,2020,10,12,5.546463999999999,0,8.727540000000001,Dry,-0.8972683814861946,named in manuscript,2020-10-12,286,Open field,Open field - Dry (2020)
Grass-Clover,weatherBaselineopen,2020,10,13,5.571656,0,8.77662,Dry,-0.8972683814861946,named in manuscript,2020-10-13,287,Open field,Open field - Dry (2020)
Grass-Clover,weatherBaselineopen,2020,10,14,5.59906,0,8.81064,Dry,-0.8972683814861946,named in manuscript,2020-10-14,288,Open field,Open field - Dry (2020)
Grass-Clover,weatherBaselineopen,2020,10,15,5.623696,0,8.84234,Dry,-0.8972683814861946,named in manuscript,2020-10-15,289,Open field,Open field - Dry (2020)
Grass-Clover,weatherBaselineopen,2020,10,16,5.637732,0,8.874279999999999,Dry,-0.8972683814861946,named in manuscript,2020-10-16,290,Open field,Open field - Dry (2020)
Grass-Clover,weatherBaselineopen,2020,10,17,5.648161999999999,0,8.88514,Dry,-0.8972683814861946,named in manuscript,2020-10-17,291,Open field,Open field - Dry (2020)
Grass-Clover,weatherBaselineopen,2020,10,18,5.6674880000000005,0,8.89537,Dry,-0.8972683814861946,named in manuscript,2020-10-18,292,Open field,Open field - Dry (2020)
Grass-Clover,weatherBaselineopen,2020,10,19,5.682264999999999,0,8.915519999999999,Dry,-0.8972683814861946,named in manuscript,2020-10-19,293,Open field,Open field - Dry (2020)
Grass-Clover,weatherBaselineopen,2020,10,20,5.6992899999999995,0,8.92932,Dry,-0.8972683814861946,named in manuscript,2020-10-20,294,Open field,Open field - Dry (2020)
Grass-Clover,weatherBaselineopen,2020,10,21,5.701192000000001,0,8.94867,Dry,-0.8972683814861946,named in manuscript,2020-10-21,295,Open field,Open field - Dry (2020)
Grass-Clover,weatherBaselineopen,2020,10,22,5.696936,0,8.9289,Dry,-0.8972683814861946,named in manuscript,2020-10-22,296,Open field,Open field - Dry (2020)
Grass-Clover,weatherBaselineopen,2020,10,23,5.702054,0,8.89234,Dry,-0.8972683814861946,named in manuscript,2020-10-23,297,Open field,Open field - Dry (2020)
Grass-Clover,weatherBaselineopen,2020,10,24,5.719735,0,8.872309999999999,Dry,-0.8972683814861946,named in manuscript,2020-10-24,298,Open field,Open field - Dry (2020)
Grass-Clover,weatherBaselineopen,2020,10,25,5.7444690000000005,0,8.88001,Dry,-0.8972683814861946,named in manuscript,2020-10-25,299,Open field,Open field - Dry (2020)
Grass-Clover,weatherBaselineopen,2020,10,26,5.752964,0,8.90458,Dry,-0.8972683814861946,named in manuscript,2020-10-26,300,Open field,Open field - Dry (2020)
Grass-Clover,weatherBaselineopen,2020,10,27,5.744883,0,8.88681,Dry,-0.8972683814861946,named in manuscript,2020-10-27,301,Open field,Open field - Dry (2020)
Grass-Clover,weatherBaselineopen,2020,10,28,5.749338999999999,0,8.84178,Dry,-0.8972683814861946,named in manuscript,2020-10-28,302,Open field,Open field - Dry (2020)
Grass-Clover,weatherBaselineopen,2020,10,29,5.764435,0,8.82803,Dry,-0.8972683814861946,named in manuscript,2020-10-29,303,Open field,Open field - Dry (2020)
Grass-Clover,weatherBaselineopen,2020,10,30,5.782103,0,8.838650000000001,Dry,-0.8972683814861946,named in manuscript,2020-10-30,304,Open field,Open field - Dry (2020)
Grass-Clover,weatherBaselineopen,2020,10,31,5.783958,0,8.850850000000001,Dry,-0.8972683814861946,named in manuscript,2020-10-31,305,Open field,Open field - Dry (2020)
Grass-Clover,weatherBaselineopen,2020,11,1,5.78659,0,8.82897,Dry,-0.8972683814861946,named in manuscript,2020-11-01,306,Open field,Open field - Dry (2020)
Grass-Clover,weatherBaselineopen,2020,11,2,5.791944,0,8.80956,Dry,-0.8972683814861946,named in manuscript,2020-11-02,307,Open field,Open field - Dry (2020)
Grass-Clover,weatherBaselineopen,2020,11,3,5.786555,0,8.79324,Dry,-0.8972683814861946,named in manuscript,2020-11-03,308,Open field,Open field - Dry (2020)
Grass-Clover,weatherBaselineopen,2020,11,4,5.783396,0,8.75184,Dry,-0.8972683814861946,named in manuscript,2020-11-04,309,Open field,Open field - Dry (2020)
Grass-Clover,weatherBaselineopen,2020,11,5,5.789649,0,8.72109,Dry,-0.8972683814861946,named in manuscript,2020-11-05,310,Open field,Open field - Dry (2020)
Grass-Clover,weatherBaselineopen,2020,11,6,5.783163,0,8.71244,Dry,-0.8972683814861946,named in manuscript,2020-11-06,311,Open field,Open field - Dry (2020)
Grass-Clover,weatherBaselineopen,2020,11,7,5.782704,0,8.674520000000001,Dry,-0.8972683814861946,named in manuscript,2020-11-07,312,Open field,Open field - Dry (2020)
Grass-Clover,weatherBaselineopen,2020,11,8,5.778169,0,8.6488,Dry,-0.8972683814861946,named in manuscript,2020-11-08,313,Open field,Open field - Dry (2020)
Grass-Clover,weatherBaselineopen,2020,11,9,5.766575,0,8.61231,Dry,-0.8972683814861946,named in manuscript,2020-11-09,314,Open field,Open field - Dry (2020)
Grass-Clover,weatherBaselineopen,2020,11,10,5.746561999999999,0,8.56727,Dry,-0.8972683814861946,named in manuscript,2020-11-10,315,Open field,Open field - Dry (2020)
Grass-Clover,weatherBaselineopen,2020,11,11,5.719407,0,8.503820000000001,Dry,-0.8972683814861946,named in manuscript,2020-11-11,316,Open field,Open field - Dry (2020)
Grass-Clover,weatherBaselineopen,2020,11,12,5.6864729999999994,0,8.42454,Dry,-0.8972683814861946,named in manuscript,2020-11-12,317,Open field,Open field - Dry (2020)
Grass-Clover,weatherBaselineopen,2020,11,13,5.651337,0,8.33134,Dry,-0.8972683814861946,named in manuscript,2020-11-13,318,Open field,Open field - Dry (2020)
Grass-Clover,weatherBaselineopen,2020,11,14,5.62894,0,8.23378,Dry,-0.8972683814861946,named in manuscript,2020-11-14,319,Open field,Open field - Dry (2020)
Grass-Clover,weatherBaselineopen,2020,11,15,5.613732000000001,0,8.16788,Dry,-0.8972683814861946,named in manuscript,2020-11-15,320,Open field,Open field - Dry (2020)
Grass-Clover,weatherBaselineopen,2020,11,16,5.603944,0,8.11588,Dry,-0.8972683814861946,named in manuscript,2020-11-16,321,Open field,Open field - Dry (2020)
Grass-Clover,weatherBaselineopen,2020,11,17,5.601833,0,8.07494,Dry,-0.8972683814861946,named in manuscript,2020-11-17,322,Open field,Open field - Dry (2020)
Grass-Clover,weatherBaselineopen,2020,11,18,5.585665,0,8.04702,Dry,-0.8972683814861946,named in manuscript,2020-11-18,323,Open field,Open field - Dry (2020)
Grass-Clover,weatherBaselineopen,2020,11,19,5.563826,0,7.9894,Dry,-0.8972683814861946,named in manuscript,2020-11-19,324,Open field,Open field - Dry (2020)
Grass-Clover,weatherBaselineopen,2020,11,20,5.54373,0,7.92223,Dry,-0.8972683814861946,named in manuscript,2020-11-20,325,Open field,Open field - Dry (2020)
Grass-Clover,weatherBaselineopen,2020,11,21,5.523793,0,7.86083,Dry,-0.8972683814861946,named in manuscript,2020-11-21,326,Open field,Open field - Dry (2020)
Grass-Clover,weatherBaselineopen,2020,11,22,5.496455,0,7.79892,Dry,-0.8972683814861946,named in manuscript,2020-11-22,327,Open field,Open field - Dry (2020)
Grass-Clover,weatherBaselineopen,2020,11,23,5.475125,0,7.72105,Dry,-0.8972683814861946,named in manuscript,2020-11-23,328,Open field,Open field - Dry (2020)
Grass-Clover,weatherBaselineopen,2020,11,24,5.4559809999999995,0,7.65798,Dry,-0.8972683814861946,named in manuscript,2020-11-24,329,Open field,Open field - Dry (2020)
Grass-Clover,weatherBaselineopen,2020,11,25,5.428711999999999,0,7.59971,Dry,-0.8972683814861946,named in manuscript,2020-11-25,330,Open field,Open field - Dry (2020)
Grass-Clover,weatherBaselineopen,2020,11,26,5.401006000000001,0,7.5224899999999995,Dry,-0.8972683814861946,named in manuscript,2020-11-26,331,Open field,Open field - Dry (2020)
Grass-Clover,weatherBaselineopen,2020,11,27,5.380932,0,7.44464,Dry,-0.8972683814861946,named in manuscript,2020-11-27,332,Open field,Open field - Dry (2020)
Grass-Clover,weatherBaselineopen,2020,11,28,5.360512,0,7.38567,Dry,-0.8972683814861946,named in manuscript,2020-11-28,333,Open field,Open field - Dry (2020)
Grass-Clover,weatherBaselineopen,2020,11,29,5.334897,0,7.32396,Dry,-0.8972683814861946,named in manuscript,2020-11-29,334,Open field,Open field - Dry (2020)
Grass-Clover,weatherBaselineopen,2020,11,30,5.306201,0,7.24993,Dry,-0.8972683814861946,named in manuscript,2020-11-30,335,Open field,Open field - Dry (2020)
Grass-Clover,weatherBaselineopen,2020,12,1,5.277143,0,7.16933,Dry,-0.8972683814861946,named in manuscript,2020-12-01,336,Open field,Open field - Dry (2020)
Grass-Clover,weatherBaselineopen,2020,12,2,5.247281,0,7.08793,Dry,-0.8972683814861946,named in manuscript,2020-12-02,337,Open field,Open field - Dry (2020)
Grass-Clover,weatherBaselineopen,2020,12,3,5.218731,0,7.00575,Dry,-0.8972683814861946,named in manuscript,2020-12-03,338,Open field,Open field - Dry (2020)
Grass-Clover,weatherBaselineopen,2020,12,4,5.191617,0,6.9269,Dry,-0.8972683814861946,named in manuscript,2020-12-04,339,Open field,Open field - Dry (2020)
Grass-Clover,weatherBaselineopen,2020,12,5,5.165158,0,6.85116,Dry,-0.8972683814861946,named in manuscript,2020-12-05,340,Open field,Open field - Dry (2020)
Grass-Clover,weatherBaselineopen,2020,12,6,5.138072,0,6.77731,Dry,-0.8972683814861946,named in manuscript,2020-12-06,341,Open field,Open field - Dry (2020)
Grass-Clover,weatherBaselineopen,2020,12,7,5.111804,0,6.702640000000001,Dry,-0.8972683814861946,named in manuscript,2020-12-07,342,Open field,Open field - Dry (2020)
Grass-Clover,weatherBaselineopen,2020,12,8,5.0836760000000005,0,6.6299399999999995,Dry,-0.8972683814861946,named in manuscript,2020-12-08,343,Open field,Open field - Dry (2020)
Grass-Clover,weatherBaselineopen,2020,12,9,5.059432,0,6.5541599999999995,Dry,-0.8972683814861946,named in manuscript,2020-12-09,344,Open field,Open field - Dry (2020)
Grass-Clover,weatherBaselineopen,2020,12,10,5.035926,0,6.48712,Dry,-0.8972683814861946,named in manuscript,2020-12-10,345,Open field,Open field - Dry (2020)
Grass-Clover,weatherBaselineopen,2020,12,11,5.012246,0,6.421810000000001,Dry,-0.8972683814861946,named in manuscript,2020-12-11,346,Open field,Open field - Dry (2020)
Grass-Clover,weatherBaselineopen,2020,12,12,4.988526,0,6.35604,Dry,-0.8972683814861946,named in manuscript,2020-12-12,347,Open field,Open field - Dry (2020)
Grass-Clover,weatherBaselineopen,2020,12,13,4.964154,0,6.29007,Dry,-0.8972683814861946,named in manuscript,2020-12-13,348,Open field,Open field - Dry (2020)
Grass-Clover,weatherBaselineopen,2020,12,14,4.9411249999999995,0,6.22316,Dry,-0.8972683814861946,named in manuscript,2020-12-14,349,Open field,Open field - Dry (2020)
Grass-Clover,weatherBaselineopen,2020,12,15,4.916756,0,6.15954,Dry,-0.8972683814861946,named in manuscript,2020-12-15,350,Open field,Open field - Dry (2020)
Grass-Clover,weatherBaselineopen,2020,12,16,4.89231,0,6.09346,Dry,-0.8972683814861946,named in manuscript,2020-12-16,351,Open field,Open field - Dry (2020)
Grass-Clover,weatherBaselineopen,2020,12,17,4.8709050000000005,0,6.02793,Dry,-0.8972683814861946,named in manuscript,2020-12-17,352,Open field,Open field - Dry (2020)
Grass-Clover,weatherBaselineopen,2020,12,18,4.8491859999999996,0,5.969519999999999,Dry,-0.8972683814861946,named in manuscript,2020-12-18,353,Open field,Open field - Dry (2020)
Grass-Clover,weatherBaselineopen,2020,12,19,4.829684,0,5.910500000000001,Dry,-0.8972683814861946,named in manuscript,2020-12-19,354,Open field,Open field - Dry (2020)
Grass-Clover,weatherBaselineopen,2020,12,20,4.815059,0,5.85718,Dry,-0.8972683814861946,named in manuscript,2020-12-20,355,Open field,Open field - Dry (2020)
Grass-Clover,weatherBaselineopen,2020,12,21,4.799195,0,5.81475,Dry,-0.8972683814861946,named in manuscript,2020-12-21,356,Open field,Open field - Dry (2020)
Grass-Clover,weatherBaselineopen,2020,12,22,4.784617,0,5.76985,Dry,-0.8972683814861946,named in manuscript,2020-12-22,357,Open field,Open field - Dry (2020)
Grass-Clover,weatherBaselineopen,2020,12,23,4.76872,0,5.72797,Dry,-0.8972683814861946,named in manuscript,2020-12-23,358,Open field,Open field - Dry (2020)
Grass-Clover,weatherBaselineopen,2020,12,24,4.753821,0,5.68346,Dry,-0.8972683814861946,named in manuscript,2020-12-24,359,Open field,Open field - Dry (2020)
Grass-Clover,weatherBaselineopen,2020,12,25,4.737818,0,5.64051,Dry,-0.8972683814861946,named in manuscript,2020-12-25,360,Open field,Open field - Dry (2020)
Grass-Clover,weatherBaselineopen,2020,12,26,4.720485,0,5.59437,Dry,-0.8972683814861946,named in manuscript,2020-12-26,361,Open field,Open field - Dry (2020)
Grass-Clover,weatherBaselineopen,2020,12,27,4.703206,0,5.54529,Dry,-0.8972683814861946,named in manuscript,2020-12-27,362,Open field,Open field - Dry (2020)
Grass-Clover,weatherBaselineopen,2020,12,28,4.685302,0,5.49662,Dry,-0.8972683814861946,named in manuscript,2020-12-28,363,Open field,Open field - Dry (2020)
Grass-Clover,weatherBaselineopen,2020,12,29,4.66799,0,5.44727,Dry,-0.8972683814861946,named in manuscript,2020-12-29,364,Open field,Open field - Dry (2020)
Grass-Clover,weatherBaselineopen,2020,12,30,4.650377000000001,0,5.39911,Dry,-0.8972683814861946,named in manuscript,2020-12-30,365,Open field,Open field - Dry (2020)
Grass-Clover,weatherBaselineopen,2020,12,31,4.633516,0,5.3504700000000005,Dry,-0.8972683814861946,named in manuscript,2020-12-31,366,Open field,Open field - Dry (2020)
Grass-Clover,weatherRad0Center,2000,1,1,3.515186,0,4.453085,Near-normal,-0.35067228093625247,named in manuscript,2000-01-01,1,VAPV (Rad 0%),VAPV (Rad 0%) - Near-normal (2000)
Grass-Clover,weatherRad0Center,2000,1,2,3.508731,0,4.438404,Near-normal,-0.35067228093625247,named in manuscript,2000-01-02,2,VAPV (Rad 0%),VAPV (Rad 0%) - Near-normal (2000)
Grass-Clover,weatherRad0Center,2000,1,3,3.4999379999999998,0,4.419681,Near-normal,-0.35067228093625247,named in manuscript,2000-01-03,3,VAPV (Rad 0%),VAPV (Rad 0%) - Near-normal (2000)
Grass-Clover,weatherRad0Center,2000,1,4,3.4908420000000002,0,4.396606,Near-normal,-0.35067228093625247,named in manuscript,2000-01-04,4,VAPV (Rad 0%),VAPV (Rad 0%) - Near-normal (2000)
Grass-Clover,weatherRad0Center,2000,1,5,3.4856429999999996,0,4.3730150000000005,Near-normal,-0.35067228093625247,named in manuscript,2000-01-05,5,VAPV (Rad 0%),VAPV (Rad 0%) - Near-normal (2000)
Grass-Clover,weatherRad0Center,2000,1,6,3.4818659999999997,0,4.357434,Near-normal,-0.35067228093625247,named in manuscript,2000-01-06,6,VAPV (Rad 0%),VAPV (Rad 0%) - Near-normal (2000)
Grass-Clover,weatherRad0Center,2000,1,7,3.474056,0,4.344552,Near-normal,-0.35067228093625247,named in manuscript,2000-01-07,7,VAPV (Rad 0%),VAPV (Rad 0%) - Near-normal (2000)
Grass-Clover,weatherRad0Center,2000,1,8,3.467695,0,4.32351,Near-normal,-0.35067228093625247,named in manuscript,2000-01-08,8,VAPV (Rad 0%),VAPV (Rad 0%) - Near-normal (2000)
Grass-Clover,weatherRad0Center,2000,1,9,3.460075,0,4.305548,Near-normal,-0.35067228093625247,named in manuscript,2000-01-09,9,VAPV (Rad 0%),VAPV (Rad 0%) - Near-normal (2000)
Grass-Clover,weatherRad0Center,2000,1,10,3.455528,0,4.285352,Near-normal,-0.35067228093625247,named in manuscript,2000-01-10,10,VAPV (Rad 0%),VAPV (Rad 0%) - Near-normal (2000)
Grass-Clover,weatherRad0Center,2000,1,11,3.452502,0,4.271352,Near-normal,-0.35067228093625247,named in manuscript,2000-01-11,11,VAPV (Rad 0%),VAPV (Rad 0%) - Near-normal (2000)
Grass-Clover,weatherRad0Center,2000,1,12,3.445424,0,4.260012,Near-normal,-0.35067228093625247,named in manuscript,2000-01-12,12,VAPV (Rad 0%),VAPV (Rad 0%) - Near-normal (2000)
Grass-Clover,weatherRad0Center,2000,1,13,3.4364090000000003,0,4.2404519999999994,Near-normal,-0.35067228093625247,named in manuscript,2000-01-13,13,VAPV (Rad 0%),VAPV (Rad 0%) - Near-normal (2000)
Grass-Clover,weatherRad0Center,2000,1,14,3.430625,0,4.217509,Near-normal,-0.35067228093625247,named in manuscript,2000-01-14,14,VAPV (Rad 0%),VAPV (Rad 0%) - Near-normal (2000)
Grass-Clover,weatherRad0Center,2000,1,15,3.425337,0,4.201492,Near-normal,-0.35067228093625247,named in manuscript,2000-01-15,15,VAPV (Rad 0%),VAPV (Rad 0%) - Near-normal (2000)
Grass-Clover,weatherRad0Center,2000,1,16,3.4222099999999998,0,4.186537,Near-normal,-0.35067228093625247,named in manuscript,2000-01-16,16,VAPV (Rad 0%),VAPV (Rad 0%) - Near-normal (2000)
Grass-Clover,weatherRad0Center,2000,1,17,3.419619,0,4.175022,Near-normal,-0.35067228093625247,named in manuscript,2000-01-17,17,VAPV (Rad 0%),VAPV (Rad 0%) - Near-normal (2000)
Grass-Clover,weatherRad0Center,2000,1,18,3.4182900000000003,0,4.164566,Near-normal,-0.35067228093625247,named in manuscript,2000-01-18,18,VAPV (Rad 0%),VAPV (Rad 0%) - Near-normal (2000)
Grass-Clover,weatherRad0Center,2000,1,19,3.4184080000000003,0,4.156413000000001,Near-normal,-0.35067228093625247,named in manuscript,2000-01-19,19,VAPV (Rad 0%),VAPV (Rad 0%) - Near-normal (2000)
Grass-Clover,weatherRad0Center,2000,1,20,3.4180979999999996,0,4.150936,Near-normal,-0.35067228093625247,named in manuscript,2000-01-20,20,VAPV (Rad 0%),VAPV (Rad 0%) - Near-normal (2000)
Grass-Clover,weatherRad0Center,2000,1,21,3.416625,0,4.144292999999999,Near-normal,-0.35067228093625247,named in manuscript,2000-01-21,21,VAPV (Rad 0%),VAPV (Rad 0%) - Near-normal (2000)
Grass-Clover,weatherRad0Center,2000,1,22,3.414415,0,4.135813,Near-normal,-0.35067228093625247,named in manuscript,2000-01-22,22,VAPV (Rad 0%),VAPV (Rad 0%) - Near-normal (2000)
Grass-Clover,weatherRad0Center,2000,1,23,3.41189,0,4.126174,Near-normal,-0.35067228093625247,named in manuscript,2000-01-23,23,VAPV (Rad 0%),VAPV (Rad 0%) - Near-normal (2000)
Grass-Clover,weatherRad0Center,2000,1,24,3.408448,0,4.115882,Near-normal,-0.35067228093625247,named in manuscript,2000-01-24,24,VAPV (Rad 0%),VAPV (Rad 0%) - Near-normal (2000)
Grass-Clover,weatherRad0Center,2000,1,25,3.404549,0,4.104121,Near-normal,-0.35067228093625247,named in manuscript,2000-01-25,25,VAPV (Rad 0%),VAPV (Rad 0%) - Near-normal (2000)
Grass-Clover,weatherRad0Center,2000,1,26,3.402451,0,4.091818,Near-normal,-0.35067228093625247,named in manuscript,2000-01-26,26,VAPV (Rad 0%),VAPV (Rad 0%) - Near-normal (2000)
Grass-Clover,weatherRad0Center,2000,1,27,3.40033,0,4.082427,Near-normal,-0.35067228093625247,named in manuscript,2000-01-27,27,VAPV (Rad 0%),VAPV (Rad 0%) - Near-normal (2000)
Grass-Clover,weatherRad0Center,2000,1,28,3.397631,0,4.072894,Near-normal,-0.35067228093625247,named in manuscript,2000-01-28,28,VAPV (Rad 0%),VAPV (Rad 0%) - Near-normal (2000)
Grass-Clover,weatherRad0Center,2000,1,29,3.394228,0,4.062886000000001,Near-normal,-0.35067228093625247,named in manuscript,2000-01-29,29,VAPV (Rad 0%),VAPV (Rad 0%) - Near-normal (2000)
Grass-Clover,weatherRad0Center,2000,1,30,3.388808,0,4.051849,Near-normal,-0.35067228093625247,named in manuscript,2000-01-30,30,VAPV (Rad 0%),VAPV (Rad 0%) - Near-normal (2000)
Grass-Clover,weatherRad0Center,2000,1,31,3.387226,0,4.036836,Near-normal,-0.35067228093625247,named in manuscript,2000-01-31,31,VAPV (Rad 0%),VAPV (Rad 0%) - Near-normal (2000)
Grass-Clover,weatherRad0Center,2000,2,1,3.386705,0,4.0288319999999995,Near-normal,-0.35067228093625247,named in manuscript,2000-02-01,32,VAPV (Rad 0%),VAPV (Rad 0%) - Near-normal (2000)
Grass-Clover,weatherRad0Center,2000,2,2,3.383269,0,4.02241,Near-normal,-0.35067228093625247,named in manuscript,2000-02-02,33,VAPV (Rad 0%),VAPV (Rad 0%) - Near-normal (2000)
Grass-Clover,weatherRad0Center,2000,2,3,3.380527,0,4.010987999999999,Near-normal,-0.35067228093625247,named in manuscript,2000-02-03,34,VAPV (Rad 0%),VAPV (Rad 0%) - Near-normal (2000)
Grass-Clover,weatherRad0Center,2000,2,4,3.3810853,0,4.001189,Near-normal,-0.35067228093625247,named in manuscript,2000-02-04,35,VAPV (Rad 0%),VAPV (Rad 0%) - Near-normal (2000)
Grass-Clover,weatherRad0Center,2000,2,5,3.3788795,0,3.9967879999999996,Near-normal,-0.35067228093625247,named in manuscript,2000-02-05,36,VAPV (Rad 0%),VAPV (Rad 0%) - Near-normal (2000)
Grass-Clover,weatherRad0Center,2000,2,6,3.3747597,0,3.98699,Near-normal,-0.35067228093625247,named in manuscript,2000-02-06,37,VAPV (Rad 0%),VAPV (Rad 0%) - Near-normal (2000)
Grass-Clover,weatherRad0Center,2000,2,7,3.3700068,0,3.974634,Near-normal,-0.35067228093625247,named in manuscript,2000-02-07,38,VAPV (Rad 0%),VAPV (Rad 0%) - Near-normal (2000)
Grass-Clover,weatherRad0Center,2000,2,8,3.3670261,0,3.9608499999999998,Near-normal,-0.35067228093625247,named in manuscript,2000-02-08,39,VAPV (Rad 0%),VAPV (Rad 0%) - Near-normal (2000)
Grass-Clover,weatherRad0Center,2000,2,9,3.3636459000000003,0,3.9508550000000002,Near-normal,-0.35067228093625247,named in manuscript,2000-02-09,40,VAPV (Rad 0%),VAPV (Rad 0%) - Near-normal (2000)
Grass-Clover,weatherRad0Center,2000,2,10,3.3605153000000003,0,3.9401390000000003,Near-normal,-0.35067228093625247,named in manuscript,2000-02-10,41,VAPV (Rad 0%),VAPV (Rad 0%) - Near-normal (2000)
Grass-Clover,weatherRad0Center,2000,2,11,3.3575933,0,3.930015,Near-normal,-0.35067228093625247,named in manuscript,2000-02-11,42,VAPV (Rad 0%),VAPV (Rad 0%) - Near-normal (2000)
Grass-Clover,weatherRad0Center,2000,2,12,3.353658,0,3.91995,Near-normal,-0.35067228093625247,named in manuscript,2000-02-12,43,VAPV (Rad 0%),VAPV (Rad 0%) - Near-normal (2000)
Grass-Clover,weatherRad0Center,2000,2,13,3.3496721,0,3.908471,Near-normal,-0.35067228093625247,named in manuscript,2000-02-13,44,VAPV (Rad 0%),VAPV (Rad 0%) - Near-normal (2000)
Grass-Clover,weatherRad0Center,2000,2,14,3.3488139,0,3.896772,Near-normal,-0.35067228093625247,named in manuscript,2000-02-14,45,VAPV (Rad 0%),VAPV (Rad 0%) - Near-normal (2000)
Grass-Clover,weatherRad0Center,2000,2,15,3.3517633,0,3.890362,Near-normal,-0.35067228093625247,named in manuscript,2000-02-15,46,VAPV (Rad 0%),VAPV (Rad 0%) - Near-normal (2000)
Grass-Clover,weatherRad0Center,2000,2,16,3.3560779,0,3.889714,Near-normal,-0.35067228093625247,named in manuscript,2000-02-16,47,VAPV (Rad 0%),VAPV (Rad 0%) - Near-normal (2000)
Grass-Clover,weatherRad0Center,2000,2,17,3.3584414,0,3.891196,Near-normal,-0.35067228093625247,named in manuscript,2000-02-17,48,VAPV (Rad 0%),VAPV (Rad 0%) - Near-normal (2000)
Grass-Clover,weatherRad0Center,2000,2,18,3.3615837,0,3.889414,Near-normal,-0.35067228093625247,named in manuscript,2000-02-18,49,VAPV (Rad 0%),VAPV (Rad 0%) - Near-normal (2000)
Grass-Clover,weatherRad0Center,2000,2,19,3.3638928999999997,0,3.888863,Near-normal,-0.35067228093625247,named in manuscript,2000-02-19,50,VAPV (Rad 0%),VAPV (Rad 0%) - Near-normal (2000)
Grass-Clover,weatherRad0Center,2000,2,20,3.3653174999999997,0,3.886731,Near-normal,-0.35067228093625247,named in manuscript,2000-02-20,51,VAPV (Rad 0%),VAPV (Rad 0%) - Near-normal (2000)
Grass-Clover,weatherRad0Center,2000,2,21,3.3687264,0,3.883431,Near-normal,-0.35067228093625247,named in manuscript,2000-02-21,52,VAPV (Rad 0%),VAPV (Rad 0%) - Near-normal (2000)
Grass-Clover,weatherRad0Center,2000,2,22,3.3748133,0,3.883255,Near-normal,-0.35067228093625247,named in manuscript,2000-02-22,53,VAPV (Rad 0%),VAPV (Rad 0%) - Near-normal (2000)
Grass-Clover,weatherRad0Center,2000,2,23,3.3790614999999997,0,3.887083,Near-normal,-0.35067228093625247,named in manuscript,2000-02-23,54,VAPV (Rad 0%),VAPV (Rad 0%) - Near-normal (2000)
Grass-Clover,weatherRad0Center,2000,2,24,3.3816296,0,3.887841,Near-normal,-0.35067228093625247,named in manuscript,2000-02-24,55,VAPV (Rad 0%),VAPV (Rad 0%) - Near-normal (2000)
Grass-Clover,weatherRad0Center,2000,2,25,3.3842090999999996,0,3.886327,Near-normal,-0.35067228093625247,named in manuscript,2000-02-25,56,VAPV (Rad 0%),VAPV (Rad 0%) - Near-normal (2000)
Grass-Clover,weatherRad0Center,2000,2,26,3.3888778999999998,0,3.885173,Near-normal,-0.35067228093625247,named in manuscript,2000-02-26,57,VAPV (Rad 0%),VAPV (Rad 0%) - Near-normal (2000)
Grass-Clover,weatherRad0Center,2000,2,27,3.3934964,0,3.8877040000000003,Near-normal,-0.35067228093625247,named in manuscript,2000-02-27,58,VAPV (Rad 0%),VAPV (Rad 0%) - Near-normal (2000)
Grass-Clover,weatherRad0Center,2000,2,28,3.3966182999999996,0,3.890177,Near-normal,-0.35067228093625247,named in manuscript,2000-02-28,59,VAPV (Rad 0%),VAPV (Rad 0%) - Near-normal (2000)
Grass-Clover,weatherRad0Center,2000,2,29,3.3976613999999996,0,3.890399,Near-normal,-0.35067228093625247,named in manuscript,2000-02-29,60,VAPV (Rad 0%),VAPV (Rad 0%) - Near-normal (2000)
Grass-Clover,weatherRad0Center,2000,3,1,3.3942857,0,3.887435,Near-normal,-0.35067228093625247,named in manuscript,2000-03-01,61,VAPV (Rad 0%),VAPV (Rad 0%) - Near-normal (2000)
Grass-Clover,weatherRad0Center,2000,3,2,3.3941842,0,3.876597,Near-normal,-0.35067228093625247,named in manuscript,2000-03-02,62,VAPV (Rad 0%),VAPV (Rad 0%) - Near-normal (2000)
Grass-Clover,weatherRad0Center,2000,3,3,3.3983567999999997,0,3.871896,Near-normal,-0.35067228093625247,named in manuscript,2000-03-03,63,VAPV (Rad 0%),VAPV (Rad 0%) - Near-normal (2000)
Grass-Clover,weatherRad0Center,2000,3,4,3.4048022,0,3.8737649999999997,Near-normal,-0.35067228093625247,named in manuscript,2000-03-04,64,VAPV (Rad 0%),VAPV (Rad 0%) - Near-normal (2000)
Grass-Clover,weatherRad0Center,2000,3,5,3.4129749,0,3.879238,Near-normal,-0.35067228093625247,named in manuscript,2000-03-05,65,VAPV (Rad 0%),VAPV (Rad 0%) - Near-normal (2000)
Grass-Clover,weatherRad0Center,2000,3,6,3.4208782999999996,0,3.886907,Near-normal,-0.35067228093625247,named in manuscript,2000-03-06,66,VAPV (Rad 0%),VAPV (Rad 0%) - Near-normal (2000)
Grass-Clover,weatherRad0Center,2000,3,7,3.4242511,0,3.8937570000000004,Near-normal,-0.35067228093625247,named in manuscript,2000-03-07,67,VAPV (Rad 0%),VAPV (Rad 0%) - Near-normal (2000)
Grass-Clover,weatherRad0Center,2000,3,8,3.4248694,0,3.893682,Near-normal,-0.35067228093625247,named in manuscript,2000-03-08,68,VAPV (Rad 0%),VAPV (Rad 0%) - Near-normal (2000)
Grass-Clover,weatherRad0Center,2000,3,9,3.4260431999999996,0,3.8899209999999997,Near-normal,-0.35067228093625247,named in manuscript,2000-03-09,69,VAPV (Rad 0%),VAPV (Rad 0%) - Near-normal (2000)
Grass-Clover,weatherRad0Center,2000,3,10,3.4289737,0,3.887532,Near-normal,-0.35067228093625247,named in manuscript,2000-03-10,70,VAPV (Rad 0%),VAPV (Rad 0%) - Near-normal (2000)
Grass-Clover,weatherRad0Center,2000,3,11,3.4339325,0,3.8874530000000003,Near-normal,-0.35067228093625247,named in manuscript,2000-03-11,71,VAPV (Rad 0%),VAPV (Rad 0%) - Near-normal (2000)
Grass-Clover,weatherRad0Center,2000,3,12,3.4377148,0,3.89075,Near-normal,-0.35067228093625247,named in manuscript,2000-03-12,72,VAPV (Rad 0%),VAPV (Rad 0%) - Near-normal (2000)
Grass-Clover,weatherRad0Center,2000,3,13,3.440122,0,3.891346,Near-normal,-0.35067228093625247,named in manuscript,2000-03-13,73,VAPV (Rad 0%),VAPV (Rad 0%) - Near-normal (2000)
Grass-Clover,weatherRad0Center,2000,3,14,3.4425083,0,3.8902579999999998,Near-normal,-0.35067228093625247,named in manuscript,2000-03-14,74,VAPV (Rad 0%),VAPV (Rad 0%) - Near-normal (2000)
Grass-Clover,weatherRad0Center,2000,3,15,3.4460753,0,3.889342,Near-normal,-0.35067228093625247,named in manuscript,2000-03-15,75,VAPV (Rad 0%),VAPV (Rad 0%) - Near-normal (2000)
Grass-Clover,weatherRad0Center,2000,3,16,3.452545,0,3.890609,Near-normal,-0.35067228093625247,named in manuscript,2000-03-16,76,VAPV (Rad 0%),VAPV (Rad 0%) - Near-normal (2000)
Grass-Clover,weatherRad0Center,2000,3,17,3.4601383,0,3.896404,Near-normal,-0.35067228093625247,named in manuscript,2000-03-17,77,VAPV (Rad 0%),VAPV (Rad 0%) - Near-normal (2000)
Grass-Clover,weatherRad0Center,2000,3,18,3.4665345,0,3.903408,Near-normal,-0.35067228093625247,named in manuscript,2000-03-18,78,VAPV (Rad 0%),VAPV (Rad 0%) - Near-normal (2000)
Grass-Clover,weatherRad0Center,2000,3,19,3.4707122,0,3.908741,Near-normal,-0.35067228093625247,named in manuscript,2000-03-19,79,VAPV (Rad 0%),VAPV (Rad 0%) - Near-normal (2000)
Grass-Clover,weatherRad0Center,2000,3,20,3.4770518000000004,0,3.910477,Near-normal,-0.35067228093625247,named in manuscript,2000-03-20,80,VAPV (Rad 0%),VAPV (Rad 0%) - Near-normal (2000)
Grass-Clover,weatherRad0Center,2000,3,21,3.4858892,0,3.916302,Near-normal,-0.35067228093625247,named in manuscript,2000-03-21,81,VAPV (Rad 0%),VAPV (Rad 0%) - Near-normal (2000)
Grass-Clover,weatherRad0Center,2000,3,22,3.5045513,0,3.9263790000000003,Near-normal,-0.35067228093625247,named in manuscript,2000-03-22,82,VAPV (Rad 0%),VAPV (Rad 0%) - Near-normal (2000)
Grass-Clover,weatherRad0Center,2000,3,23,3.5194551,0,3.952918,Near-normal,-0.35067228093625247,named in manuscript,2000-03-23,83,VAPV (Rad 0%),VAPV (Rad 0%) - Near-normal (2000)
Grass-Clover,weatherRad0Center,2000,3,24,3.5318787,0,3.9714940000000003,Near-normal,-0.35067228093625247,named in manuscript,2000-03-24,84,VAPV (Rad 0%),VAPV (Rad 0%) - Near-normal (2000)
Grass-Clover,weatherRad0Center,2000,3,25,3.5436724,0,3.985815,Near-normal,-0.35067228093625247,named in manuscript,2000-03-25,85,VAPV (Rad 0%),VAPV (Rad 0%) - Near-normal (2000)
Grass-Clover,weatherRad0Center,2000,3,26,3.5508026000000004,0,4.000481,Near-normal,-0.35067228093625247,named in manuscript,2000-03-26,86,VAPV (Rad 0%),VAPV (Rad 0%) - Near-normal (2000)
Grass-Clover,weatherRad0Center,2000,3,27,3.5540684,0,4.006293,Near-normal,-0.35067228093625247,named in manuscript,2000-03-27,87,VAPV (Rad 0%),VAPV (Rad 0%) - Near-normal (2000)
Grass-Clover,weatherRad0Center,2000,3,28,3.5545367,0,4.006337,Near-normal,-0.35067228093625247,named in manuscript,2000-03-28,88,VAPV (Rad 0%),VAPV (Rad 0%) - Near-normal (2000)
Grass-Clover,weatherRad0Center,2000,3,29,3.5561134,0,4.002003,Near-normal,-0.35067228093625247,named in manuscript,2000-03-29,89,VAPV (Rad 0%),VAPV (Rad 0%) - Near-normal (2000)
Grass-Clover,weatherRad0Center,2000,3,30,3.563649,0,3.999564,Near-normal,-0.35067228093625247,named in manuscript,2000-03-30,90,VAPV (Rad 0%),VAPV (Rad 0%) - Near-normal (2000)
Grass-Clover,weatherRad0Center,2000,3,31,3.5749581999999998,0,4.005552,Near-normal,-0.35067228093625247,named in manuscript,2000-03-31,91,VAPV (Rad 0%),VAPV (Rad 0%) - Near-normal (2000)
Grass-Clover,weatherRad0Center,2000,4,1,3.5884111,0,4.019502,Near-normal,-0.35067228093625247,named in manuscript,2000-04-01,92,VAPV (Rad 0%),VAPV (Rad 0%) - Near-normal (2000)
Grass-Clover,weatherRad0Center,2000,4,2,3.5973615,0,4.035198,Near-normal,-0.35067228093625247,named in manuscript,2000-04-02,93,VAPV (Rad 0%),VAPV (Rad 0%) - Near-normal (2000)
Grass-Clover,weatherRad0Center,2000,4,3,3.6058304999999997,0,4.045128,Near-normal,-0.35067228093625247,named in manuscript,2000-04-03,94,VAPV (Rad 0%),VAPV (Rad 0%) - Near-normal (2000)
Grass-Clover,weatherRad0Center,2000,4,4,3.6285288,0,4.05442,Near-normal,-0.35067228093625247,named in manuscript,2000-04-04,95,VAPV (Rad 0%),VAPV (Rad 0%) - Near-normal (2000)
Grass-Clover,weatherRad0Center,2000,4,5,3.6447419,0,4.08691,Near-normal,-0.35067228093625247,named in manuscript,2000-04-05,96,VAPV (Rad 0%),VAPV (Rad 0%) - Near-normal (2000)
Grass-Clover,weatherRad0Center,2000,4,6,3.6551018,0,4.106353,Near-normal,-0.35067228093625247,named in manuscript,2000-04-06,97,VAPV (Rad 0%),VAPV (Rad 0%) - Near-normal (2000)
Grass-Clover,weatherRad0Center,2000,4,7,3.6684212,0,4.117514,Near-normal,-0.35067228093625247,named in manuscript,2000-04-07,98,VAPV (Rad 0%),VAPV (Rad 0%) - Near-normal (2000)
Grass-Clover,weatherRad0Center,2000,4,8,3.6938236,0,4.133561,Near-normal,-0.35067228093625247,named in manuscript,2000-04-08,99,VAPV (Rad 0%),VAPV (Rad 0%) - Near-normal (2000)
Grass-Clover,weatherRad0Center,2000,4,9,3.7170449,0,4.170125,Near-normal,-0.35067228093625247,named in manuscript,2000-04-09,100,VAPV (Rad 0%),VAPV (Rad 0%) - Near-normal (2000)
Grass-Clover,weatherRad0Center,2000,4,10,3.7337955000000003,0,4.2000910000000005,Near-normal,-0.35067228093625247,named in manuscript,2000-04-10,101,VAPV (Rad 0%),VAPV (Rad 0%) - Near-normal (2000)
Grass-Clover,weatherRad0Center,2000,4,11,3.7503179999999996,0,4.2229589999999995,Near-normal,-0.35067228093625247,named in manuscript,2000-04-11,102,VAPV (Rad 0%),VAPV (Rad 0%) - Near-normal (2000)
Grass-Clover,weatherRad0Center,2000,4,12,3.7614894999999997,0,4.243465,Near-normal,-0.35067228093625247,named in manuscript,2000-04-12,103,VAPV (Rad 0%),VAPV (Rad 0%) - Near-normal (2000)
Grass-Clover,weatherRad0Center,2000,4,13,3.7712512000000005,0,4.257158,Near-normal,-0.35067228093625247,named in manuscript,2000-04-13,104,VAPV (Rad 0%),VAPV (Rad 0%) - Near-normal (2000)
Grass-Clover,weatherRad0Center,2000,4,14,3.7773480999999998,0,4.267002,Near-normal,-0.35067228093625247,named in manuscript,2000-04-14,105,VAPV (Rad 0%),VAPV (Rad 0%) - Near-normal (2000)
Grass-Clover,weatherRad0Center,2000,4,15,3.7839688000000002,0,4.27195,Near-normal,-0.35067228093625247,named in manuscript,2000-04-15,106,VAPV (Rad 0%),VAPV (Rad 0%) - Near-normal (2000)
Grass-Clover,weatherRad0Center,2000,4,16,3.7923663000000003,0,4.27731,Near-normal,-0.35067228093625247,named in manuscript,2000-04-16,107,VAPV (Rad 0%),VAPV (Rad 0%) - Near-normal (2000)
Grass-Clover,weatherRad0Center,2000,4,17,3.8028001,0,4.286005,Near-normal,-0.35067228093625247,named in manuscript,2000-04-17,108,VAPV (Rad 0%),VAPV (Rad 0%) - Near-normal (2000)
Grass-Clover,weatherRad0Center,2000,4,18,3.8133011,0,4.296944,Near-normal,-0.35067228093625247,named in manuscript,2000-04-18,109,VAPV (Rad 0%),VAPV (Rad 0%) - Near-normal (2000)
Grass-Clover,weatherRad0Center,2000,4,19,3.8510082999999997,0,4.308337,Near-normal,-0.35067228093625247,named in manuscript,2000-04-19,110,VAPV (Rad 0%),VAPV (Rad 0%) - Near-normal (2000)
Grass-Clover,weatherRad0Center,2000,4,20,3.8862265999999996,0,4.360911000000001,Near-normal,-0.35067228093625247,named in manuscript,2000-04-20,111,VAPV (Rad 0%),VAPV (Rad 0%) - Near-normal (2000)
Grass-Clover,weatherRad0Center,2000,4,21,3.9612151,0,4.410203999999999,Near-normal,-0.35067228093625247,named in manuscript,2000-04-21,112,VAPV (Rad 0%),VAPV (Rad 0%) - Near-normal (2000)
Grass-Clover,weatherRad0Center,2000,4,22,4.0676725000000005,0,4.520983,Near-normal,-0.35067228093625247,named in manuscript,2000-04-22,113,VAPV (Rad 0%),VAPV (Rad 0%) - Near-normal (2000)
Grass-Clover,weatherRad0Center,2000,4,23,4.1784148,0,4.671537,Near-normal,-0.35067228093625247,named in manuscript,2000-04-23,114,VAPV (Rad 0%),VAPV (Rad 0%) - Near-normal (2000)
Grass-Clover,weatherRad0Center,2000,4,24,4.2418685,0,4.807924,Near-normal,-0.35067228093625247,named in manuscript,2000-04-24,115,VAPV (Rad 0%),VAPV (Rad 0%) - Near-normal (2000)
Grass-Clover,weatherRad0Center,2000,4,25,4.2655665,0,4.862234,Near-normal,-0.35067228093625247,named in manuscript,2000-04-25,116,VAPV (Rad 0%),VAPV (Rad 0%) - Near-normal (2000)
Grass-Clover,weatherRad0Center,2000,4,26,4.2823642,0,4.851834,Near-normal,-0.35067228093625247,named in manuscript,2000-04-26,117,VAPV (Rad 0%),VAPV (Rad 0%) - Near-normal (2000)
Grass-Clover,weatherRad0Center,2000,4,27,4.3483824,0,4.837727,Near-normal,-0.35067228093625247,named in manuscript,2000-04-27,118,VAPV (Rad 0%),VAPV (Rad 0%) - Near-normal (2000)
Grass-Clover,weatherRad0Center,2000,4,28,4.4420660000000005,0,4.891077999999999,Near-normal,-0.35067228093625247,named in manuscript,2000-04-28,119,VAPV (Rad 0%),VAPV (Rad 0%) - Near-normal (2000)
Grass-Clover,weatherRad0Center,2000,4,29,4.590842299999999,0,4.9835650000000005,Near-normal,-0.35067228093625247,named in manuscript,2000-04-29,120,VAPV (Rad 0%),VAPV (Rad 0%) - Near-normal (2000)
Grass-Clover,weatherRad0Center,2000,4,30,4.7668143,0,5.13166,Near-normal,-0.35067228093625247,named in manuscript,2000-04-30,121,VAPV (Rad 0%),VAPV (Rad 0%) - Near-normal (2000)
Grass-Clover,weatherRad0Center,2000,5,1,4.953598899999999,0,5.286565,Near-normal,-0.35067228093625247,named in manuscript,2000-05-01,122,VAPV (Rad 0%),VAPV (Rad 0%) - Near-normal (2000)
Grass-Clover,weatherRad0Center,2000,5,2,5.0930611,0,5.4226529999999995,Near-normal,-0.35067228093625247,named in manuscript,2000-05-02,123,VAPV (Rad 0%),VAPV (Rad 0%) - Near-normal (2000)
Grass-Clover,weatherRad0Center,2000,5,3,5.219887,0,5.46484,Near-normal,-0.35067228093625247,named in manuscript,2000-05-03,124,VAPV (Rad 0%),VAPV (Rad 0%) - Near-normal (2000)
Grass-Clover,weatherRad0Center,2000,5,4,5.331785,0,5.486337,Near-normal,-0.35067228093625247,named in manuscript,2000-05-04,125,VAPV (Rad 0%),VAPV (Rad 0%) - Near-normal (2000)
Grass-Clover,weatherRad0Center,2000,5,5,5.4321410000000006,0,5.472511,Near-normal,-0.35067228093625247,named in manuscript,2000-05-05,126,VAPV (Rad 0%),VAPV (Rad 0%) - Near-normal (2000)
Grass-Clover,weatherRad0Center,2000,5,6,5.549325,0,5.467726,Near-normal,-0.35067228093625247,named in manuscript,2000-05-06,127,VAPV (Rad 0%),VAPV (Rad 0%) - Near-normal (2000)
Grass-Clover,weatherRad0Center,2000,5,7,5.6874009999999995,0,5.47707,Near-normal,-0.35067228093625247,named in manuscript,2000-05-07,128,VAPV (Rad 0%),VAPV (Rad 0%) - Near-normal (2000)
Grass-Clover,weatherRad0Center,2000,5,8,1.8700077,0,1.253031,Near-normal,-0.35067228093625247,named in manuscript,2000-05-08,129,VAPV (Rad 0%),VAPV (Rad 0%) - Near-normal (2000)
Grass-Clover,weatherRad0Center,2000,5,9,1.9745782,0,1.475373,Near-normal,-0.35067228093625247,named in manuscript,2000-05-09,130,VAPV (Rad 0%),VAPV (Rad 0%) - Near-normal (2000)
Grass-Clover,weatherRad0Center,2000,5,10,2.0913501,0,1.656868,Near-normal,-0.35067228093625247,named in manuscript,2000-05-10,131,VAPV (Rad 0%),VAPV (Rad 0%) - Near-normal (2000)
Grass-Clover,weatherRad0Center,2000,5,11,2.2479415,0,1.8673359999999999,Near-normal,-0.35067228093625247,named in manuscript,2000-05-11,132,VAPV (Rad 0%),VAPV (Rad 0%) - Near-normal (2000)
Grass-Clover,weatherRad0Center,2000,5,12,2.4286850999999996,0,2.146342,Near-normal,-0.35067228093625247,named in manuscript,2000-05-12,133,VAPV (Rad 0%),VAPV (Rad 0%) - Near-normal (2000)
Grass-Clover,weatherRad0Center,2000,5,13,2.6040873999999996,0,2.4650920000000003,Near-normal,-0.35067228093625247,named in manuscript,2000-05-13,134,VAPV (Rad 0%),VAPV (Rad 0%) - Near-normal (2000)
Grass-Clover,weatherRad0Center,2000,5,14,2.810599,0,2.77195,Near-normal,-0.35067228093625247,named in manuscript,2000-05-14,135,VAPV (Rad 0%),VAPV (Rad 0%) - Near-normal (2000)
Grass-Clover,weatherRad0Center,2000,5,15,3.06543,0,3.139795,Near-normal,-0.35067228093625247,named in manuscript,2000-05-15,136,VAPV (Rad 0%),VAPV (Rad 0%) - Near-normal (2000)
Grass-Clover,weatherRad0Center,2000,5,16,3.364684,0,3.591338,Near-normal,-0.35067228093625247,named in manuscript,2000-05-16,137,VAPV (Rad 0%),VAPV (Rad 0%) - Near-normal (2000)
Grass-Clover,weatherRad0Center,2000,5,17,3.687455,0,4.110277,Near-normal,-0.35067228093625247,named in manuscript,2000-05-17,138,VAPV (Rad 0%),VAPV (Rad 0%) - Near-normal (2000)
Grass-Clover,weatherRad0Center,2000,5,18,3.910074,0,4.6654670000000005,Near-normal,-0.35067228093625247,named in manuscript,2000-05-18,139,VAPV (Rad 0%),VAPV (Rad 0%) - Near-normal (2000)
Grass-Clover,weatherRad0Center,2000,5,19,4.039926,0,5.021664,Near-normal,-0.35067228093625247,named in manuscript,2000-05-19,140,VAPV (Rad 0%),VAPV (Rad 0%) - Near-normal (2000)
Grass-Clover,weatherRad0Center,2000,5,20,4.1489970000000005,0,5.229571,Near-normal,-0.35067228093625247,named in manuscript,2000-05-20,141,VAPV (Rad 0%),VAPV (Rad 0%) - Near-normal (2000)
Grass-Clover,weatherRad0Center,2000,5,21,4.240732,0,5.369944,Near-normal,-0.35067228093625247,named in manuscript,2000-05-21,142,VAPV (Rad 0%),VAPV (Rad 0%) - Near-normal (2000)
Grass-Clover,weatherRad0Center,2000,5,22,4.316351,0,5.464342,Near-normal,-0.35067228093625247,named in manuscript,2000-05-22,143,VAPV (Rad 0%),VAPV (Rad 0%) - Near-normal (2000)
Grass-Clover,weatherRad0Center,2000,5,23,4.387931,0,5.525244,Near-normal,-0.35067228093625247,named in manuscript,2000-05-23,144,VAPV (Rad 0%),VAPV (Rad 0%) - Near-normal (2000)
Grass-Clover,weatherRad0Center,2000,5,24,4.482757,0,5.575031,Near-normal,-0.35067228093625247,named in manuscript,2000-05-24,145,VAPV (Rad 0%),VAPV (Rad 0%) - Near-normal (2000)
Grass-Clover,weatherRad0Center,2000,5,25,4.569274,0,5.659587,Near-normal,-0.35067228093625247,named in manuscript,2000-05-25,146,VAPV (Rad 0%),VAPV (Rad 0%) - Near-normal (2000)
Grass-Clover,weatherRad0Center,2000,5,26,4.607908,0,5.717177,Near-normal,-0.35067228093625247,named in manuscript,2000-05-26,147,VAPV (Rad 0%),VAPV (Rad 0%) - Near-normal (2000)
Grass-Clover,weatherRad0Center,2000,5,27,4.674348999999999,0,5.6839059999999995,Near-normal,-0.35067228093625247,named in manuscript,2000-05-27,148,VAPV (Rad 0%),VAPV (Rad 0%) - Near-normal (2000)
Grass-Clover,weatherRad0Center,2000,5,28,4.747233,0,5.716599,Near-normal,-0.35067228093625247,named in manuscript,2000-05-28,149,VAPV (Rad 0%),VAPV (Rad 0%) - Near-normal (2000)
Grass-Clover,weatherRad0Center,2000,5,29,4.817601,0,5.748421,Near-normal,-0.35067228093625247,named in manuscript,2000-05-29,150,VAPV (Rad 0%),VAPV (Rad 0%) - Near-normal (2000)
Grass-Clover,weatherRad0Center,2000,5,30,4.865418,0,5.773557,Near-normal,-0.35067228093625247,named in manuscript,2000-05-30,151,VAPV (Rad 0%),VAPV (Rad 0%) - Near-normal (2000)
Grass-Clover,weatherRad0Center,2000,5,31,4.9173670000000005,0,5.758561,Near-normal,-0.35067228093625247,named in manuscript,2000-05-31,152,VAPV (Rad 0%),VAPV (Rad 0%) - Near-normal (2000)
Grass-Clover,weatherRad0Center,2000,6,1,4.997371,0,5.7614790000000005,Near-normal,-0.35067228093625247,named in manuscript,2000-06-01,153,VAPV (Rad 0%),VAPV (Rad 0%) - Near-normal (2000)
Grass-Clover,weatherRad0Center,2000,6,2,5.091888,0,5.815099,Near-normal,-0.35067228093625247,named in manuscript,2000-06-02,154,VAPV (Rad 0%),VAPV (Rad 0%) - Near-normal (2000)
Grass-Clover,weatherRad0Center,2000,6,3,5.158716,0,5.880921,Near-normal,-0.35067228093625247,named in manuscript,2000-06-03,155,VAPV (Rad 0%),VAPV (Rad 0%) - Near-normal (2000)
Grass-Clover,weatherRad0Center,2000,6,4,5.25265,0,5.890929,Near-normal,-0.35067228093625247,named in manuscript,2000-06-04,156,VAPV (Rad 0%),VAPV (Rad 0%) - Near-normal (2000)
Grass-Clover,weatherRad0Center,2000,6,5,5.30145,0,5.940189999999999,Near-normal,-0.35067228093625247,named in manuscript,2000-06-05,157,VAPV (Rad 0%),VAPV (Rad 0%) - Near-normal (2000)
Grass-Clover,weatherRad0Center,2000,6,6,5.368998,0,5.924900000000001,Near-normal,-0.35067228093625247,named in manuscript,2000-06-06,158,VAPV (Rad 0%),VAPV (Rad 0%) - Near-normal (2000)
Grass-Clover,weatherRad0Center,2000,6,7,5.413007,0,5.9404,Near-normal,-0.35067228093625247,named in manuscript,2000-06-07,159,VAPV (Rad 0%),VAPV (Rad 0%) - Near-normal (2000)
Grass-Clover,weatherRad0Center,2000,6,8,5.455088999999999,0,5.90896,Near-normal,-0.35067228093625247,named in manuscript,2000-06-08,160,VAPV (Rad 0%),VAPV (Rad 0%) - Near-normal (2000)
Grass-Clover,weatherRad0Center,2000,6,9,5.574136,0,5.87899,Near-normal,-0.35067228093625247,named in manuscript,2000-06-09,161,VAPV (Rad 0%),VAPV (Rad 0%) - Near-normal (2000)
Grass-Clover,weatherRad0Center,2000,6,10,5.757515,0,5.9786,Near-normal,-0.35067228093625247,named in manuscript,2000-06-10,162,VAPV (Rad 0%),VAPV (Rad 0%) - Near-normal (2000)
Grass-Clover,weatherRad0Center,2000,6,11,5.91606,0,6.17182,Near-normal,-0.35067228093625247,named in manuscript,2000-06-11,163,VAPV (Rad 0%),VAPV (Rad 0%) - Near-normal (2000)
Grass-Clover,weatherRad0Center,2000,6,12,6.062589000000001,0,6.27253,Near-normal,-0.35067228093625247,named in manuscript,2000-06-12,164,VAPV (Rad 0%),VAPV (Rad 0%) - Near-normal (2000)
Grass-Clover,weatherRad0Center,2000,6,13,6.207330999999999,0,6.34462,Near-normal,-0.35067228093625247,named in manuscript,2000-06-13,165,VAPV (Rad 0%),VAPV (Rad 0%) - Near-normal (2000)
Grass-Clover,weatherRad0Center,2000,6,14,6.297200999999999,0,6.39578,Near-normal,-0.35067228093625247,named in manuscript,2000-06-14,166,VAPV (Rad 0%),VAPV (Rad 0%) - Near-normal (2000)
Grass-Clover,weatherRad0Center,2000,6,15,6.400389,0,6.35589,Near-normal,-0.35067228093625247,named in manuscript,2000-06-15,167,VAPV (Rad 0%),VAPV (Rad 0%) - Near-normal (2000)
Grass-Clover,weatherRad0Center,2000,6,16,6.502813000000001,0,6.34733,Near-normal,-0.35067228093625247,named in manuscript,2000-06-16,168,VAPV (Rad 0%),VAPV (Rad 0%) - Near-normal (2000)
Grass-Clover,weatherRad0Center,2000,6,17,6.595519,0,6.3362799999999995,Near-normal,-0.35067228093625247,named in manuscript,2000-06-17,169,VAPV (Rad 0%),VAPV (Rad 0%) - Near-normal (2000)
Grass-Clover,weatherRad0Center,2000,6,18,6.728201,0,6.31707,Near-normal,-0.35067228093625247,named in manuscript,2000-06-18,170,VAPV (Rad 0%),VAPV (Rad 0%) - Near-normal (2000)
Grass-Clover,weatherRad0Center,2000,6,19,2.529288,0,2.0635380000000003,Near-normal,-0.35067228093625247,named in manuscript,2000-06-19,171,VAPV (Rad 0%),VAPV (Rad 0%) - Near-normal (2000)
Grass-Clover,weatherRad0Center,2000,6,20,2.659718,0,2.28735,Near-normal,-0.35067228093625247,named in manuscript,2000-06-20,172,VAPV (Rad 0%),VAPV (Rad 0%) - Near-normal (2000)
Grass-Clover,weatherRad0Center,2000,6,21,2.836798,0,2.54122,Near-normal,-0.35067228093625247,named in manuscript,2000-06-21,173,VAPV (Rad 0%),VAPV (Rad 0%) - Near-normal (2000)
Grass-Clover,weatherRad0Center,2000,6,22,3.052162,0,2.89588,Near-normal,-0.35067228093625247,named in manuscript,2000-06-22,174,VAPV (Rad 0%),VAPV (Rad 0%) - Near-normal (2000)
Grass-Clover,weatherRad0Center,2000,6,23,3.267465,0,3.31136,Near-normal,-0.35067228093625247,named in manuscript,2000-06-23,175,VAPV (Rad 0%),VAPV (Rad 0%) - Near-normal (2000)
Grass-Clover,weatherRad0Center,2000,6,24,3.488608,0,3.72463,Near-normal,-0.35067228093625247,named in manuscript,2000-06-24,176,VAPV (Rad 0%),VAPV (Rad 0%) - Near-normal (2000)
Grass-Clover,weatherRad0Center,2000,6,25,3.712809,0,4.13776,Near-normal,-0.35067228093625247,named in manuscript,2000-06-25,177,VAPV (Rad 0%),VAPV (Rad 0%) - Near-normal (2000)
Grass-Clover,weatherRad0Center,2000,6,26,3.9302099999999998,0,4.5613,Near-normal,-0.35067228093625247,named in manuscript,2000-06-26,178,VAPV (Rad 0%),VAPV (Rad 0%) - Near-normal (2000)
Grass-Clover,weatherRad0Center,2000,6,27,4.112792,0,4.96843,Near-normal,-0.35067228093625247,named in manuscript,2000-06-27,179,VAPV (Rad 0%),VAPV (Rad 0%) - Near-normal (2000)
Grass-Clover,weatherRad0Center,2000,6,28,4.292661,0,5.306010000000001,Near-normal,-0.35067228093625247,named in manuscript,2000-06-28,180,VAPV (Rad 0%),VAPV (Rad 0%) - Near-normal (2000)
Grass-Clover,weatherRad0Center,2000,6,29,4.481217,0,5.6493400000000005,Near-normal,-0.35067228093625247,named in manuscript,2000-06-29,181,VAPV (Rad 0%),VAPV (Rad 0%) - Near-normal (2000)
Grass-Clover,weatherRad0Center,2000,6,30,4.696905,0,5.993270000000001,Near-normal,-0.35067228093625247,named in manuscript,2000-06-30,182,VAPV (Rad 0%),VAPV (Rad 0%) - Near-normal (2000)
Grass-Clover,weatherRad0Center,2000,7,1,4.874181,0,6.392949999999999,Near-normal,-0.35067228093625247,named in manuscript,2000-07-01,183,VAPV (Rad 0%),VAPV (Rad 0%) - Near-normal (2000)
Grass-Clover,weatherRad0Center,2000,7,2,5.016158,0,6.71075,Near-normal,-0.35067228093625247,named in manuscript,2000-07-02,184,VAPV (Rad 0%),VAPV (Rad 0%) - Near-normal (2000)
Grass-Clover,weatherRad0Center,2000,7,3,5.156092999999999,0,6.959,Near-normal,-0.35067228093625247,named in manuscript,2000-07-03,185,VAPV (Rad 0%),VAPV (Rad 0%) - Near-normal (2000)
Grass-Clover,weatherRad0Center,2000,7,4,5.370205,0,7.18651,Near-normal,-0.35067228093625247,named in manuscript,2000-07-04,186,VAPV (Rad 0%),VAPV (Rad 0%) - Near-normal (2000)
Grass-Clover,weatherRad0Center,2000,7,5,5.59528,0,7.51878,Near-normal,-0.35067228093625247,named in manuscript,2000-07-05,187,VAPV (Rad 0%),VAPV (Rad 0%) - Near-normal (2000)
Grass-Clover,weatherRad0Center,2000,7,6,5.814113,0,7.86777,Near-normal,-0.35067228093625247,named in manuscript,2000-07-06,188,VAPV (Rad 0%),VAPV (Rad 0%) - Near-normal (2000)
Grass-Clover,weatherRad0Center,2000,7,7,5.949668,0,8.14471,Near-normal,-0.35067228093625247,named in manuscript,2000-07-07,189,VAPV (Rad 0%),VAPV (Rad 0%) - Near-normal (2000)
Grass-Clover,weatherRad0Center,2000,7,8,6.055249,0,8.250530000000001,Near-normal,-0.35067228093625247,named in manuscript,2000-07-08,190,VAPV (Rad 0%),VAPV (Rad 0%) - Near-normal (2000)
Grass-Clover,weatherRad0Center,2000,7,9,6.190202,0,8.30861,Near-normal,-0.35067228093625247,named in manuscript,2000-07-09,191,VAPV (Rad 0%),VAPV (Rad 0%) - Near-normal (2000)
Grass-Clover,weatherRad0Center,2000,7,10,6.325787999999999,0,8.42625,Near-normal,-0.35067228093625247,named in manuscript,2000-07-10,192,VAPV (Rad 0%),VAPV (Rad 0%) - Near-normal (2000)
Grass-Clover,weatherRad0Center,2000,7,11,6.425801,0,8.53264,Near-normal,-0.35067228093625247,named in manuscript,2000-07-11,193,VAPV (Rad 0%),VAPV (Rad 0%) - Near-normal (2000)
Grass-Clover,weatherRad0Center,2000,7,12,6.516314,0,8.567319999999999,Near-normal,-0.35067228093625247,named in manuscript,2000-07-12,194,VAPV (Rad 0%),VAPV (Rad 0%) - Near-normal (2000)
Grass-Clover,weatherRad0Center,2000,7,13,6.621250999999999,0,8.58301,Near-normal,-0.35067228093625247,named in manuscript,2000-07-13,195,VAPV (Rad 0%),VAPV (Rad 0%) - Near-normal (2000)
Grass-Clover,weatherRad0Center,2000,7,14,6.7403509999999995,0,8.62428,Near-normal,-0.35067228093625247,named in manuscript,2000-07-14,196,VAPV (Rad 0%),VAPV (Rad 0%) - Near-normal (2000)
Grass-Clover,weatherRad0Center,2000,7,15,6.870253999999999,0,8.69117,Near-normal,-0.35067228093625247,named in manuscript,2000-07-15,197,VAPV (Rad 0%),VAPV (Rad 0%) - Near-normal (2000)
Grass-Clover,weatherRad0Center,2000,7,16,7.030352,0,8.769300000000001,Near-normal,-0.35067228093625247,named in manuscript,2000-07-16,198,VAPV (Rad 0%),VAPV (Rad 0%) - Near-normal (2000)
Grass-Clover,weatherRad0Center,2000,7,17,7.192901000000001,0,8.89181,Near-normal,-0.35067228093625247,named in manuscript,2000-07-17,199,VAPV (Rad 0%),VAPV (Rad 0%) - Near-normal (2000)
Grass-Clover,weatherRad0Center,2000,7,18,7.298784,0,8.99576,Near-normal,-0.35067228093625247,named in manuscript,2000-07-18,200,VAPV (Rad 0%),VAPV (Rad 0%) - Near-normal (2000)
Grass-Clover,weatherRad0Center,2000,7,19,7.34072,0,8.97911,Near-normal,-0.35067228093625247,named in manuscript,2000-07-19,201,VAPV (Rad 0%),VAPV (Rad 0%) - Near-normal (2000)
Grass-Clover,weatherRad0Center,2000,7,20,7.400218000000001,0,8.88379,Near-normal,-0.35067228093625247,named in manuscript,2000-07-20,202,VAPV (Rad 0%),VAPV (Rad 0%) - Near-normal (2000)
Grass-Clover,weatherRad0Center,2000,7,21,7.532205000000001,0,8.8229,Near-normal,-0.35067228093625247,named in manuscript,2000-07-21,203,VAPV (Rad 0%),VAPV (Rad 0%) - Near-normal (2000)
Grass-Clover,weatherRad0Center,2000,7,22,7.707270000000001,0,8.88193,Near-normal,-0.35067228093625247,named in manuscript,2000-07-22,204,VAPV (Rad 0%),VAPV (Rad 0%) - Near-normal (2000)
Grass-Clover,weatherRad0Center,2000,7,23,7.848631,0,8.97975,Near-normal,-0.35067228093625247,named in manuscript,2000-07-23,205,VAPV (Rad 0%),VAPV (Rad 0%) - Near-normal (2000)
Grass-Clover,weatherRad0Center,2000,7,24,8.00746,0,9.00708,Near-normal,-0.35067228093625247,named in manuscript,2000-07-24,206,VAPV (Rad 0%),VAPV (Rad 0%) - Near-normal (2000)
Grass-Clover,weatherRad0Center,2000,7,25,8.121869,0,9.05113,Near-normal,-0.35067228093625247,named in manuscript,2000-07-25,207,VAPV (Rad 0%),VAPV (Rad 0%) - Near-normal (2000)
Grass-Clover,weatherRad0Center,2000,7,26,2.624377,0,2.5305999999999997,Near-normal,-0.35067228093625247,named in manuscript,2000-07-26,208,VAPV (Rad 0%),VAPV (Rad 0%) - Near-normal (2000)
Grass-Clover,weatherRad0Center,2000,7,27,2.725619,0,2.74223,Near-normal,-0.35067228093625247,named in manuscript,2000-07-27,209,VAPV (Rad 0%),VAPV (Rad 0%) - Near-normal (2000)
Grass-Clover,weatherRad0Center,2000,7,28,2.849462,0,2.94276,Near-normal,-0.35067228093625247,named in manuscript,2000-07-28,210,VAPV (Rad 0%),VAPV (Rad 0%) - Near-normal (2000)
Grass-Clover,weatherRad0Center,2000,7,29,3.007838,0,3.21411,Near-normal,-0.35067228093625247,named in manuscript,2000-07-29,211,VAPV (Rad 0%),VAPV (Rad 0%) - Near-normal (2000)
Grass-Clover,weatherRad0Center,2000,7,30,3.217113,0,3.56013,Near-normal,-0.35067228093625247,named in manuscript,2000-07-30,212,VAPV (Rad 0%),VAPV (Rad 0%) - Near-normal (2000)
Grass-Clover,weatherRad0Center,2000,7,31,3.395325,0,4.0169,Near-normal,-0.35067228093625247,named in manuscript,2000-07-31,213,VAPV (Rad 0%),VAPV (Rad 0%) - Near-normal (2000)
Grass-Clover,weatherRad0Center,2000,8,1,3.533273,0,4.38771,Near-normal,-0.35067228093625247,named in manuscript,2000-08-01,214,VAPV (Rad 0%),VAPV (Rad 0%) - Near-normal (2000)
Grass-Clover,weatherRad0Center,2000,8,2,3.6917910000000003,0,4.68153,Near-normal,-0.35067228093625247,named in manuscript,2000-08-02,215,VAPV (Rad 0%),VAPV (Rad 0%) - Near-normal (2000)
Grass-Clover,weatherRad0Center,2000,8,3,3.858739,0,4.99511,Near-normal,-0.35067228093625247,named in manuscript,2000-08-03,216,VAPV (Rad 0%),VAPV (Rad 0%) - Near-normal (2000)
Grass-Clover,weatherRad0Center,2000,8,4,4.050694,0,5.33162,Near-normal,-0.35067228093625247,named in manuscript,2000-08-04,217,VAPV (Rad 0%),VAPV (Rad 0%) - Near-normal (2000)
Grass-Clover,weatherRad0Center,2000,8,5,4.263596,0,5.71632,Near-normal,-0.35067228093625247,named in manuscript,2000-08-05,218,VAPV (Rad 0%),VAPV (Rad 0%) - Near-normal (2000)
Grass-Clover,weatherRad0Center,2000,8,6,4.448462,0,6.1403,Near-normal,-0.35067228093625247,named in manuscript,2000-08-06,219,VAPV (Rad 0%),VAPV (Rad 0%) - Near-normal (2000)
Grass-Clover,weatherRad0Center,2000,8,7,4.611494,0,6.50714,Near-normal,-0.35067228093625247,named in manuscript,2000-08-07,220,VAPV (Rad 0%),VAPV (Rad 0%) - Near-normal (2000)
Grass-Clover,weatherRad0Center,2000,8,8,4.759981,0,6.80913,Near-normal,-0.35067228093625247,named in manuscript,2000-08-08,221,VAPV (Rad 0%),VAPV (Rad 0%) - Near-normal (2000)
Grass-Clover,weatherRad0Center,2000,8,9,4.929126,0,7.09641,Near-normal,-0.35067228093625247,named in manuscript,2000-08-09,222,VAPV (Rad 0%),VAPV (Rad 0%) - Near-normal (2000)
Grass-Clover,weatherRad0Center,2000,8,10,5.146408,0,7.41887,Near-normal,-0.35067228093625247,named in manuscript,2000-08-10,223,VAPV (Rad 0%),VAPV (Rad 0%) - Near-normal (2000)
Grass-Clover,weatherRad0Center,2000,8,11,5.312818,0,7.8236300000000005,Near-normal,-0.35067228093625247,named in manuscript,2000-08-11,224,VAPV (Rad 0%),VAPV (Rad 0%) - Near-normal (2000)
Grass-Clover,weatherRad0Center,2000,8,12,5.425271,0,8.127009999999999,Near-normal,-0.35067228093625247,named in manuscript,2000-08-12,225,VAPV (Rad 0%),VAPV (Rad 0%) - Near-normal (2000)
Grass-Clover,weatherRad0Center,2000,8,13,5.566034,0,8.310189999999999,Near-normal,-0.35067228093625247,named in manuscript,2000-08-13,226,VAPV (Rad 0%),VAPV (Rad 0%) - Near-normal (2000)
Grass-Clover,weatherRad0Center,2000,8,14,5.7480210000000005,0,8.56456,Near-normal,-0.35067228093625247,named in manuscript,2000-08-14,227,VAPV (Rad 0%),VAPV (Rad 0%) - Near-normal (2000)
Grass-Clover,weatherRad0Center,2000,8,15,5.907307,0,8.89068,Near-normal,-0.35067228093625247,named in manuscript,2000-08-15,228,VAPV (Rad 0%),VAPV (Rad 0%) - Near-normal (2000)
Grass-Clover,weatherRad0Center,2000,8,16,6.026737000000001,0,9.15403,Near-normal,-0.35067228093625247,named in manuscript,2000-08-16,229,VAPV (Rad 0%),VAPV (Rad 0%) - Near-normal (2000)
Grass-Clover,weatherRad0Center,2000,8,17,6.116699,0,9.33572,Near-normal,-0.35067228093625247,named in manuscript,2000-08-17,230,VAPV (Rad 0%),VAPV (Rad 0%) - Near-normal (2000)
Grass-Clover,weatherRad0Center,2000,8,18,6.192153,0,9.45829,Near-normal,-0.35067228093625247,named in manuscript,2000-08-18,231,VAPV (Rad 0%),VAPV (Rad 0%) - Near-normal (2000)
Grass-Clover,weatherRad0Center,2000,8,19,6.288837000000001,0,9.53954,Near-normal,-0.35067228093625247,named in manuscript,2000-08-19,232,VAPV (Rad 0%),VAPV (Rad 0%) - Near-normal (2000)
Grass-Clover,weatherRad0Center,2000,8,20,6.399812000000001,0,9.66628,Near-normal,-0.35067228093625247,named in manuscript,2000-08-20,233,VAPV (Rad 0%),VAPV (Rad 0%) - Near-normal (2000)
Grass-Clover,weatherRad0Center,2000,8,21,6.491669,0,9.80794,Near-normal,-0.35067228093625247,named in manuscript,2000-08-21,234,VAPV (Rad 0%),VAPV (Rad 0%) - Near-normal (2000)
Grass-Clover,weatherRad0Center,2000,8,22,6.580788,0,9.88637,Near-normal,-0.35067228093625247,named in manuscript,2000-08-22,235,VAPV (Rad 0%),VAPV (Rad 0%) - Near-normal (2000)
Grass-Clover,weatherRad0Center,2000,8,23,6.66352,0,9.941099999999999,Near-normal,-0.35067228093625247,named in manuscript,2000-08-23,236,VAPV (Rad 0%),VAPV (Rad 0%) - Near-normal (2000)
Grass-Clover,weatherRad0Center,2000,8,24,6.741503,0,9.99458,Near-normal,-0.35067228093625247,named in manuscript,2000-08-24,237,VAPV (Rad 0%),VAPV (Rad 0%) - Near-normal (2000)
Grass-Clover,weatherRad0Center,2000,8,25,6.767013,0,10.02375,Near-normal,-0.35067228093625247,named in manuscript,2000-08-25,238,VAPV (Rad 0%),VAPV (Rad 0%) - Near-normal (2000)
Grass-Clover,weatherRad0Center,2000,8,26,6.816795000000001,0,9.94574,Near-normal,-0.35067228093625247,named in manuscript,2000-08-26,239,VAPV (Rad 0%),VAPV (Rad 0%) - Near-normal (2000)
Grass-Clover,weatherRad0Center,2000,8,27,6.913855,0,9.92681,Near-normal,-0.35067228093625247,named in manuscript,2000-08-27,240,VAPV (Rad 0%),VAPV (Rad 0%) - Near-normal (2000)
Grass-Clover,weatherRad0Center,2000,8,28,7.023334,0,9.97674,Near-normal,-0.35067228093625247,named in manuscript,2000-08-28,241,VAPV (Rad 0%),VAPV (Rad 0%) - Near-normal (2000)
Grass-Clover,weatherRad0Center,2000,8,29,7.068689,0,10.04122,Near-normal,-0.35067228093625247,named in manuscript,2000-08-29,242,VAPV (Rad 0%),VAPV (Rad 0%) - Near-normal (2000)
Grass-Clover,weatherRad0Center,2000,8,30,7.099361999999999,0,9.95886,Near-normal,-0.35067228093625247,named in manuscript,2000-08-30,243,VAPV (Rad 0%),VAPV (Rad 0%) - Near-normal (2000)
Grass-Clover,weatherRad0Center,2000,8,31,7.131718,0,9.885010000000001,Near-normal,-0.35067228093625247,named in manuscript,2000-08-31,244,VAPV (Rad 0%),VAPV (Rad 0%) - Near-normal (2000)
Grass-Clover,weatherRad0Center,2000,9,1,7.14517,0,9.80523,Near-normal,-0.35067228093625247,named in manuscript,2000-09-01,245,VAPV (Rad 0%),VAPV (Rad 0%) - Near-normal (2000)
Grass-Clover,weatherRad0Center,2000,9,2,7.191972,0,9.70946,Near-normal,-0.35067228093625247,named in manuscript,2000-09-02,246,VAPV (Rad 0%),VAPV (Rad 0%) - Near-normal (2000)
Grass-Clover,weatherRad0Center,2000,9,3,7.215975,0,9.681560000000001,Near-normal,-0.35067228093625247,named in manuscript,2000-09-03,247,VAPV (Rad 0%),VAPV (Rad 0%) - Near-normal (2000)
Grass-Clover,weatherRad0Center,2000,9,4,7.220088,0,9.61186,Near-normal,-0.35067228093625247,named in manuscript,2000-09-04,248,VAPV (Rad 0%),VAPV (Rad 0%) - Near-normal (2000)
Grass-Clover,weatherRad0Center,2000,9,5,7.2749489999999994,0,9.524529999999999,Near-normal,-0.35067228093625247,named in manuscript,2000-09-05,249,VAPV (Rad 0%),VAPV (Rad 0%) - Near-normal (2000)
Grass-Clover,weatherRad0Center,2000,9,6,2.019504,0,2.028555,Near-normal,-0.35067228093625247,named in manuscript,2000-09-06,250,VAPV (Rad 0%),VAPV (Rad 0%) - Near-normal (2000)
Grass-Clover,weatherRad0Center,2000,9,7,2.074065,0,2.2041310000000003,Near-normal,-0.35067228093625247,named in manuscript,2000-09-07,251,VAPV (Rad 0%),VAPV (Rad 0%) - Near-normal (2000)
Grass-Clover,weatherRad0Center,2000,9,8,2.12372,0,2.318164,Near-normal,-0.35067228093625247,named in manuscript,2000-09-08,252,VAPV (Rad 0%),VAPV (Rad 0%) - Near-normal (2000)
Grass-Clover,weatherRad0Center,2000,9,9,2.2204580000000003,0,2.42288,Near-normal,-0.35067228093625247,named in manuscript,2000-09-09,253,VAPV (Rad 0%),VAPV (Rad 0%) - Near-normal (2000)
Grass-Clover,weatherRad0Center,2000,9,10,2.3638259999999995,0,2.63285,Near-normal,-0.35067228093625247,named in manuscript,2000-09-10,254,VAPV (Rad 0%),VAPV (Rad 0%) - Near-normal (2000)
Grass-Clover,weatherRad0Center,2000,9,11,2.5131930000000002,0,2.94612,Near-normal,-0.35067228093625247,named in manuscript,2000-09-11,255,VAPV (Rad 0%),VAPV (Rad 0%) - Near-normal (2000)
Grass-Clover,weatherRad0Center,2000,9,12,2.6751880000000003,0,3.2719,Near-normal,-0.35067228093625247,named in manuscript,2000-09-12,256,VAPV (Rad 0%),VAPV (Rad 0%) - Near-normal (2000)
Grass-Clover,weatherRad0Center,2000,9,13,2.7786049999999998,0,3.63145,Near-normal,-0.35067228093625247,named in manuscript,2000-09-13,257,VAPV (Rad 0%),VAPV (Rad 0%) - Near-normal (2000)
Grass-Clover,weatherRad0Center,2000,9,14,2.8366279999999997,0,3.85335,Near-normal,-0.35067228093625247,named in manuscript,2000-09-14,258,VAPV (Rad 0%),VAPV (Rad 0%) - Near-normal (2000)
Grass-Clover,weatherRad0Center,2000,9,15,2.891626,0,3.9800899999999997,Near-normal,-0.35067228093625247,named in manuscript,2000-09-15,259,VAPV (Rad 0%),VAPV (Rad 0%) - Near-normal (2000)
Grass-Clover,weatherRad0Center,2000,9,16,2.958901,0,4.1015,Near-normal,-0.35067228093625247,named in manuscript,2000-09-16,260,VAPV (Rad 0%),VAPV (Rad 0%) - Near-normal (2000)
Grass-Clover,weatherRad0Center,2000,9,17,3.037203,0,4.2508,Near-normal,-0.35067228093625247,named in manuscript,2000-09-17,261,VAPV (Rad 0%),VAPV (Rad 0%) - Near-normal (2000)
Grass-Clover,weatherRad0Center,2000,9,18,3.121281,0,4.412100000000001,Near-normal,-0.35067228093625247,named in manuscript,2000-09-18,262,VAPV (Rad 0%),VAPV (Rad 0%) - Near-normal (2000)
Grass-Clover,weatherRad0Center,2000,9,19,3.194565,0,4.58567,Near-normal,-0.35067228093625247,named in manuscript,2000-09-19,263,VAPV (Rad 0%),VAPV (Rad 0%) - Near-normal (2000)
Grass-Clover,weatherRad0Center,2000,9,20,3.29059,0,4.73616,Near-normal,-0.35067228093625247,named in manuscript,2000-09-20,264,VAPV (Rad 0%),VAPV (Rad 0%) - Near-normal (2000)
Grass-Clover,weatherRad0Center,2000,9,21,3.38406,0,4.93724,Near-normal,-0.35067228093625247,named in manuscript,2000-09-21,265,VAPV (Rad 0%),VAPV (Rad 0%) - Near-normal (2000)
Grass-Clover,weatherRad0Center,2000,9,22,3.482876,0,5.12954,Near-normal,-0.35067228093625247,named in manuscript,2000-09-22,266,VAPV (Rad 0%),VAPV (Rad 0%) - Near-normal (2000)
Grass-Clover,weatherRad0Center,2000,9,23,3.600822,0,5.33342,Near-normal,-0.35067228093625247,named in manuscript,2000-09-23,267,VAPV (Rad 0%),VAPV (Rad 0%) - Near-normal (2000)
Grass-Clover,weatherRad0Center,2000,9,24,3.7328539999999997,0,5.57721,Near-normal,-0.35067228093625247,named in manuscript,2000-09-24,268,VAPV (Rad 0%),VAPV (Rad 0%) - Near-normal (2000)
Grass-Clover,weatherRad0Center,2000,9,25,3.862365,0,5.84749,Near-normal,-0.35067228093625247,named in manuscript,2000-09-25,269,VAPV (Rad 0%),VAPV (Rad 0%) - Near-normal (2000)
Grass-Clover,weatherRad0Center,2000,9,26,3.984286,0,6.11373,Near-normal,-0.35067228093625247,named in manuscript,2000-09-26,270,VAPV (Rad 0%),VAPV (Rad 0%) - Near-normal (2000)
Grass-Clover,weatherRad0Center,2000,9,27,4.0628589999999996,0,6.36708,Near-normal,-0.35067228093625247,named in manuscript,2000-09-27,271,VAPV (Rad 0%),VAPV (Rad 0%) - Near-normal (2000)
Grass-Clover,weatherRad0Center,2000,9,28,4.1118879999999995,0,6.529780000000001,Near-normal,-0.35067228093625247,named in manuscript,2000-09-28,272,VAPV (Rad 0%),VAPV (Rad 0%) - Near-normal (2000)
Grass-Clover,weatherRad0Center,2000,9,29,4.140595,0,6.617140000000001,Near-normal,-0.35067228093625247,named in manuscript,2000-09-29,273,VAPV (Rad 0%),VAPV (Rad 0%) - Near-normal (2000)
Grass-Clover,weatherRad0Center,2000,9,30,4.211742,0,6.665750000000001,Near-normal,-0.35067228093625247,named in manuscript,2000-09-30,274,VAPV (Rad 0%),VAPV (Rad 0%) - Near-normal (2000)
Grass-Clover,weatherRad0Center,2000,10,1,4.312461,0,6.80439,Near-normal,-0.35067228093625247,named in manuscript,2000-10-01,275,VAPV (Rad 0%),VAPV (Rad 0%) - Near-normal (2000)
Grass-Clover,weatherRad0Center,2000,10,2,4.394481,0,6.99658,Near-normal,-0.35067228093625247,named in manuscript,2000-10-02,276,VAPV (Rad 0%),VAPV (Rad 0%) - Near-normal (2000)
Grass-Clover,weatherRad0Center,2000,10,3,4.432867,0,7.15352,Near-normal,-0.35067228093625247,named in manuscript,2000-10-03,277,VAPV (Rad 0%),VAPV (Rad 0%) - Near-normal (2000)
Grass-Clover,weatherRad0Center,2000,10,4,4.475479999999999,0,7.2152,Near-normal,-0.35067228093625247,named in manuscript,2000-10-04,278,VAPV (Rad 0%),VAPV (Rad 0%) - Near-normal (2000)
Grass-Clover,weatherRad0Center,2000,10,5,4.546317,0,7.29144,Near-normal,-0.35067228093625247,named in manuscript,2000-10-05,279,VAPV (Rad 0%),VAPV (Rad 0%) - Near-normal (2000)
Grass-Clover,weatherRad0Center,2000,10,6,4.598903,0,7.43144,Near-normal,-0.35067228093625247,named in manuscript,2000-10-06,280,VAPV (Rad 0%),VAPV (Rad 0%) - Near-normal (2000)
Grass-Clover,weatherRad0Center,2000,10,7,4.646248,0,7.5142,Near-normal,-0.35067228093625247,named in manuscript,2000-10-07,281,VAPV (Rad 0%),VAPV (Rad 0%) - Near-normal (2000)
Grass-Clover,weatherRad0Center,2000,10,8,4.708784,0,7.60588,Near-normal,-0.35067228093625247,named in manuscript,2000-10-08,282,VAPV (Rad 0%),VAPV (Rad 0%) - Near-normal (2000)
Grass-Clover,weatherRad0Center,2000,10,9,4.7643889999999995,0,7.717080000000001,Near-normal,-0.35067228093625247,named in manuscript,2000-10-09,283,VAPV (Rad 0%),VAPV (Rad 0%) - Near-normal (2000)
Grass-Clover,weatherRad0Center,2000,10,10,4.805823,0,7.8240300000000005,Near-normal,-0.35067228093625247,named in manuscript,2000-10-10,284,VAPV (Rad 0%),VAPV (Rad 0%) - Near-normal (2000)
Grass-Clover,weatherRad0Center,2000,10,11,4.82073,0,7.899850000000001,Near-normal,-0.35067228093625247,named in manuscript,2000-10-11,285,VAPV (Rad 0%),VAPV (Rad 0%) - Near-normal (2000)
Grass-Clover,weatherRad0Center,2000,10,12,4.824156,0,7.91043,Near-normal,-0.35067228093625247,named in manuscript,2000-10-12,286,VAPV (Rad 0%),VAPV (Rad 0%) - Near-normal (2000)
Grass-Clover,weatherRad0Center,2000,10,13,4.852781,0,7.90166,Near-normal,-0.35067228093625247,named in manuscript,2000-10-13,287,VAPV (Rad 0%),VAPV (Rad 0%) - Near-normal (2000)
Grass-Clover,weatherRad0Center,2000,10,14,4.883388999999999,0,7.95014,Near-normal,-0.35067228093625247,named in manuscript,2000-10-14,288,VAPV (Rad 0%),VAPV (Rad 0%) - Near-normal (2000)
Grass-Clover,weatherRad0Center,2000,10,15,4.916727,0,7.9946,Near-normal,-0.35067228093625247,named in manuscript,2000-10-15,289,VAPV (Rad 0%),VAPV (Rad 0%) - Near-normal (2000)
Grass-Clover,weatherRad0Center,2000,10,16,4.9466660000000005,0,8.04665,Near-normal,-0.35067228093625247,named in manuscript,2000-10-16,290,VAPV (Rad 0%),VAPV (Rad 0%) - Near-normal (2000)
Grass-Clover,weatherRad0Center,2000,10,17,4.960341,0,8.0897,Near-normal,-0.35067228093625247,named in manuscript,2000-10-17,291,VAPV (Rad 0%),VAPV (Rad 0%) - Near-normal (2000)
Grass-Clover,weatherRad0Center,2000,10,18,4.976965,0,8.08971,Near-normal,-0.35067228093625247,named in manuscript,2000-10-18,292,VAPV (Rad 0%),VAPV (Rad 0%) - Near-normal (2000)
Grass-Clover,weatherRad0Center,2000,10,19,5.007073999999999,0,8.10124,Near-normal,-0.35067228093625247,named in manuscript,2000-10-19,293,VAPV (Rad 0%),VAPV (Rad 0%) - Near-normal (2000)
Grass-Clover,weatherRad0Center,2000,10,20,5.024286,0,8.14705,Near-normal,-0.35067228093625247,named in manuscript,2000-10-20,294,VAPV (Rad 0%),VAPV (Rad 0%) - Near-normal (2000)
Grass-Clover,weatherRad0Center,2000,10,21,5.030546,0,8.15722,Near-normal,-0.35067228093625247,named in manuscript,2000-10-21,295,VAPV (Rad 0%),VAPV (Rad 0%) - Near-normal (2000)
Grass-Clover,weatherRad0Center,2000,10,22,5.036082,0,8.1475,Near-normal,-0.35067228093625247,named in manuscript,2000-10-22,296,VAPV (Rad 0%),VAPV (Rad 0%) - Near-normal (2000)
Grass-Clover,weatherRad0Center,2000,10,23,5.057116000000001,0,8.13822,Near-normal,-0.35067228093625247,named in manuscript,2000-10-23,297,VAPV (Rad 0%),VAPV (Rad 0%) - Near-normal (2000)
Grass-Clover,weatherRad0Center,2000,10,24,5.072112,0,8.1622,Near-normal,-0.35067228093625247,named in manuscript,2000-10-24,298,VAPV (Rad 0%),VAPV (Rad 0%) - Near-normal (2000)
Grass-Clover,weatherRad0Center,2000,10,25,5.079172,0,8.16889,Near-normal,-0.35067228093625247,named in manuscript,2000-10-25,299,VAPV (Rad 0%),VAPV (Rad 0%) - Near-normal (2000)
Grass-Clover,weatherRad0Center,2000,10,26,5.070062,0,8.16167,Near-normal,-0.35067228093625247,named in manuscript,2000-10-26,300,VAPV (Rad 0%),VAPV (Rad 0%) - Near-normal (2000)
Grass-Clover,weatherRad0Center,2000,10,27,5.062343,0,8.11838,Near-normal,-0.35067228093625247,named in manuscript,2000-10-27,301,VAPV (Rad 0%),VAPV (Rad 0%) - Near-normal (2000)
Grass-Clover,weatherRad0Center,2000,10,28,5.058941,0,8.08305,Near-normal,-0.35067228093625247,named in manuscript,2000-10-28,302,VAPV (Rad 0%),VAPV (Rad 0%) - Near-normal (2000)
Grass-Clover,weatherRad0Center,2000,10,29,5.062566,0,8.05701,Near-normal,-0.35067228093625247,named in manuscript,2000-10-29,303,VAPV (Rad 0%),VAPV (Rad 0%) - Near-normal (2000)
Grass-Clover,weatherRad0Center,2000,10,30,5.069331999999999,0,8.04448,Near-normal,-0.35067228093625247,named in manuscript,2000-10-30,304,VAPV (Rad 0%),VAPV (Rad 0%) - Near-normal (2000)
Grass-Clover,weatherRad0Center,2000,10,31,5.058185,0,8.03954,Near-normal,-0.35067228093625247,named in manuscript,2000-10-31,305,VAPV (Rad 0%),VAPV (Rad 0%) - Near-normal (2000)
Grass-Clover,weatherRad0Center,2000,11,1,5.037477,0,7.99451,Near-normal,-0.35067228093625247,named in manuscript,2000-11-01,306,VAPV (Rad 0%),VAPV (Rad 0%) - Near-normal (2000)
Grass-Clover,weatherRad0Center,2000,11,2,5.013983,0,7.93154,Near-normal,-0.35067228093625247,named in manuscript,2000-11-02,307,VAPV (Rad 0%),VAPV (Rad 0%) - Near-normal (2000)
Grass-Clover,weatherRad0Center,2000,11,3,4.997918,0,7.8628,Near-normal,-0.35067228093625247,named in manuscript,2000-11-03,308,VAPV (Rad 0%),VAPV (Rad 0%) - Near-normal (2000)
Grass-Clover,weatherRad0Center,2000,11,4,4.993979,0,7.81315,Near-normal,-0.35067228093625247,named in manuscript,2000-11-04,309,VAPV (Rad 0%),VAPV (Rad 0%) - Near-normal (2000)
Grass-Clover,weatherRad0Center,2000,11,5,4.987064999999999,0,7.789820000000001,Near-normal,-0.35067228093625247,named in manuscript,2000-11-05,310,VAPV (Rad 0%),VAPV (Rad 0%) - Near-normal (2000)
Grass-Clover,weatherRad0Center,2000,11,6,4.974639,0,7.75925,Near-normal,-0.35067228093625247,named in manuscript,2000-11-06,311,VAPV (Rad 0%),VAPV (Rad 0%) - Near-normal (2000)
Grass-Clover,weatherRad0Center,2000,11,7,4.957929999999999,0,7.71757,Near-normal,-0.35067228093625247,named in manuscript,2000-11-07,312,VAPV (Rad 0%),VAPV (Rad 0%) - Near-normal (2000)
Grass-Clover,weatherRad0Center,2000,11,8,4.93322,0,7.6660200000000005,Near-normal,-0.35067228093625247,named in manuscript,2000-11-08,313,VAPV (Rad 0%),VAPV (Rad 0%) - Near-normal (2000)
Grass-Clover,weatherRad0Center,2000,11,9,4.911757,0,7.59555,Near-normal,-0.35067228093625247,named in manuscript,2000-11-09,314,VAPV (Rad 0%),VAPV (Rad 0%) - Near-normal (2000)
Grass-Clover,weatherRad0Center,2000,11,10,4.888195,0,7.53352,Near-normal,-0.35067228093625247,named in manuscript,2000-11-10,315,VAPV (Rad 0%),VAPV (Rad 0%) - Near-normal (2000)
Grass-Clover,weatherRad0Center,2000,11,11,4.867254,0,7.46509,Near-normal,-0.35067228093625247,named in manuscript,2000-11-11,316,VAPV (Rad 0%),VAPV (Rad 0%) - Near-normal (2000)
Grass-Clover,weatherRad0Center,2000,11,12,4.845615,0,7.404209999999999,Near-normal,-0.35067228093625247,named in manuscript,2000-11-12,317,VAPV (Rad 0%),VAPV (Rad 0%) - Near-normal (2000)
Grass-Clover,weatherRad0Center,2000,11,13,4.821619,0,7.34122,Near-normal,-0.35067228093625247,named in manuscript,2000-11-13,318,VAPV (Rad 0%),VAPV (Rad 0%) - Near-normal (2000)
Grass-Clover,weatherRad0Center,2000,11,14,4.803346,0,7.27329,Near-normal,-0.35067228093625247,named in manuscript,2000-11-14,319,VAPV (Rad 0%),VAPV (Rad 0%) - Near-normal (2000)
Grass-Clover,weatherRad0Center,2000,11,15,4.789906,0,7.2197700000000005,Near-normal,-0.35067228093625247,named in manuscript,2000-11-15,320,VAPV (Rad 0%),VAPV (Rad 0%) - Near-normal (2000)
Grass-Clover,weatherRad0Center,2000,11,16,4.771603000000001,0,7.176,Near-normal,-0.35067228093625247,named in manuscript,2000-11-16,321,VAPV (Rad 0%),VAPV (Rad 0%) - Near-normal (2000)
Grass-Clover,weatherRad0Center,2000,11,17,4.750081,0,7.1212,Near-normal,-0.35067228093625247,named in manuscript,2000-11-17,322,VAPV (Rad 0%),VAPV (Rad 0%) - Near-normal (2000)
Grass-Clover,weatherRad0Center,2000,11,18,4.725918,0,7.05936,Near-normal,-0.35067228093625247,named in manuscript,2000-11-18,323,VAPV (Rad 0%),VAPV (Rad 0%) - Near-normal (2000)
Grass-Clover,weatherRad0Center,2000,11,19,4.703398,0,6.9915400000000005,Near-normal,-0.35067228093625247,named in manuscript,2000-11-19,324,VAPV (Rad 0%),VAPV (Rad 0%) - Near-normal (2000)
Grass-Clover,weatherRad0Center,2000,11,20,4.677545,0,6.9273,Near-normal,-0.35067228093625247,named in manuscript,2000-11-20,325,VAPV (Rad 0%),VAPV (Rad 0%) - Near-normal (2000)
Grass-Clover,weatherRad0Center,2000,11,21,4.651676999999999,0,6.85585,Near-normal,-0.35067228093625247,named in manuscript,2000-11-21,326,VAPV (Rad 0%),VAPV (Rad 0%) - Near-normal (2000)
Grass-Clover,weatherRad0Center,2000,11,22,4.630617,0,6.78458,Near-normal,-0.35067228093625247,named in manuscript,2000-11-22,327,VAPV (Rad 0%),VAPV (Rad 0%) - Near-normal (2000)
Grass-Clover,weatherRad0Center,2000,11,23,4.6077200000000005,0,6.72495,Near-normal,-0.35067228093625247,named in manuscript,2000-11-23,328,VAPV (Rad 0%),VAPV (Rad 0%) - Near-normal (2000)
Grass-Clover,weatherRad0Center,2000,11,24,4.584504000000001,0,6.66061,Near-normal,-0.35067228093625247,named in manuscript,2000-11-24,329,VAPV (Rad 0%),VAPV (Rad 0%) - Near-normal (2000)
Grass-Clover,weatherRad0Center,2000,11,25,4.559018,0,6.5961,Near-normal,-0.35067228093625247,named in manuscript,2000-11-25,330,VAPV (Rad 0%),VAPV (Rad 0%) - Near-normal (2000)
Grass-Clover,weatherRad0Center,2000,11,26,4.536401,0,6.5264500000000005,Near-normal,-0.35067228093625247,named in manuscript,2000-11-26,331,VAPV (Rad 0%),VAPV (Rad 0%) - Near-normal (2000)
Grass-Clover,weatherRad0Center,2000,11,27,4.513599,0,6.4633,Near-normal,-0.35067228093625247,named in manuscript,2000-11-27,332,VAPV (Rad 0%),VAPV (Rad 0%) - Near-normal (2000)
Grass-Clover,weatherRad0Center,2000,11,28,4.4927969999999995,0,6.39989,Near-normal,-0.35067228093625247,named in manuscript,2000-11-28,333,VAPV (Rad 0%),VAPV (Rad 0%) - Near-normal (2000)
Grass-Clover,weatherRad0Center,2000,11,29,4.471306,0,6.3413699999999995,Near-normal,-0.35067228093625247,named in manuscript,2000-11-29,334,VAPV (Rad 0%),VAPV (Rad 0%) - Near-normal (2000)
Grass-Clover,weatherRad0Center,2000,11,30,4.451605,0,6.2809,Near-normal,-0.35067228093625247,named in manuscript,2000-11-30,335,VAPV (Rad 0%),VAPV (Rad 0%) - Near-normal (2000)
Grass-Clover,weatherRad0Center,2000,12,1,4.434825,0,6.22614,Near-normal,-0.35067228093625247,named in manuscript,2000-12-01,336,VAPV (Rad 0%),VAPV (Rad 0%) - Near-normal (2000)
Grass-Clover,weatherRad0Center,2000,12,2,4.413447,0,6.1766000000000005,Near-normal,-0.35067228093625247,named in manuscript,2000-12-02,337,VAPV (Rad 0%),VAPV (Rad 0%) - Near-normal (2000)
Grass-Clover,weatherRad0Center,2000,12,3,4.394362,0,6.11725,Near-normal,-0.35067228093625247,named in manuscript,2000-12-03,338,VAPV (Rad 0%),VAPV (Rad 0%) - Near-normal (2000)
Grass-Clover,weatherRad0Center,2000,12,4,4.373594,0,6.064209999999999,Near-normal,-0.35067228093625247,named in manuscript,2000-12-04,339,VAPV (Rad 0%),VAPV (Rad 0%) - Near-normal (2000)
Grass-Clover,weatherRad0Center,2000,12,5,4.352926,0,6.006080000000001,Near-normal,-0.35067228093625247,named in manuscript,2000-12-05,340,VAPV (Rad 0%),VAPV (Rad 0%) - Near-normal (2000)
Grass-Clover,weatherRad0Center,2000,12,6,4.331357,0,5.94871,Near-normal,-0.35067228093625247,named in manuscript,2000-12-06,341,VAPV (Rad 0%),VAPV (Rad 0%) - Near-normal (2000)
Grass-Clover,weatherRad0Center,2000,12,7,4.309773,0,5.88963,Near-normal,-0.35067228093625247,named in manuscript,2000-12-07,342,VAPV (Rad 0%),VAPV (Rad 0%) - Near-normal (2000)
Grass-Clover,weatherRad0Center,2000,12,8,4.287888,0,5.830629999999999,Near-normal,-0.35067228093625247,named in manuscript,2000-12-08,343,VAPV (Rad 0%),VAPV (Rad 0%) - Near-normal (2000)
Grass-Clover,weatherRad0Center,2000,12,9,4.264503,0,5.771,Near-normal,-0.35067228093625247,named in manuscript,2000-12-09,344,VAPV (Rad 0%),VAPV (Rad 0%) - Near-normal (2000)
Grass-Clover,weatherRad0Center,2000,12,10,4.243257,0,5.7081,Near-normal,-0.35067228093625247,named in manuscript,2000-12-10,345,VAPV (Rad 0%),VAPV (Rad 0%) - Near-normal (2000)
Grass-Clover,weatherRad0Center,2000,12,11,4.221166,0,5.65038,Near-normal,-0.35067228093625247,named in manuscript,2000-12-11,346,VAPV (Rad 0%),VAPV (Rad 0%) - Near-normal (2000)
Grass-Clover,weatherRad0Center,2000,12,12,4.199298,0,5.59079,Near-normal,-0.35067228093625247,named in manuscript,2000-12-12,347,VAPV (Rad 0%),VAPV (Rad 0%) - Near-normal (2000)
Grass-Clover,weatherRad0Center,2000,12,13,4.177745,0,5.53171,Near-normal,-0.35067228093625247,named in manuscript,2000-12-13,348,VAPV (Rad 0%),VAPV (Rad 0%) - Near-normal (2000)
Grass-Clover,weatherRad0Center,2000,12,14,4.157928999999999,0,5.47385,Near-normal,-0.35067228093625247,named in manuscript,2000-12-14,349,VAPV (Rad 0%),VAPV (Rad 0%) - Near-normal (2000)
Grass-Clover,weatherRad0Center,2000,12,15,4.139076,0,5.42015,Near-normal,-0.35067228093625247,named in manuscript,2000-12-15,350,VAPV (Rad 0%),VAPV (Rad 0%) - Near-normal (2000)
Grass-Clover,weatherRad0Center,2000,12,16,4.121519,0,5.368729999999999,Near-normal,-0.35067228093625247,named in manuscript,2000-12-16,351,VAPV (Rad 0%),VAPV (Rad 0%) - Near-normal (2000)
Grass-Clover,weatherRad0Center,2000,12,17,4.104116,0,5.32034,Near-normal,-0.35067228093625247,named in manuscript,2000-12-17,352,VAPV (Rad 0%),VAPV (Rad 0%) - Near-normal (2000)
Grass-Clover,weatherRad0Center,2000,12,18,4.088125,0,5.272399999999999,Near-normal,-0.35067228093625247,named in manuscript,2000-12-18,353,VAPV (Rad 0%),VAPV (Rad 0%) - Near-normal (2000)
Grass-Clover,weatherRad0Center,2000,12,19,4.071845,0,5.227320000000001,Near-normal,-0.35067228093625247,named in manuscript,2000-12-19,354,VAPV (Rad 0%),VAPV (Rad 0%) - Near-normal (2000)
Grass-Clover,weatherRad0Center,2000,12,20,4.055029,0,5.18135,Near-normal,-0.35067228093625247,named in manuscript,2000-12-20,355,VAPV (Rad 0%),VAPV (Rad 0%) - Near-normal (2000)
Grass-Clover,weatherRad0Center,2000,12,21,4.038513,0,5.13434,Near-normal,-0.35067228093625247,named in manuscript,2000-12-21,356,VAPV (Rad 0%),VAPV (Rad 0%) - Near-normal (2000)
Grass-Clover,weatherRad0Center,2000,12,22,4.022344,0,5.08811,Near-normal,-0.35067228093625247,named in manuscript,2000-12-22,357,VAPV (Rad 0%),VAPV (Rad 0%) - Near-normal (2000)
Grass-Clover,weatherRad0Center,2000,12,23,4.006413,0,5.04275,Near-normal,-0.35067228093625247,named in manuscript,2000-12-23,358,VAPV (Rad 0%),VAPV (Rad 0%) - Near-normal (2000)
Grass-Clover,weatherRad0Center,2000,12,24,3.9907549999999996,0,4.9980899999999995,Near-normal,-0.35067228093625247,named in manuscript,2000-12-24,359,VAPV (Rad 0%),VAPV (Rad 0%) - Near-normal (2000)
Grass-Clover,weatherRad0Center,2000,12,25,3.975491,0,4.95423,Near-normal,-0.35067228093625247,named in manuscript,2000-12-25,360,VAPV (Rad 0%),VAPV (Rad 0%) - Near-normal (2000)
Grass-Clover,weatherRad0Center,2000,12,26,3.960389,0,4.9113299999999995,Near-normal,-0.35067228093625247,named in manuscript,2000-12-26,361,VAPV (Rad 0%),VAPV (Rad 0%) - Near-normal (2000)
Grass-Clover,weatherRad0Center,2000,12,27,3.944686,0,4.8688400000000005,Near-normal,-0.35067228093625247,named in manuscript,2000-12-27,362,VAPV (Rad 0%),VAPV (Rad 0%) - Near-normal (2000)
Grass-Clover,weatherRad0Center,2000,12,28,3.930071,0,4.8255,Near-normal,-0.35067228093625247,named in manuscript,2000-12-28,363,VAPV (Rad 0%),VAPV (Rad 0%) - Near-normal (2000)
Grass-Clover,weatherRad0Center,2000,12,29,3.9156969999999998,0,4.78458,Near-normal,-0.35067228093625247,named in manuscript,2000-12-29,364,VAPV (Rad 0%),VAPV (Rad 0%) - Near-normal (2000)
Grass-Clover,weatherRad0Center,2000,12,30,3.901599,0,4.74432,Near-normal,-0.35067228093625247,named in manuscript,2000-12-30,365,VAPV (Rad 0%),VAPV (Rad 0%) - Near-normal (2000)
Grass-Clover,weatherRad0Center,2000,12,31,3.8884309999999997,0,4.70483,Near-normal,-0.35067228093625247,named in manuscript,2000-12-31,366,VAPV (Rad 0%),VAPV (Rad 0%) - Near-normal (2000)
Grass-Clover,weatherRad0Center,2020,1,1,2.9051540000000005,0,3.80523,Dry,-0.8972683814861946,named in manuscript,2020-01-01,1,VAPV (Rad 0%),VAPV (Rad 0%) - Dry (2020)
Grass-Clover,weatherRad0Center,2020,1,2,2.899108,0,3.7885400000000002,Dry,-0.8972683814861946,named in manuscript,2020-01-02,2,VAPV (Rad 0%),VAPV (Rad 0%) - Dry (2020)
Grass-Clover,weatherRad0Center,2020,1,3,2.8896319999999998,0,3.7695099999999995,Dry,-0.8972683814861946,named in manuscript,2020-01-03,3,VAPV (Rad 0%),VAPV (Rad 0%) - Dry (2020)
Grass-Clover,weatherRad0Center,2020,1,4,2.881349,0,3.74316,Dry,-0.8972683814861946,named in manuscript,2020-01-04,4,VAPV (Rad 0%),VAPV (Rad 0%) - Dry (2020)
Grass-Clover,weatherRad0Center,2020,1,5,2.875357,0,3.71976,Dry,-0.8972683814861946,named in manuscript,2020-01-05,5,VAPV (Rad 0%),VAPV (Rad 0%) - Dry (2020)
Grass-Clover,weatherRad0Center,2020,1,6,2.8688279999999997,0,3.70101,Dry,-0.8972683814861946,named in manuscript,2020-01-06,6,VAPV (Rad 0%),VAPV (Rad 0%) - Dry (2020)
Grass-Clover,weatherRad0Center,2020,1,7,2.8590790000000004,0,3.6808199999999998,Dry,-0.8972683814861946,named in manuscript,2020-01-07,7,VAPV (Rad 0%),VAPV (Rad 0%) - Dry (2020)
Grass-Clover,weatherRad0Center,2020,1,8,2.851961,0,3.65421,Dry,-0.8972683814861946,named in manuscript,2020-01-08,8,VAPV (Rad 0%),VAPV (Rad 0%) - Dry (2020)
Grass-Clover,weatherRad0Center,2020,1,9,2.847227,0,3.6333599999999997,Dry,-0.8972683814861946,named in manuscript,2020-01-09,9,VAPV (Rad 0%),VAPV (Rad 0%) - Dry (2020)
Grass-Clover,weatherRad0Center,2020,1,10,2.839986,0,3.61792,Dry,-0.8972683814861946,named in manuscript,2020-01-10,10,VAPV (Rad 0%),VAPV (Rad 0%) - Dry (2020)
Grass-Clover,weatherRad0Center,2020,1,11,2.831746,0,3.5967000000000002,Dry,-0.8972683814861946,named in manuscript,2020-01-11,11,VAPV (Rad 0%),VAPV (Rad 0%) - Dry (2020)
Grass-Clover,weatherRad0Center,2020,1,12,2.8224929999999997,0,3.5734699999999995,Dry,-0.8972683814861946,named in manuscript,2020-01-12,12,VAPV (Rad 0%),VAPV (Rad 0%) - Dry (2020)
Grass-Clover,weatherRad0Center,2020,1,13,2.815327,0,3.54797,Dry,-0.8972683814861946,named in manuscript,2020-01-13,13,VAPV (Rad 0%),VAPV (Rad 0%) - Dry (2020)
Grass-Clover,weatherRad0Center,2020,1,14,2.810673,0,3.52759,Dry,-0.8972683814861946,named in manuscript,2020-01-14,14,VAPV (Rad 0%),VAPV (Rad 0%) - Dry (2020)
Grass-Clover,weatherRad0Center,2020,1,15,2.8073420000000002,0,3.51259,Dry,-0.8972683814861946,named in manuscript,2020-01-15,15,VAPV (Rad 0%),VAPV (Rad 0%) - Dry (2020)
Grass-Clover,weatherRad0Center,2020,1,16,2.802976,0,3.50035,Dry,-0.8972683814861946,named in manuscript,2020-01-16,16,VAPV (Rad 0%),VAPV (Rad 0%) - Dry (2020)
Grass-Clover,weatherRad0Center,2020,1,17,2.798832,0,3.4855400000000003,Dry,-0.8972683814861946,named in manuscript,2020-01-17,17,VAPV (Rad 0%),VAPV (Rad 0%) - Dry (2020)
Grass-Clover,weatherRad0Center,2020,1,18,2.795781,0,3.47233,Dry,-0.8972683814861946,named in manuscript,2020-01-18,18,VAPV (Rad 0%),VAPV (Rad 0%) - Dry (2020)
Grass-Clover,weatherRad0Center,2020,1,19,2.791151,0,3.46126,Dry,-0.8972683814861946,named in manuscript,2020-01-19,19,VAPV (Rad 0%),VAPV (Rad 0%) - Dry (2020)
Grass-Clover,weatherRad0Center,2020,1,20,2.788405,0,3.4464900000000003,Dry,-0.8972683814861946,named in manuscript,2020-01-20,20,VAPV (Rad 0%),VAPV (Rad 0%) - Dry (2020)
Grass-Clover,weatherRad0Center,2020,1,21,2.7842589999999996,0,3.435677,Dry,-0.8972683814861946,named in manuscript,2020-01-21,21,VAPV (Rad 0%),VAPV (Rad 0%) - Dry (2020)
Grass-Clover,weatherRad0Center,2020,1,22,2.77719,0,3.421564,Dry,-0.8972683814861946,named in manuscript,2020-01-22,22,VAPV (Rad 0%),VAPV (Rad 0%) - Dry (2020)
Grass-Clover,weatherRad0Center,2020,1,23,2.774304,0,3.4018110000000004,Dry,-0.8972683814861946,named in manuscript,2020-01-23,23,VAPV (Rad 0%),VAPV (Rad 0%) - Dry (2020)
Grass-Clover,weatherRad0Center,2020,1,24,2.771652,0,3.39094,Dry,-0.8972683814861946,named in manuscript,2020-01-24,24,VAPV (Rad 0%),VAPV (Rad 0%) - Dry (2020)
Grass-Clover,weatherRad0Center,2020,1,25,2.7656410000000005,0,3.380303,Dry,-0.8972683814861946,named in manuscript,2020-01-25,25,VAPV (Rad 0%),VAPV (Rad 0%) - Dry (2020)
Grass-Clover,weatherRad0Center,2020,1,26,2.762235,0,3.362927,Dry,-0.8972683814861946,named in manuscript,2020-01-26,26,VAPV (Rad 0%),VAPV (Rad 0%) - Dry (2020)
Grass-Clover,weatherRad0Center,2020,1,27,2.7577439999999998,0,3.351229,Dry,-0.8972683814861946,named in manuscript,2020-01-27,27,VAPV (Rad 0%),VAPV (Rad 0%) - Dry (2020)
Grass-Clover,weatherRad0Center,2020,1,28,2.753118,0,3.3367829999999996,Dry,-0.8972683814861946,named in manuscript,2020-01-28,28,VAPV (Rad 0%),VAPV (Rad 0%) - Dry (2020)
Grass-Clover,weatherRad0Center,2020,1,29,2.748658,0,3.322658,Dry,-0.8972683814861946,named in manuscript,2020-01-29,29,VAPV (Rad 0%),VAPV (Rad 0%) - Dry (2020)
Grass-Clover,weatherRad0Center,2020,1,30,2.745925,0,3.308532,Dry,-0.8972683814861946,named in manuscript,2020-01-30,30,VAPV (Rad 0%),VAPV (Rad 0%) - Dry (2020)
Grass-Clover,weatherRad0Center,2020,1,31,2.7446070000000002,0,3.298201,Dry,-0.8972683814861946,named in manuscript,2020-01-31,31,VAPV (Rad 0%),VAPV (Rad 0%) - Dry (2020)
Grass-Clover,weatherRad0Center,2020,2,1,2.7440040000000003,0,3.291042,Dry,-0.8972683814861946,named in manuscript,2020-02-01,32,VAPV (Rad 0%),VAPV (Rad 0%) - Dry (2020)
Grass-Clover,weatherRad0Center,2020,2,2,2.746328,0,3.2850639999999998,Dry,-0.8972683814861946,named in manuscript,2020-02-02,33,VAPV (Rad 0%),VAPV (Rad 0%) - Dry (2020)
Grass-Clover,weatherRad0Center,2020,2,3,2.74812,0,3.284777,Dry,-0.8972683814861946,named in manuscript,2020-02-03,34,VAPV (Rad 0%),VAPV (Rad 0%) - Dry (2020)
Grass-Clover,weatherRad0Center,2020,2,4,2.747157,0,3.283033,Dry,-0.8972683814861946,named in manuscript,2020-02-04,35,VAPV (Rad 0%),VAPV (Rad 0%) - Dry (2020)
Grass-Clover,weatherRad0Center,2020,2,5,2.744331,0,3.275655,Dry,-0.8972683814861946,named in manuscript,2020-02-05,36,VAPV (Rad 0%),VAPV (Rad 0%) - Dry (2020)
Grass-Clover,weatherRad0Center,2020,2,6,2.743284,0,3.264269,Dry,-0.8972683814861946,named in manuscript,2020-02-06,37,VAPV (Rad 0%),VAPV (Rad 0%) - Dry (2020)
Grass-Clover,weatherRad0Center,2020,2,7,2.744342,0,3.256396,Dry,-0.8972683814861946,named in manuscript,2020-02-07,38,VAPV (Rad 0%),VAPV (Rad 0%) - Dry (2020)
Grass-Clover,weatherRad0Center,2020,2,8,2.743746,0,3.253726,Dry,-0.8972683814861946,named in manuscript,2020-02-08,39,VAPV (Rad 0%),VAPV (Rad 0%) - Dry (2020)
Grass-Clover,weatherRad0Center,2020,2,9,2.74284,0,3.247787,Dry,-0.8972683814861946,named in manuscript,2020-02-09,40,VAPV (Rad 0%),VAPV (Rad 0%) - Dry (2020)
Grass-Clover,weatherRad0Center,2020,2,10,2.737863,0,3.241222,Dry,-0.8972683814861946,named in manuscript,2020-02-10,41,VAPV (Rad 0%),VAPV (Rad 0%) - Dry (2020)
Grass-Clover,weatherRad0Center,2020,2,11,2.735247,0,3.22588,Dry,-0.8972683814861946,named in manuscript,2020-02-11,42,VAPV (Rad 0%),VAPV (Rad 0%) - Dry (2020)
Grass-Clover,weatherRad0Center,2020,2,12,2.733069,0,3.216185,Dry,-0.8972683814861946,named in manuscript,2020-02-12,43,VAPV (Rad 0%),VAPV (Rad 0%) - Dry (2020)
Grass-Clover,weatherRad0Center,2020,2,13,2.731184,0,3.2067740000000002,Dry,-0.8972683814861946,named in manuscript,2020-02-13,44,VAPV (Rad 0%),VAPV (Rad 0%) - Dry (2020)
Grass-Clover,weatherRad0Center,2020,2,14,2.731808,0,3.197946,Dry,-0.8972683814861946,named in manuscript,2020-02-14,45,VAPV (Rad 0%),VAPV (Rad 0%) - Dry (2020)
Grass-Clover,weatherRad0Center,2020,2,15,2.733512,0,3.19383,Dry,-0.8972683814861946,named in manuscript,2020-02-15,46,VAPV (Rad 0%),VAPV (Rad 0%) - Dry (2020)
Grass-Clover,weatherRad0Center,2020,2,16,2.733997,0,3.191405,Dry,-0.8972683814861946,named in manuscript,2020-02-16,47,VAPV (Rad 0%),VAPV (Rad 0%) - Dry (2020)
Grass-Clover,weatherRad0Center,2020,2,17,2.7375119999999997,0,3.187276,Dry,-0.8972683814861946,named in manuscript,2020-02-17,48,VAPV (Rad 0%),VAPV (Rad 0%) - Dry (2020)
Grass-Clover,weatherRad0Center,2020,2,18,2.739659,0,3.189354,Dry,-0.8972683814861946,named in manuscript,2020-02-18,49,VAPV (Rad 0%),VAPV (Rad 0%) - Dry (2020)
Grass-Clover,weatherRad0Center,2020,2,19,2.742305,0,3.1885320000000004,Dry,-0.8972683814861946,named in manuscript,2020-02-19,50,VAPV (Rad 0%),VAPV (Rad 0%) - Dry (2020)
Grass-Clover,weatherRad0Center,2020,2,20,2.7466929999999996,0,3.1900579999999996,Dry,-0.8972683814861946,named in manuscript,2020-02-20,51,VAPV (Rad 0%),VAPV (Rad 0%) - Dry (2020)
Grass-Clover,weatherRad0Center,2020,2,21,2.749067,0,3.1943740000000003,Dry,-0.8972683814861946,named in manuscript,2020-02-21,52,VAPV (Rad 0%),VAPV (Rad 0%) - Dry (2020)
Grass-Clover,weatherRad0Center,2020,2,22,2.75257,0,3.194776,Dry,-0.8972683814861946,named in manuscript,2020-02-22,53,VAPV (Rad 0%),VAPV (Rad 0%) - Dry (2020)
Grass-Clover,weatherRad0Center,2020,2,23,2.756321,0,3.197655,Dry,-0.8972683814861946,named in manuscript,2020-02-23,54,VAPV (Rad 0%),VAPV (Rad 0%) - Dry (2020)
Grass-Clover,weatherRad0Center,2020,2,24,2.761352,0,3.2016410000000004,Dry,-0.8972683814861946,named in manuscript,2020-02-24,55,VAPV (Rad 0%),VAPV (Rad 0%) - Dry (2020)
Grass-Clover,weatherRad0Center,2020,2,25,2.7651200000000005,0,3.208057,Dry,-0.8972683814861946,named in manuscript,2020-02-25,56,VAPV (Rad 0%),VAPV (Rad 0%) - Dry (2020)
Grass-Clover,weatherRad0Center,2020,2,26,2.7662709999999997,0,3.210685,Dry,-0.8972683814861946,named in manuscript,2020-02-26,57,VAPV (Rad 0%),VAPV (Rad 0%) - Dry (2020)
Grass-Clover,weatherRad0Center,2020,2,27,2.765472,0,3.2076149999999997,Dry,-0.8972683814861946,named in manuscript,2020-02-27,58,VAPV (Rad 0%),VAPV (Rad 0%) - Dry (2020)
Grass-Clover,weatherRad0Center,2020,2,28,2.763784,0,3.199539,Dry,-0.8972683814861946,named in manuscript,2020-02-28,59,VAPV (Rad 0%),VAPV (Rad 0%) - Dry (2020)
Grass-Clover,weatherRad0Center,2020,2,29,2.7662890000000004,0,3.189069,Dry,-0.8972683814861946,named in manuscript,2020-02-29,60,VAPV (Rad 0%),VAPV (Rad 0%) - Dry (2020)
Grass-Clover,weatherRad0Center,2020,3,1,2.765732,0,3.1878010000000003,Dry,-0.8972683814861946,named in manuscript,2020-03-01,61,VAPV (Rad 0%),VAPV (Rad 0%) - Dry (2020)
Grass-Clover,weatherRad0Center,2020,3,2,2.7667200000000003,0,3.1801269999999997,Dry,-0.8972683814861946,named in manuscript,2020-03-02,62,VAPV (Rad 0%),VAPV (Rad 0%) - Dry (2020)
Grass-Clover,weatherRad0Center,2020,3,3,2.7723459999999998,0,3.1774799999999996,Dry,-0.8972683814861946,named in manuscript,2020-03-03,63,VAPV (Rad 0%),VAPV (Rad 0%) - Dry (2020)
Grass-Clover,weatherRad0Center,2020,3,4,2.776172,0,3.184173,Dry,-0.8972683814861946,named in manuscript,2020-03-04,64,VAPV (Rad 0%),VAPV (Rad 0%) - Dry (2020)
Grass-Clover,weatherRad0Center,2020,3,5,2.780265,0,3.186365,Dry,-0.8972683814861946,named in manuscript,2020-03-05,65,VAPV (Rad 0%),VAPV (Rad 0%) - Dry (2020)
Grass-Clover,weatherRad0Center,2020,3,6,2.785749,0,3.189297,Dry,-0.8972683814861946,named in manuscript,2020-03-06,66,VAPV (Rad 0%),VAPV (Rad 0%) - Dry (2020)
Grass-Clover,weatherRad0Center,2020,3,7,2.788332,0,3.194341,Dry,-0.8972683814861946,named in manuscript,2020-03-07,67,VAPV (Rad 0%),VAPV (Rad 0%) - Dry (2020)
Grass-Clover,weatherRad0Center,2020,3,8,2.789996,0,3.192734,Dry,-0.8972683814861946,named in manuscript,2020-03-08,68,VAPV (Rad 0%),VAPV (Rad 0%) - Dry (2020)
Grass-Clover,weatherRad0Center,2020,3,9,2.791223,0,3.188967,Dry,-0.8972683814861946,named in manuscript,2020-03-09,69,VAPV (Rad 0%),VAPV (Rad 0%) - Dry (2020)
Grass-Clover,weatherRad0Center,2020,3,10,2.7973790000000003,0,3.1861420000000003,Dry,-0.8972683814861946,named in manuscript,2020-03-10,70,VAPV (Rad 0%),VAPV (Rad 0%) - Dry (2020)
Grass-Clover,weatherRad0Center,2020,3,11,2.80396,0,3.1952680000000004,Dry,-0.8972683814861946,named in manuscript,2020-03-11,71,VAPV (Rad 0%),VAPV (Rad 0%) - Dry (2020)
Grass-Clover,weatherRad0Center,2020,3,12,2.817455,0,3.2043989999999996,Dry,-0.8972683814861946,named in manuscript,2020-03-12,72,VAPV (Rad 0%),VAPV (Rad 0%) - Dry (2020)
Grass-Clover,weatherRad0Center,2020,3,13,2.830585,0,3.2290170000000002,Dry,-0.8972683814861946,named in manuscript,2020-03-13,73,VAPV (Rad 0%),VAPV (Rad 0%) - Dry (2020)
Grass-Clover,weatherRad0Center,2020,3,14,2.840103,0,3.251537,Dry,-0.8972683814861946,named in manuscript,2020-03-14,74,VAPV (Rad 0%),VAPV (Rad 0%) - Dry (2020)
Grass-Clover,weatherRad0Center,2020,3,15,2.846587,0,3.265659,Dry,-0.8972683814861946,named in manuscript,2020-03-15,75,VAPV (Rad 0%),VAPV (Rad 0%) - Dry (2020)
Grass-Clover,weatherRad0Center,2020,3,16,2.851188,0,3.2718629999999997,Dry,-0.8972683814861946,named in manuscript,2020-03-16,76,VAPV (Rad 0%),VAPV (Rad 0%) - Dry (2020)
Grass-Clover,weatherRad0Center,2020,3,17,2.860182,0,3.274228,Dry,-0.8972683814861946,named in manuscript,2020-03-17,77,VAPV (Rad 0%),VAPV (Rad 0%) - Dry (2020)
Grass-Clover,weatherRad0Center,2020,3,18,2.871449,0,3.2885590000000002,Dry,-0.8972683814861946,named in manuscript,2020-03-18,78,VAPV (Rad 0%),VAPV (Rad 0%) - Dry (2020)
Grass-Clover,weatherRad0Center,2020,3,19,2.883426,0,3.306836,Dry,-0.8972683814861946,named in manuscript,2020-03-19,79,VAPV (Rad 0%),VAPV (Rad 0%) - Dry (2020)
Grass-Clover,weatherRad0Center,2020,3,20,2.898878,0,3.327609,Dry,-0.8972683814861946,named in manuscript,2020-03-20,80,VAPV (Rad 0%),VAPV (Rad 0%) - Dry (2020)
Grass-Clover,weatherRad0Center,2020,3,21,2.91369,0,3.3550519999999997,Dry,-0.8972683814861946,named in manuscript,2020-03-21,81,VAPV (Rad 0%),VAPV (Rad 0%) - Dry (2020)
Grass-Clover,weatherRad0Center,2020,3,22,2.9241219999999997,0,3.379485,Dry,-0.8972683814861946,named in manuscript,2020-03-22,82,VAPV (Rad 0%),VAPV (Rad 0%) - Dry (2020)
Grass-Clover,weatherRad0Center,2020,3,23,2.9304240000000004,0,3.391865,Dry,-0.8972683814861946,named in manuscript,2020-03-23,83,VAPV (Rad 0%),VAPV (Rad 0%) - Dry (2020)
Grass-Clover,weatherRad0Center,2020,3,24,2.936891,0,3.396056,Dry,-0.8972683814861946,named in manuscript,2020-03-24,84,VAPV (Rad 0%),VAPV (Rad 0%) - Dry (2020)
Grass-Clover,weatherRad0Center,2020,3,25,2.9490680000000005,0,3.399866,Dry,-0.8972683814861946,named in manuscript,2020-03-25,85,VAPV (Rad 0%),VAPV (Rad 0%) - Dry (2020)
Grass-Clover,weatherRad0Center,2020,3,26,2.968342,0,3.41643,Dry,-0.8972683814861946,named in manuscript,2020-03-26,86,VAPV (Rad 0%),VAPV (Rad 0%) - Dry (2020)
Grass-Clover,weatherRad0Center,2020,3,27,2.988607,0,3.4500830000000002,Dry,-0.8972683814861946,named in manuscript,2020-03-27,87,VAPV (Rad 0%),VAPV (Rad 0%) - Dry (2020)
Grass-Clover,weatherRad0Center,2020,3,28,3.007891,0,3.4862019999999996,Dry,-0.8972683814861946,named in manuscript,2020-03-28,88,VAPV (Rad 0%),VAPV (Rad 0%) - Dry (2020)
Grass-Clover,weatherRad0Center,2020,3,29,3.0297110000000003,0,3.519062,Dry,-0.8972683814861946,named in manuscript,2020-03-29,89,VAPV (Rad 0%),VAPV (Rad 0%) - Dry (2020)
Grass-Clover,weatherRad0Center,2020,3,30,3.046548,0,3.557855,Dry,-0.8972683814861946,named in manuscript,2020-03-30,90,VAPV (Rad 0%),VAPV (Rad 0%) - Dry (2020)
Grass-Clover,weatherRad0Center,2020,3,31,3.061753,0,3.58411,Dry,-0.8972683814861946,named in manuscript,2020-03-31,91,VAPV (Rad 0%),VAPV (Rad 0%) - Dry (2020)
Grass-Clover,weatherRad0Center,2020,4,1,3.074212,0,3.6058200000000005,Dry,-0.8972683814861946,named in manuscript,2020-04-01,92,VAPV (Rad 0%),VAPV (Rad 0%) - Dry (2020)
Grass-Clover,weatherRad0Center,2020,4,2,3.0898899999999996,0,3.62336,Dry,-0.8972683814861946,named in manuscript,2020-04-02,93,VAPV (Rad 0%),VAPV (Rad 0%) - Dry (2020)
Grass-Clover,weatherRad0Center,2020,4,3,3.106678,0,3.64918,Dry,-0.8972683814861946,named in manuscript,2020-04-03,94,VAPV (Rad 0%),VAPV (Rad 0%) - Dry (2020)
Grass-Clover,weatherRad0Center,2020,4,4,3.123796,0,3.67811,Dry,-0.8972683814861946,named in manuscript,2020-04-04,95,VAPV (Rad 0%),VAPV (Rad 0%) - Dry (2020)
Grass-Clover,weatherRad0Center,2020,4,5,3.145534,0,3.70676,Dry,-0.8972683814861946,named in manuscript,2020-04-05,96,VAPV (Rad 0%),VAPV (Rad 0%) - Dry (2020)
Grass-Clover,weatherRad0Center,2020,4,6,3.197381,0,3.74557,Dry,-0.8972683814861946,named in manuscript,2020-04-06,97,VAPV (Rad 0%),VAPV (Rad 0%) - Dry (2020)
Grass-Clover,weatherRad0Center,2020,4,7,3.2974069999999998,0,3.84236,Dry,-0.8972683814861946,named in manuscript,2020-04-07,98,VAPV (Rad 0%),VAPV (Rad 0%) - Dry (2020)
Grass-Clover,weatherRad0Center,2020,4,8,3.4078549999999996,0,4.02041,Dry,-0.8972683814861946,named in manuscript,2020-04-08,99,VAPV (Rad 0%),VAPV (Rad 0%) - Dry (2020)
Grass-Clover,weatherRad0Center,2020,4,9,3.51374,0,4.21247,Dry,-0.8972683814861946,named in manuscript,2020-04-09,100,VAPV (Rad 0%),VAPV (Rad 0%) - Dry (2020)
Grass-Clover,weatherRad0Center,2020,4,10,3.594663,0,4.39803,Dry,-0.8972683814861946,named in manuscript,2020-04-10,101,VAPV (Rad 0%),VAPV (Rad 0%) - Dry (2020)
Grass-Clover,weatherRad0Center,2020,4,11,3.645607,0,4.541370000000001,Dry,-0.8972683814861946,named in manuscript,2020-04-11,102,VAPV (Rad 0%),VAPV (Rad 0%) - Dry (2020)
Grass-Clover,weatherRad0Center,2020,4,12,3.673785,0,4.63199,Dry,-0.8972683814861946,named in manuscript,2020-04-12,103,VAPV (Rad 0%),VAPV (Rad 0%) - Dry (2020)
Grass-Clover,weatherRad0Center,2020,4,13,3.723881,0,4.67834,Dry,-0.8972683814861946,named in manuscript,2020-04-13,104,VAPV (Rad 0%),VAPV (Rad 0%) - Dry (2020)
Grass-Clover,weatherRad0Center,2020,4,14,3.7723280000000003,0,4.76902,Dry,-0.8972683814861946,named in manuscript,2020-04-14,105,VAPV (Rad 0%),VAPV (Rad 0%) - Dry (2020)
Grass-Clover,weatherRad0Center,2020,4,15,3.809939,0,4.8553,Dry,-0.8972683814861946,named in manuscript,2020-04-15,106,VAPV (Rad 0%),VAPV (Rad 0%) - Dry (2020)
Grass-Clover,weatherRad0Center,2020,4,16,3.8631569999999997,0,4.9238599999999995,Dry,-0.8972683814861946,named in manuscript,2020-04-16,107,VAPV (Rad 0%),VAPV (Rad 0%) - Dry (2020)
Grass-Clover,weatherRad0Center,2020,4,17,3.934152,0,5.02342,Dry,-0.8972683814861946,named in manuscript,2020-04-17,108,VAPV (Rad 0%),VAPV (Rad 0%) - Dry (2020)
Grass-Clover,weatherRad0Center,2020,4,18,3.9982819999999997,0,5.15615,Dry,-0.8972683814861946,named in manuscript,2020-04-18,109,VAPV (Rad 0%),VAPV (Rad 0%) - Dry (2020)
Grass-Clover,weatherRad0Center,2020,4,19,4.051565,0,5.27534,Dry,-0.8972683814861946,named in manuscript,2020-04-19,110,VAPV (Rad 0%),VAPV (Rad 0%) - Dry (2020)
Grass-Clover,weatherRad0Center,2020,4,20,4.12181,0,5.37551,Dry,-0.8972683814861946,named in manuscript,2020-04-20,111,VAPV (Rad 0%),VAPV (Rad 0%) - Dry (2020)
Grass-Clover,weatherRad0Center,2020,4,21,4.22569,0,5.50963,Dry,-0.8972683814861946,named in manuscript,2020-04-21,112,VAPV (Rad 0%),VAPV (Rad 0%) - Dry (2020)
Grass-Clover,weatherRad0Center,2020,4,22,4.358013,0,5.697139999999999,Dry,-0.8972683814861946,named in manuscript,2020-04-22,113,VAPV (Rad 0%),VAPV (Rad 0%) - Dry (2020)
Grass-Clover,weatherRad0Center,2020,4,23,4.519197,0,5.93468,Dry,-0.8972683814861946,named in manuscript,2020-04-23,114,VAPV (Rad 0%),VAPV (Rad 0%) - Dry (2020)
Grass-Clover,weatherRad0Center,2020,4,24,4.700439,0,6.21065,Dry,-0.8972683814861946,named in manuscript,2020-04-24,115,VAPV (Rad 0%),VAPV (Rad 0%) - Dry (2020)
Grass-Clover,weatherRad0Center,2020,4,25,4.872376,0,6.511699999999999,Dry,-0.8972683814861946,named in manuscript,2020-04-25,116,VAPV (Rad 0%),VAPV (Rad 0%) - Dry (2020)
Grass-Clover,weatherRad0Center,2020,4,26,5.0179860000000005,0,6.7968,Dry,-0.8972683814861946,named in manuscript,2020-04-26,117,VAPV (Rad 0%),VAPV (Rad 0%) - Dry (2020)
Grass-Clover,weatherRad0Center,2020,4,27,5.134111,0,7.04055,Dry,-0.8972683814861946,named in manuscript,2020-04-27,118,VAPV (Rad 0%),VAPV (Rad 0%) - Dry (2020)
Grass-Clover,weatherRad0Center,2020,4,28,5.202372,0,7.24049,Dry,-0.8972683814861946,named in manuscript,2020-04-28,119,VAPV (Rad 0%),VAPV (Rad 0%) - Dry (2020)
Grass-Clover,weatherRad0Center,2020,4,29,5.259364,0,7.33484,Dry,-0.8972683814861946,named in manuscript,2020-04-29,120,VAPV (Rad 0%),VAPV (Rad 0%) - Dry (2020)
Grass-Clover,weatherRad0Center,2020,4,30,5.319623,0,7.424849999999999,Dry,-0.8972683814861946,named in manuscript,2020-04-30,121,VAPV (Rad 0%),VAPV (Rad 0%) - Dry (2020)
Grass-Clover,weatherRad0Center,2020,5,1,5.3507679999999995,0,7.521469999999999,Dry,-0.8972683814861946,named in manuscript,2020-05-01,122,VAPV (Rad 0%),VAPV (Rad 0%) - Dry (2020)
Grass-Clover,weatherRad0Center,2020,5,2,5.39466,0,7.55695,Dry,-0.8972683814861946,named in manuscript,2020-05-02,123,VAPV (Rad 0%),VAPV (Rad 0%) - Dry (2020)
Grass-Clover,weatherRad0Center,2020,5,3,5.46116,0,7.62026,Dry,-0.8972683814861946,named in manuscript,2020-05-03,124,VAPV (Rad 0%),VAPV (Rad 0%) - Dry (2020)
Grass-Clover,weatherRad0Center,2020,5,4,5.56065,0,7.72392,Dry,-0.8972683814861946,named in manuscript,2020-05-04,125,VAPV (Rad 0%),VAPV (Rad 0%) - Dry (2020)
Grass-Clover,weatherRad0Center,2020,5,5,5.67176,0,7.88644,Dry,-0.8972683814861946,named in manuscript,2020-05-05,126,VAPV (Rad 0%),VAPV (Rad 0%) - Dry (2020)
Grass-Clover,weatherRad0Center,2020,5,6,5.79308,0,8.06631,Dry,-0.8972683814861946,named in manuscript,2020-05-06,127,VAPV (Rad 0%),VAPV (Rad 0%) - Dry (2020)
Grass-Clover,weatherRad0Center,2020,5,7,5.92366,0,8.26478,Dry,-0.8972683814861946,named in manuscript,2020-05-07,128,VAPV (Rad 0%),VAPV (Rad 0%) - Dry (2020)
Grass-Clover,weatherRad0Center,2020,5,8,1.751015,0,1.8631199999999999,Dry,-0.8972683814861946,named in manuscript,2020-05-08,129,VAPV (Rad 0%),VAPV (Rad 0%) - Dry (2020)
Grass-Clover,weatherRad0Center,2020,5,9,1.858697,0,2.1569200000000004,Dry,-0.8972683814861946,named in manuscript,2020-05-09,130,VAPV (Rad 0%),VAPV (Rad 0%) - Dry (2020)
Grass-Clover,weatherRad0Center,2020,5,10,1.979038,0,2.39528,Dry,-0.8972683814861946,named in manuscript,2020-05-10,131,VAPV (Rad 0%),VAPV (Rad 0%) - Dry (2020)
Grass-Clover,weatherRad0Center,2020,5,11,2.094622,0,2.64663,Dry,-0.8972683814861946,named in manuscript,2020-05-11,132,VAPV (Rad 0%),VAPV (Rad 0%) - Dry (2020)
Grass-Clover,weatherRad0Center,2020,5,12,2.203579,0,2.8882399999999997,Dry,-0.8972683814861946,named in manuscript,2020-05-12,133,VAPV (Rad 0%),VAPV (Rad 0%) - Dry (2020)
Grass-Clover,weatherRad0Center,2020,5,13,2.313662,0,3.1341900000000003,Dry,-0.8972683814861946,named in manuscript,2020-05-13,134,VAPV (Rad 0%),VAPV (Rad 0%) - Dry (2020)
Grass-Clover,weatherRad0Center,2020,5,14,2.4408260000000004,0,3.39081,Dry,-0.8972683814861946,named in manuscript,2020-05-14,135,VAPV (Rad 0%),VAPV (Rad 0%) - Dry (2020)
Grass-Clover,weatherRad0Center,2020,5,15,2.596895,0,3.69409,Dry,-0.8972683814861946,named in manuscript,2020-05-15,136,VAPV (Rad 0%),VAPV (Rad 0%) - Dry (2020)
Grass-Clover,weatherRad0Center,2020,5,16,2.787895,0,4.06706,Dry,-0.8972683814861946,named in manuscript,2020-05-16,137,VAPV (Rad 0%),VAPV (Rad 0%) - Dry (2020)
Grass-Clover,weatherRad0Center,2020,5,17,2.9096339999999996,0,4.50614,Dry,-0.8972683814861946,named in manuscript,2020-05-17,138,VAPV (Rad 0%),VAPV (Rad 0%) - Dry (2020)
Grass-Clover,weatherRad0Center,2020,5,18,3.0288690000000003,0,4.7889099999999996,Dry,-0.8972683814861946,named in manuscript,2020-05-18,139,VAPV (Rad 0%),VAPV (Rad 0%) - Dry (2020)
Grass-Clover,weatherRad0Center,2020,5,19,3.133744,0,5.04169,Dry,-0.8972683814861946,named in manuscript,2020-05-19,140,VAPV (Rad 0%),VAPV (Rad 0%) - Dry (2020)
Grass-Clover,weatherRad0Center,2020,5,20,3.255487,0,5.273020000000001,Dry,-0.8972683814861946,named in manuscript,2020-05-20,141,VAPV (Rad 0%),VAPV (Rad 0%) - Dry (2020)
Grass-Clover,weatherRad0Center,2020,5,21,3.412805,0,5.52403,Dry,-0.8972683814861946,named in manuscript,2020-05-21,142,VAPV (Rad 0%),VAPV (Rad 0%) - Dry (2020)
Grass-Clover,weatherRad0Center,2020,5,22,3.5964669999999996,0,5.84778,Dry,-0.8972683814861946,named in manuscript,2020-05-22,143,VAPV (Rad 0%),VAPV (Rad 0%) - Dry (2020)
Grass-Clover,weatherRad0Center,2020,5,23,3.760056,0,6.221019999999999,Dry,-0.8972683814861946,named in manuscript,2020-05-23,144,VAPV (Rad 0%),VAPV (Rad 0%) - Dry (2020)
Grass-Clover,weatherRad0Center,2020,5,24,3.9041099999999997,0,6.52688,Dry,-0.8972683814861946,named in manuscript,2020-05-24,145,VAPV (Rad 0%),VAPV (Rad 0%) - Dry (2020)
Grass-Clover,weatherRad0Center,2020,5,25,4.0000160000000005,0,6.79265,Dry,-0.8972683814861946,named in manuscript,2020-05-25,146,VAPV (Rad 0%),VAPV (Rad 0%) - Dry (2020)
Grass-Clover,weatherRad0Center,2020,5,26,4.100766,0,6.969569999999999,Dry,-0.8972683814861946,named in manuscript,2020-05-26,147,VAPV (Rad 0%),VAPV (Rad 0%) - Dry (2020)
Grass-Clover,weatherRad0Center,2020,5,27,4.226364,0,7.15958,Dry,-0.8972683814861946,named in manuscript,2020-05-27,148,VAPV (Rad 0%),VAPV (Rad 0%) - Dry (2020)
Grass-Clover,weatherRad0Center,2020,5,28,4.363443,0,7.39699,Dry,-0.8972683814861946,named in manuscript,2020-05-28,149,VAPV (Rad 0%),VAPV (Rad 0%) - Dry (2020)
Grass-Clover,weatherRad0Center,2020,5,29,4.498978,0,7.65178,Dry,-0.8972683814861946,named in manuscript,2020-05-29,150,VAPV (Rad 0%),VAPV (Rad 0%) - Dry (2020)
Grass-Clover,weatherRad0Center,2020,5,30,4.64641,0,7.90217,Dry,-0.8972683814861946,named in manuscript,2020-05-30,151,VAPV (Rad 0%),VAPV (Rad 0%) - Dry (2020)
Grass-Clover,weatherRad0Center,2020,5,31,4.809855000000001,0,8.16946,Dry,-0.8972683814861946,named in manuscript,2020-05-31,152,VAPV (Rad 0%),VAPV (Rad 0%) - Dry (2020)
Grass-Clover,weatherRad0Center,2020,6,1,4.962116,0,8.44323,Dry,-0.8972683814861946,named in manuscript,2020-06-01,153,VAPV (Rad 0%),VAPV (Rad 0%) - Dry (2020)
Grass-Clover,weatherRad0Center,2020,6,2,5.120308,0,8.697659999999999,Dry,-0.8972683814861946,named in manuscript,2020-06-02,154,VAPV (Rad 0%),VAPV (Rad 0%) - Dry (2020)
Grass-Clover,weatherRad0Center,2020,6,3,5.275773,0,8.93073,Dry,-0.8972683814861946,named in manuscript,2020-06-03,155,VAPV (Rad 0%),VAPV (Rad 0%) - Dry (2020)
Grass-Clover,weatherRad0Center,2020,6,4,5.396501000000001,0,9.13434,Dry,-0.8972683814861946,named in manuscript,2020-06-04,156,VAPV (Rad 0%),VAPV (Rad 0%) - Dry (2020)
Grass-Clover,weatherRad0Center,2020,6,5,5.47713,0,9.29341,Dry,-0.8972683814861946,named in manuscript,2020-06-05,157,VAPV (Rad 0%),VAPV (Rad 0%) - Dry (2020)
Grass-Clover,weatherRad0Center,2020,6,6,5.539322,0,9.37421,Dry,-0.8972683814861946,named in manuscript,2020-06-06,158,VAPV (Rad 0%),VAPV (Rad 0%) - Dry (2020)
Grass-Clover,weatherRad0Center,2020,6,7,5.588785,0,9.42728,Dry,-0.8972683814861946,named in manuscript,2020-06-07,159,VAPV (Rad 0%),VAPV (Rad 0%) - Dry (2020)
Grass-Clover,weatherRad0Center,2020,6,8,5.637104,0,9.44984,Dry,-0.8972683814861946,named in manuscript,2020-06-08,160,VAPV (Rad 0%),VAPV (Rad 0%) - Dry (2020)
Grass-Clover,weatherRad0Center,2020,6,9,5.698235,0,9.46455,Dry,-0.8972683814861946,named in manuscript,2020-06-09,161,VAPV (Rad 0%),VAPV (Rad 0%) - Dry (2020)
Grass-Clover,weatherRad0Center,2020,6,10,5.748979,0,9.494679999999999,Dry,-0.8972683814861946,named in manuscript,2020-06-10,162,VAPV (Rad 0%),VAPV (Rad 0%) - Dry (2020)
Grass-Clover,weatherRad0Center,2020,6,11,5.816898,0,9.49557,Dry,-0.8972683814861946,named in manuscript,2020-06-11,163,VAPV (Rad 0%),VAPV (Rad 0%) - Dry (2020)
Grass-Clover,weatherRad0Center,2020,6,12,5.9086929999999995,0,9.51257,Dry,-0.8972683814861946,named in manuscript,2020-06-12,164,VAPV (Rad 0%),VAPV (Rad 0%) - Dry (2020)
Grass-Clover,weatherRad0Center,2020,6,13,5.963808,0,9.55683,Dry,-0.8972683814861946,named in manuscript,2020-06-13,165,VAPV (Rad 0%),VAPV (Rad 0%) - Dry (2020)
Grass-Clover,weatherRad0Center,2020,6,14,6.008985000000001,0,9.52804,Dry,-0.8972683814861946,named in manuscript,2020-06-14,166,VAPV (Rad 0%),VAPV (Rad 0%) - Dry (2020)
Grass-Clover,weatherRad0Center,2020,6,15,6.100289,0,9.470089999999999,Dry,-0.8972683814861946,named in manuscript,2020-06-15,167,VAPV (Rad 0%),VAPV (Rad 0%) - Dry (2020)
Grass-Clover,weatherRad0Center,2020,6,16,6.234749,0,9.47937,Dry,-0.8972683814861946,named in manuscript,2020-06-16,168,VAPV (Rad 0%),VAPV (Rad 0%) - Dry (2020)
Grass-Clover,weatherRad0Center,2020,6,17,6.38999,0,9.53387,Dry,-0.8972683814861946,named in manuscript,2020-06-17,169,VAPV (Rad 0%),VAPV (Rad 0%) - Dry (2020)
Grass-Clover,weatherRad0Center,2020,6,18,6.504014,0,9.5798,Dry,-0.8972683814861946,named in manuscript,2020-06-18,170,VAPV (Rad 0%),VAPV (Rad 0%) - Dry (2020)
Grass-Clover,weatherRad0Center,2020,6,19,2.001933,0,2.348393,Dry,-0.8972683814861946,named in manuscript,2020-06-19,171,VAPV (Rad 0%),VAPV (Rad 0%) - Dry (2020)
Grass-Clover,weatherRad0Center,2020,6,20,2.090126,0,2.58084,Dry,-0.8972683814861946,named in manuscript,2020-06-20,172,VAPV (Rad 0%),VAPV (Rad 0%) - Dry (2020)
Grass-Clover,weatherRad0Center,2020,6,21,2.159123,0,2.73321,Dry,-0.8972683814861946,named in manuscript,2020-06-21,173,VAPV (Rad 0%),VAPV (Rad 0%) - Dry (2020)
Grass-Clover,weatherRad0Center,2020,6,22,2.321467,0,2.8573500000000003,Dry,-0.8972683814861946,named in manuscript,2020-06-22,174,VAPV (Rad 0%),VAPV (Rad 0%) - Dry (2020)
Grass-Clover,weatherRad0Center,2020,6,23,2.580906,0,3.1913,Dry,-0.8972683814861946,named in manuscript,2020-06-23,175,VAPV (Rad 0%),VAPV (Rad 0%) - Dry (2020)
Grass-Clover,weatherRad0Center,2020,6,24,2.917681,0,3.7303800000000003,Dry,-0.8972683814861946,named in manuscript,2020-06-24,176,VAPV (Rad 0%),VAPV (Rad 0%) - Dry (2020)
Grass-Clover,weatherRad0Center,2020,6,25,3.296318,0,4.43102,Dry,-0.8972683814861946,named in manuscript,2020-06-25,177,VAPV (Rad 0%),VAPV (Rad 0%) - Dry (2020)
Grass-Clover,weatherRad0Center,2020,6,26,3.619744,0,5.210570000000001,Dry,-0.8972683814861946,named in manuscript,2020-06-26,178,VAPV (Rad 0%),VAPV (Rad 0%) - Dry (2020)
Grass-Clover,weatherRad0Center,2020,6,27,3.915083,0,5.8281,Dry,-0.8972683814861946,named in manuscript,2020-06-27,179,VAPV (Rad 0%),VAPV (Rad 0%) - Dry (2020)
Grass-Clover,weatherRad0Center,2020,6,28,4.1930119999999995,0,6.37585,Dry,-0.8972683814861946,named in manuscript,2020-06-28,180,VAPV (Rad 0%),VAPV (Rad 0%) - Dry (2020)
Grass-Clover,weatherRad0Center,2020,6,29,4.4147229999999995,0,6.87242,Dry,-0.8972683814861946,named in manuscript,2020-06-29,181,VAPV (Rad 0%),VAPV (Rad 0%) - Dry (2020)
Grass-Clover,weatherRad0Center,2020,6,30,4.600175,0,7.25,Dry,-0.8972683814861946,named in manuscript,2020-06-30,182,VAPV (Rad 0%),VAPV (Rad 0%) - Dry (2020)
Grass-Clover,weatherRad0Center,2020,7,1,4.776141,0,7.57491,Dry,-0.8972683814861946,named in manuscript,2020-07-01,183,VAPV (Rad 0%),VAPV (Rad 0%) - Dry (2020)
Grass-Clover,weatherRad0Center,2020,7,2,4.948218000000001,0,7.85452,Dry,-0.8972683814861946,named in manuscript,2020-07-02,184,VAPV (Rad 0%),VAPV (Rad 0%) - Dry (2020)
Grass-Clover,weatherRad0Center,2020,7,3,5.154472,0,8.15039,Dry,-0.8972683814861946,named in manuscript,2020-07-03,185,VAPV (Rad 0%),VAPV (Rad 0%) - Dry (2020)
Grass-Clover,weatherRad0Center,2020,7,4,5.325167,0,8.48766,Dry,-0.8972683814861946,named in manuscript,2020-07-04,186,VAPV (Rad 0%),VAPV (Rad 0%) - Dry (2020)
Grass-Clover,weatherRad0Center,2020,7,5,5.426424,0,8.748819999999998,Dry,-0.8972683814861946,named in manuscript,2020-07-05,187,VAPV (Rad 0%),VAPV (Rad 0%) - Dry (2020)
Grass-Clover,weatherRad0Center,2020,7,6,5.518598,0,8.84846,Dry,-0.8972683814861946,named in manuscript,2020-07-06,188,VAPV (Rad 0%),VAPV (Rad 0%) - Dry (2020)
Grass-Clover,weatherRad0Center,2020,7,7,5.639048,0,8.930399999999999,Dry,-0.8972683814861946,named in manuscript,2020-07-07,189,VAPV (Rad 0%),VAPV (Rad 0%) - Dry (2020)
Grass-Clover,weatherRad0Center,2020,7,8,5.762783,0,9.05982,Dry,-0.8972683814861946,named in manuscript,2020-07-08,190,VAPV (Rad 0%),VAPV (Rad 0%) - Dry (2020)
Grass-Clover,weatherRad0Center,2020,7,9,5.918188,0,9.194859999999998,Dry,-0.8972683814861946,named in manuscript,2020-07-09,191,VAPV (Rad 0%),VAPV (Rad 0%) - Dry (2020)
Grass-Clover,weatherRad0Center,2020,7,10,6.095317999999999,0,9.37322,Dry,-0.8972683814861946,named in manuscript,2020-07-10,192,VAPV (Rad 0%),VAPV (Rad 0%) - Dry (2020)
Grass-Clover,weatherRad0Center,2020,7,11,6.250255,0,9.583590000000001,Dry,-0.8972683814861946,named in manuscript,2020-07-11,193,VAPV (Rad 0%),VAPV (Rad 0%) - Dry (2020)
Grass-Clover,weatherRad0Center,2020,7,12,6.387762,0,9.73334,Dry,-0.8972683814861946,named in manuscript,2020-07-12,194,VAPV (Rad 0%),VAPV (Rad 0%) - Dry (2020)
Grass-Clover,weatherRad0Center,2020,7,13,6.508141999999999,0,9.84861,Dry,-0.8972683814861946,named in manuscript,2020-07-13,195,VAPV (Rad 0%),VAPV (Rad 0%) - Dry (2020)
Grass-Clover,weatherRad0Center,2020,7,14,6.620673,0,9.91113,Dry,-0.8972683814861946,named in manuscript,2020-07-14,196,VAPV (Rad 0%),VAPV (Rad 0%) - Dry (2020)
Grass-Clover,weatherRad0Center,2020,7,15,6.688216000000001,0,9.95382,Dry,-0.8972683814861946,named in manuscript,2020-07-15,197,VAPV (Rad 0%),VAPV (Rad 0%) - Dry (2020)
Grass-Clover,weatherRad0Center,2020,7,16,6.7645859999999995,0,9.90892,Dry,-0.8972683814861946,named in manuscript,2020-07-16,198,VAPV (Rad 0%),VAPV (Rad 0%) - Dry (2020)
Grass-Clover,weatherRad0Center,2020,7,17,6.868137000000001,0,9.881979999999999,Dry,-0.8972683814861946,named in manuscript,2020-07-17,199,VAPV (Rad 0%),VAPV (Rad 0%) - Dry (2020)
Grass-Clover,weatherRad0Center,2020,7,18,7.000025,0,9.89679,Dry,-0.8972683814861946,named in manuscript,2020-07-18,200,VAPV (Rad 0%),VAPV (Rad 0%) - Dry (2020)
Grass-Clover,weatherRad0Center,2020,7,19,7.139879,0,9.94514,Dry,-0.8972683814861946,named in manuscript,2020-07-19,201,VAPV (Rad 0%),VAPV (Rad 0%) - Dry (2020)
Grass-Clover,weatherRad0Center,2020,7,20,7.214887,0,9.98482,Dry,-0.8972683814861946,named in manuscript,2020-07-20,202,VAPV (Rad 0%),VAPV (Rad 0%) - Dry (2020)
Grass-Clover,weatherRad0Center,2020,7,21,7.302906999999999,0,9.91014,Dry,-0.8972683814861946,named in manuscript,2020-07-21,203,VAPV (Rad 0%),VAPV (Rad 0%) - Dry (2020)
Grass-Clover,weatherRad0Center,2020,7,22,7.430382,0,9.86797,Dry,-0.8972683814861946,named in manuscript,2020-07-22,204,VAPV (Rad 0%),VAPV (Rad 0%) - Dry (2020)
Grass-Clover,weatherRad0Center,2020,7,23,7.565467999999999,0,9.87387,Dry,-0.8972683814861946,named in manuscript,2020-07-23,205,VAPV (Rad 0%),VAPV (Rad 0%) - Dry (2020)
Grass-Clover,weatherRad0Center,2020,7,24,7.6867909999999995,0,9.90248,Dry,-0.8972683814861946,named in manuscript,2020-07-24,206,VAPV (Rad 0%),VAPV (Rad 0%) - Dry (2020)
Grass-Clover,weatherRad0Center,2020,7,25,7.770924000000001,0,9.88852,Dry,-0.8972683814861946,named in manuscript,2020-07-25,207,VAPV (Rad 0%),VAPV (Rad 0%) - Dry (2020)
Grass-Clover,weatherRad0Center,2020,7,26,2.207237,0,2.196236,Dry,-0.8972683814861946,named in manuscript,2020-07-26,208,VAPV (Rad 0%),VAPV (Rad 0%) - Dry (2020)
Grass-Clover,weatherRad0Center,2020,7,27,2.295124,0,2.437335,Dry,-0.8972683814861946,named in manuscript,2020-07-27,209,VAPV (Rad 0%),VAPV (Rad 0%) - Dry (2020)
Grass-Clover,weatherRad0Center,2020,7,28,2.39414,0,2.60285,Dry,-0.8972683814861946,named in manuscript,2020-07-28,210,VAPV (Rad 0%),VAPV (Rad 0%) - Dry (2020)
Grass-Clover,weatherRad0Center,2020,7,29,2.544556,0,2.80415,Dry,-0.8972683814861946,named in manuscript,2020-07-29,211,VAPV (Rad 0%),VAPV (Rad 0%) - Dry (2020)
Grass-Clover,weatherRad0Center,2020,7,30,2.732203,0,3.12455,Dry,-0.8972683814861946,named in manuscript,2020-07-30,212,VAPV (Rad 0%),VAPV (Rad 0%) - Dry (2020)
Grass-Clover,weatherRad0Center,2020,7,31,2.9144379999999996,0,3.5292499999999998,Dry,-0.8972683814861946,named in manuscript,2020-07-31,213,VAPV (Rad 0%),VAPV (Rad 0%) - Dry (2020)
Grass-Clover,weatherRad0Center,2020,8,1,3.151595,0,3.92274,Dry,-0.8972683814861946,named in manuscript,2020-08-01,214,VAPV (Rad 0%),VAPV (Rad 0%) - Dry (2020)
Grass-Clover,weatherRad0Center,2020,8,2,3.4252450000000003,0,4.4385200000000005,Dry,-0.8972683814861946,named in manuscript,2020-08-02,215,VAPV (Rad 0%),VAPV (Rad 0%) - Dry (2020)
Grass-Clover,weatherRad0Center,2020,8,3,3.6154960000000003,0,5.00328,Dry,-0.8972683814861946,named in manuscript,2020-08-03,216,VAPV (Rad 0%),VAPV (Rad 0%) - Dry (2020)
Grass-Clover,weatherRad0Center,2020,8,4,3.793063,0,5.37351,Dry,-0.8972683814861946,named in manuscript,2020-08-04,217,VAPV (Rad 0%),VAPV (Rad 0%) - Dry (2020)
Grass-Clover,weatherRad0Center,2020,8,5,3.97105,0,5.71932,Dry,-0.8972683814861946,named in manuscript,2020-08-05,218,VAPV (Rad 0%),VAPV (Rad 0%) - Dry (2020)
Grass-Clover,weatherRad0Center,2020,8,6,4.106358,0,6.042199999999999,Dry,-0.8972683814861946,named in manuscript,2020-08-06,219,VAPV (Rad 0%),VAPV (Rad 0%) - Dry (2020)
Grass-Clover,weatherRad0Center,2020,8,7,4.246207,0,6.27857,Dry,-0.8972683814861946,named in manuscript,2020-08-07,220,VAPV (Rad 0%),VAPV (Rad 0%) - Dry (2020)
Grass-Clover,weatherRad0Center,2020,8,8,4.420325999999999,0,6.51933,Dry,-0.8972683814861946,named in manuscript,2020-08-08,221,VAPV (Rad 0%),VAPV (Rad 0%) - Dry (2020)
Grass-Clover,weatherRad0Center,2020,8,9,4.610764,0,6.8145299999999995,Dry,-0.8972683814861946,named in manuscript,2020-08-09,222,VAPV (Rad 0%),VAPV (Rad 0%) - Dry (2020)
Grass-Clover,weatherRad0Center,2020,8,10,4.797987,0,7.12847,Dry,-0.8972683814861946,named in manuscript,2020-08-10,223,VAPV (Rad 0%),VAPV (Rad 0%) - Dry (2020)
Grass-Clover,weatherRad0Center,2020,8,11,4.955576,0,7.42975,Dry,-0.8972683814861946,named in manuscript,2020-08-11,224,VAPV (Rad 0%),VAPV (Rad 0%) - Dry (2020)
Grass-Clover,weatherRad0Center,2020,8,12,5.120533,0,7.6825600000000005,Dry,-0.8972683814861946,named in manuscript,2020-08-12,225,VAPV (Rad 0%),VAPV (Rad 0%) - Dry (2020)
Grass-Clover,weatherRad0Center,2020,8,13,5.288864,0,7.93367,Dry,-0.8972683814861946,named in manuscript,2020-08-13,226,VAPV (Rad 0%),VAPV (Rad 0%) - Dry (2020)
Grass-Clover,weatherRad0Center,2020,8,14,5.465476,0,8.18943,Dry,-0.8972683814861946,named in manuscript,2020-08-14,227,VAPV (Rad 0%),VAPV (Rad 0%) - Dry (2020)
Grass-Clover,weatherRad0Center,2020,8,15,5.632984,0,8.44163,Dry,-0.8972683814861946,named in manuscript,2020-08-15,228,VAPV (Rad 0%),VAPV (Rad 0%) - Dry (2020)
Grass-Clover,weatherRad0Center,2020,8,16,5.7814049999999995,0,8.67253,Dry,-0.8972683814861946,named in manuscript,2020-08-16,229,VAPV (Rad 0%),VAPV (Rad 0%) - Dry (2020)
Grass-Clover,weatherRad0Center,2020,8,17,5.915171,0,8.81456,Dry,-0.8972683814861946,named in manuscript,2020-08-17,230,VAPV (Rad 0%),VAPV (Rad 0%) - Dry (2020)
Grass-Clover,weatherRad0Center,2020,8,18,6.045394,0,8.926010000000002,Dry,-0.8972683814861946,named in manuscript,2020-08-18,231,VAPV (Rad 0%),VAPV (Rad 0%) - Dry (2020)
Grass-Clover,weatherRad0Center,2020,8,19,6.147329,0,8.997129999999999,Dry,-0.8972683814861946,named in manuscript,2020-08-19,232,VAPV (Rad 0%),VAPV (Rad 0%) - Dry (2020)
Grass-Clover,weatherRad0Center,2020,8,20,6.232868,0,8.99503,Dry,-0.8972683814861946,named in manuscript,2020-08-20,233,VAPV (Rad 0%),VAPV (Rad 0%) - Dry (2020)
Grass-Clover,weatherRad0Center,2020,8,21,6.27339,0,8.97715,Dry,-0.8972683814861946,named in manuscript,2020-08-21,234,VAPV (Rad 0%),VAPV (Rad 0%) - Dry (2020)
Grass-Clover,weatherRad0Center,2020,8,22,6.2977739999999995,0,8.86677,Dry,-0.8972683814861946,named in manuscript,2020-08-22,235,VAPV (Rad 0%),VAPV (Rad 0%) - Dry (2020)
Grass-Clover,weatherRad0Center,2020,8,23,6.36675,0,8.75653,Dry,-0.8972683814861946,named in manuscript,2020-08-23,236,VAPV (Rad 0%),VAPV (Rad 0%) - Dry (2020)
Grass-Clover,weatherRad0Center,2020,8,24,6.459715999999999,0,8.71725,Dry,-0.8972683814861946,named in manuscript,2020-08-24,237,VAPV (Rad 0%),VAPV (Rad 0%) - Dry (2020)
Grass-Clover,weatherRad0Center,2020,8,25,6.531648,0,8.697140000000001,Dry,-0.8972683814861946,named in manuscript,2020-08-25,238,VAPV (Rad 0%),VAPV (Rad 0%) - Dry (2020)
Grass-Clover,weatherRad0Center,2020,8,26,6.624242,0,8.66048,Dry,-0.8972683814861946,named in manuscript,2020-08-26,239,VAPV (Rad 0%),VAPV (Rad 0%) - Dry (2020)
Grass-Clover,weatherRad0Center,2020,8,27,6.719509,0,8.64973,Dry,-0.8972683814861946,named in manuscript,2020-08-27,240,VAPV (Rad 0%),VAPV (Rad 0%) - Dry (2020)
Grass-Clover,weatherRad0Center,2020,8,28,6.779026,0,8.62393,Dry,-0.8972683814861946,named in manuscript,2020-08-28,241,VAPV (Rad 0%),VAPV (Rad 0%) - Dry (2020)
Grass-Clover,weatherRad0Center,2020,8,29,6.821736,0,8.56141,Dry,-0.8972683814861946,named in manuscript,2020-08-29,242,VAPV (Rad 0%),VAPV (Rad 0%) - Dry (2020)
Grass-Clover,weatherRad0Center,2020,8,30,6.852805999999999,0,8.469059999999999,Dry,-0.8972683814861946,named in manuscript,2020-08-30,243,VAPV (Rad 0%),VAPV (Rad 0%) - Dry (2020)
Grass-Clover,weatherRad0Center,2020,8,31,6.9079999999999995,0,8.36819,Dry,-0.8972683814861946,named in manuscript,2020-08-31,244,VAPV (Rad 0%),VAPV (Rad 0%) - Dry (2020)
Grass-Clover,weatherRad0Center,2020,9,1,7.001023,0,8.30972,Dry,-0.8972683814861946,named in manuscript,2020-09-01,245,VAPV (Rad 0%),VAPV (Rad 0%) - Dry (2020)
Grass-Clover,weatherRad0Center,2020,9,2,7.102994,0,8.2971799999999991,Dry,-0.8972683814861946,named in manuscript,2020-09-02,246,VAPV (Rad 0%),VAPV (Rad 0%) - Dry (2020)
Grass-Clover,weatherRad0Center,2020,9,3,7.20615,0,8.29862,Dry,-0.8972683814861946,named in manuscript,2020-09-03,247,VAPV (Rad 0%),VAPV (Rad 0%) - Dry (2020)
Grass-Clover,weatherRad0Center,2020,9,4,7.2756050000000005,0,8.29592,Dry,-0.8972683814861946,named in manuscript,2020-09-04,248,VAPV (Rad 0%),VAPV (Rad 0%) - Dry (2020)
Grass-Clover,weatherRad0Center,2020,9,5,7.341544,0,8.24836,Dry,-0.8972683814861946,named in manuscript,2020-09-05,249,VAPV (Rad 0%),VAPV (Rad 0%) - Dry (2020)
Grass-Clover,weatherRad0Center,2020,9,6,2.1082989999999997,0,2.013887,Dry,-0.8972683814861946,named in manuscript,2020-09-06,250,VAPV (Rad 0%),VAPV (Rad 0%) - Dry (2020)
Grass-Clover,weatherRad0Center,2020,9,7,2.181133,0,2.168777,Dry,-0.8972683814861946,named in manuscript,2020-09-07,251,VAPV (Rad 0%),VAPV (Rad 0%) - Dry (2020)
Grass-Clover,weatherRad0Center,2020,9,8,2.279453,0,2.313573,Dry,-0.8972683814861946,named in manuscript,2020-09-08,252,VAPV (Rad 0%),VAPV (Rad 0%) - Dry (2020)
Grass-Clover,weatherRad0Center,2020,9,9,2.4241849999999996,0,2.53458,Dry,-0.8972683814861946,named in manuscript,2020-09-09,253,VAPV (Rad 0%),VAPV (Rad 0%) - Dry (2020)
Grass-Clover,weatherRad0Center,2020,9,10,2.5694049999999997,0,2.8577899999999996,Dry,-0.8972683814861946,named in manuscript,2020-09-10,254,VAPV (Rad 0%),VAPV (Rad 0%) - Dry (2020)
Grass-Clover,weatherRad0Center,2020,9,11,2.737622,0,3.1770000000000005,Dry,-0.8972683814861946,named in manuscript,2020-09-11,255,VAPV (Rad 0%),VAPV (Rad 0%) - Dry (2020)
Grass-Clover,weatherRad0Center,2020,9,12,2.854099,0,3.55404,Dry,-0.8972683814861946,named in manuscript,2020-09-12,256,VAPV (Rad 0%),VAPV (Rad 0%) - Dry (2020)
Grass-Clover,weatherRad0Center,2020,9,13,2.9386650000000003,0,3.79533,Dry,-0.8972683814861946,named in manuscript,2020-09-13,257,VAPV (Rad 0%),VAPV (Rad 0%) - Dry (2020)
Grass-Clover,weatherRad0Center,2020,9,14,3.0092119999999998,0,3.9730600000000003,Dry,-0.8972683814861946,named in manuscript,2020-09-14,258,VAPV (Rad 0%),VAPV (Rad 0%) - Dry (2020)
Grass-Clover,weatherRad0Center,2020,9,15,3.120421,0,4.1243099999999995,Dry,-0.8972683814861946,named in manuscript,2020-09-15,259,VAPV (Rad 0%),VAPV (Rad 0%) - Dry (2020)
Grass-Clover,weatherRad0Center,2020,9,16,3.259401,0,4.35597,Dry,-0.8972683814861946,named in manuscript,2020-09-16,260,VAPV (Rad 0%),VAPV (Rad 0%) - Dry (2020)
Grass-Clover,weatherRad0Center,2020,9,17,3.391559,0,4.64458,Dry,-0.8972683814861946,named in manuscript,2020-09-17,261,VAPV (Rad 0%),VAPV (Rad 0%) - Dry (2020)
Grass-Clover,weatherRad0Center,2020,9,18,3.524168,0,4.91735,Dry,-0.8972683814861946,named in manuscript,2020-09-18,262,VAPV (Rad 0%),VAPV (Rad 0%) - Dry (2020)
Grass-Clover,weatherRad0Center,2020,9,19,3.6691629999999997,0,5.20749,Dry,-0.8972683814861946,named in manuscript,2020-09-19,263,VAPV (Rad 0%),VAPV (Rad 0%) - Dry (2020)
Grass-Clover,weatherRad0Center,2020,9,20,3.7992790000000003,0,5.507759999999999,Dry,-0.8972683814861946,named in manuscript,2020-09-20,264,VAPV (Rad 0%),VAPV (Rad 0%) - Dry (2020)
Grass-Clover,weatherRad0Center,2020,9,21,3.905773,0,5.77804,Dry,-0.8972683814861946,named in manuscript,2020-09-21,265,VAPV (Rad 0%),VAPV (Rad 0%) - Dry (2020)
Grass-Clover,weatherRad0Center,2020,9,22,4.002582,0,5.99341,Dry,-0.8972683814861946,named in manuscript,2020-09-22,266,VAPV (Rad 0%),VAPV (Rad 0%) - Dry (2020)
Grass-Clover,weatherRad0Center,2020,9,23,4.108047,0,6.18632,Dry,-0.8972683814861946,named in manuscript,2020-09-23,267,VAPV (Rad 0%),VAPV (Rad 0%) - Dry (2020)
Grass-Clover,weatherRad0Center,2020,9,24,4.218403,0,6.40025,Dry,-0.8972683814861946,named in manuscript,2020-09-24,268,VAPV (Rad 0%),VAPV (Rad 0%) - Dry (2020)
Grass-Clover,weatherRad0Center,2020,9,25,4.333076,0,6.605130000000001,Dry,-0.8972683814861946,named in manuscript,2020-09-25,269,VAPV (Rad 0%),VAPV (Rad 0%) - Dry (2020)
Grass-Clover,weatherRad0Center,2020,9,26,4.407282,0,6.82228,Dry,-0.8972683814861946,named in manuscript,2020-09-26,270,VAPV (Rad 0%),VAPV (Rad 0%) - Dry (2020)
Grass-Clover,weatherRad0Center,2020,9,27,4.451302,0,6.9511,Dry,-0.8972683814861946,named in manuscript,2020-09-27,271,VAPV (Rad 0%),VAPV (Rad 0%) - Dry (2020)
Grass-Clover,weatherRad0Center,2020,9,28,4.516899,0,7.02032,Dry,-0.8972683814861946,named in manuscript,2020-09-28,272,VAPV (Rad 0%),VAPV (Rad 0%) - Dry (2020)
Grass-Clover,weatherRad0Center,2020,9,29,4.571318,0,7.13394,Dry,-0.8972683814861946,named in manuscript,2020-09-29,273,VAPV (Rad 0%),VAPV (Rad 0%) - Dry (2020)
Grass-Clover,weatherRad0Center,2020,9,30,4.604227,0,7.21948,Dry,-0.8972683814861946,named in manuscript,2020-09-30,274,VAPV (Rad 0%),VAPV (Rad 0%) - Dry (2020)
Grass-Clover,weatherRad0Center,2020,10,1,4.646029,0,7.2671,Dry,-0.8972683814861946,named in manuscript,2020-10-01,275,VAPV (Rad 0%),VAPV (Rad 0%) - Dry (2020)
Grass-Clover,weatherRad0Center,2020,10,2,4.693208,0,7.33808,Dry,-0.8972683814861946,named in manuscript,2020-10-02,276,VAPV (Rad 0%),VAPV (Rad 0%) - Dry (2020)
Grass-Clover,weatherRad0Center,2020,10,3,4.729638,0,7.41152,Dry,-0.8972683814861946,named in manuscript,2020-10-03,277,VAPV (Rad 0%),VAPV (Rad 0%) - Dry (2020)
Grass-Clover,weatherRad0Center,2020,10,4,4.756739,0,7.46421,Dry,-0.8972683814861946,named in manuscript,2020-10-04,278,VAPV (Rad 0%),VAPV (Rad 0%) - Dry (2020)
Grass-Clover,weatherRad0Center,2020,10,5,4.782242,0,7.49847,Dry,-0.8972683814861946,named in manuscript,2020-10-05,279,VAPV (Rad 0%),VAPV (Rad 0%) - Dry (2020)
Grass-Clover,weatherRad0Center,2020,10,6,4.835878000000001,0,7.529539999999999,Dry,-0.8972683814861946,named in manuscript,2020-10-06,280,VAPV (Rad 0%),VAPV (Rad 0%) - Dry (2020)
Grass-Clover,weatherRad0Center,2020,10,7,4.884874,0,7.62185,Dry,-0.8972683814861946,named in manuscript,2020-10-07,281,VAPV (Rad 0%),VAPV (Rad 0%) - Dry (2020)
Grass-Clover,weatherRad0Center,2020,10,8,4.920563,0,7.69848,Dry,-0.8972683814861946,named in manuscript,2020-10-08,282,VAPV (Rad 0%),VAPV (Rad 0%) - Dry (2020)
Grass-Clover,weatherRad0Center,2020,10,9,4.946286,0,7.75643,Dry,-0.8972683814861946,named in manuscript,2020-10-09,283,VAPV (Rad 0%),VAPV (Rad 0%) - Dry (2020)
Grass-Clover,weatherRad0Center,2020,10,10,4.968396,0,7.78548,Dry,-0.8972683814861946,named in manuscript,2020-10-10,284,VAPV (Rad 0%),VAPV (Rad 0%) - Dry (2020)
Grass-Clover,weatherRad0Center,2020,10,11,4.998875,0,7.81369,Dry,-0.8972683814861946,named in manuscript,2020-10-11,285,VAPV (Rad 0%),VAPV (Rad 0%) - Dry (2020)
Grass-Clover,weatherRad0Center,2020,10,12,5.027663,0,7.863910000000001,Dry,-0.8972683814861946,named in manuscript,2020-10-12,286,VAPV (Rad 0%),VAPV (Rad 0%) - Dry (2020)
Grass-Clover,weatherRad0Center,2020,10,13,5.052052,0,7.91577,Dry,-0.8972683814861946,named in manuscript,2020-10-13,287,VAPV (Rad 0%),VAPV (Rad 0%) - Dry (2020)
Grass-Clover,weatherRad0Center,2020,10,14,5.076444,0,7.94965,Dry,-0.8972683814861946,named in manuscript,2020-10-14,288,VAPV (Rad 0%),VAPV (Rad 0%) - Dry (2020)
Grass-Clover,weatherRad0Center,2020,10,15,5.098485,0,7.98545,Dry,-0.8972683814861946,named in manuscript,2020-10-15,289,VAPV (Rad 0%),VAPV (Rad 0%) - Dry (2020)
Grass-Clover,weatherRad0Center,2020,10,16,5.112668,0,8.02248,Dry,-0.8972683814861946,named in manuscript,2020-10-16,290,VAPV (Rad 0%),VAPV (Rad 0%) - Dry (2020)
Grass-Clover,weatherRad0Center,2020,10,17,5.122613,0,8.03922,Dry,-0.8972683814861946,named in manuscript,2020-10-17,291,VAPV (Rad 0%),VAPV (Rad 0%) - Dry (2020)
Grass-Clover,weatherRad0Center,2020,10,18,5.141278,0,8.0494,Dry,-0.8972683814861946,named in manuscript,2020-10-18,292,VAPV (Rad 0%),VAPV (Rad 0%) - Dry (2020)
Grass-Clover,weatherRad0Center,2020,10,19,5.155385,0,8.07431,Dry,-0.8972683814861946,named in manuscript,2020-10-19,293,VAPV (Rad 0%),VAPV (Rad 0%) - Dry (2020)
Grass-Clover,weatherRad0Center,2020,10,20,5.169699,0,8.095,Dry,-0.8972683814861946,named in manuscript,2020-10-20,294,VAPV (Rad 0%),VAPV (Rad 0%) - Dry (2020)
Grass-Clover,weatherRad0Center,2020,10,21,5.1738420000000005,0,8.11335,Dry,-0.8972683814861946,named in manuscript,2020-10-21,295,VAPV (Rad 0%),VAPV (Rad 0%) - Dry (2020)
Grass-Clover,weatherRad0Center,2020,10,22,5.171009,0,8.10216,Dry,-0.8972683814861946,named in manuscript,2020-10-22,296,VAPV (Rad 0%),VAPV (Rad 0%) - Dry (2020)
Grass-Clover,weatherRad0Center,2020,10,23,5.173654,0,8.07506,Dry,-0.8972683814861946,named in manuscript,2020-10-23,297,VAPV (Rad 0%),VAPV (Rad 0%) - Dry (2020)
Grass-Clover,weatherRad0Center,2020,10,24,5.185624,0,8.05683,Dry,-0.8972683814861946,named in manuscript,2020-10-24,298,VAPV (Rad 0%),VAPV (Rad 0%) - Dry (2020)
Grass-Clover,weatherRad0Center,2020,10,25,5.202181,0,8.05739,Dry,-0.8972683814861946,named in manuscript,2020-10-25,299,VAPV (Rad 0%),VAPV (Rad 0%) - Dry (2020)
Grass-Clover,weatherRad0Center,2020,10,26,5.207413000000001,0,8.07056,Dry,-0.8972683814861946,named in manuscript,2020-10-26,300,VAPV (Rad 0%),VAPV (Rad 0%) - Dry (2020)
Grass-Clover,weatherRad0Center,2020,10,27,5.199933,0,8.05186,Dry,-0.8972683814861946,named in manuscript,2020-10-27,301,VAPV (Rad 0%),VAPV (Rad 0%) - Dry (2020)
Grass-Clover,weatherRad0Center,2020,10,28,5.198384,0,8.01358,Dry,-0.8972683814861946,named in manuscript,2020-10-28,302,VAPV (Rad 0%),VAPV (Rad 0%) - Dry (2020)
Grass-Clover,weatherRad0Center,2020,10,29,5.2073789999999995,0,7.99015,Dry,-0.8972683814861946,named in manuscript,2020-10-29,303,VAPV (Rad 0%),VAPV (Rad 0%) - Dry (2020)
Grass-Clover,weatherRad0Center,2020,10,30,5.218204,0,7.991949999999999,Dry,-0.8972683814861946,named in manuscript,2020-10-30,304,VAPV (Rad 0%),VAPV (Rad 0%) - Dry (2020)
Grass-Clover,weatherRad0Center,2020,10,31,5.216809,0,7.99268,Dry,-0.8972683814861946,named in manuscript,2020-10-31,305,VAPV (Rad 0%),VAPV (Rad 0%) - Dry (2020)
Grass-Clover,weatherRad0Center,2020,11,1,5.216596,0,7.968030000000001,Dry,-0.8972683814861946,named in manuscript,2020-11-01,306,VAPV (Rad 0%),VAPV (Rad 0%) - Dry (2020)
Grass-Clover,weatherRad0Center,2020,11,2,5.218004,0,7.9459800000000005,Dry,-0.8972683814861946,named in manuscript,2020-11-02,307,VAPV (Rad 0%),VAPV (Rad 0%) - Dry (2020)
Grass-Clover,weatherRad0Center,2020,11,3,5.210907000000001,0,7.924530000000001,Dry,-0.8972683814861946,named in manuscript,2020-11-03,308,VAPV (Rad 0%),VAPV (Rad 0%) - Dry (2020)
Grass-Clover,weatherRad0Center,2020,11,4,5.205051,0,7.88299,Dry,-0.8972683814861946,named in manuscript,2020-11-04,309,VAPV (Rad 0%),VAPV (Rad 0%) - Dry (2020)
Grass-Clover,weatherRad0Center,2020,11,5,5.204618,0,7.8488299999999995,Dry,-0.8972683814861946,named in manuscript,2020-11-05,310,VAPV (Rad 0%),VAPV (Rad 0%) - Dry (2020)
Grass-Clover,weatherRad0Center,2020,11,6,5.196739,0,7.82783,Dry,-0.8972683814861946,named in manuscript,2020-11-06,311,VAPV (Rad 0%),VAPV (Rad 0%) - Dry (2020)
Grass-Clover,weatherRad0Center,2020,11,7,5.195671000000001,0,7.78949,Dry,-0.8972683814861946,named in manuscript,2020-11-07,312,VAPV (Rad 0%),VAPV (Rad 0%) - Dry (2020)
Grass-Clover,weatherRad0Center,2020,11,8,5.189536,0,7.76351,Dry,-0.8972683814861946,named in manuscript,2020-11-08,313,VAPV (Rad 0%),VAPV (Rad 0%) - Dry (2020)
Grass-Clover,weatherRad0Center,2020,11,9,5.177338,0,7.72752,Dry,-0.8972683814861946,named in manuscript,2020-11-09,314,VAPV (Rad 0%),VAPV (Rad 0%) - Dry (2020)
Grass-Clover,weatherRad0Center,2020,11,10,5.157093,0,7.6832,Dry,-0.8972683814861946,named in manuscript,2020-11-10,315,VAPV (Rad 0%),VAPV (Rad 0%) - Dry (2020)
Grass-Clover,weatherRad0Center,2020,11,11,5.131657,0,7.62148,Dry,-0.8972683814861946,named in manuscript,2020-11-11,316,VAPV (Rad 0%),VAPV (Rad 0%) - Dry (2020)
Grass-Clover,weatherRad0Center,2020,11,12,5.102536000000001,0,7.54947,Dry,-0.8972683814861946,named in manuscript,2020-11-12,317,VAPV (Rad 0%),VAPV (Rad 0%) - Dry (2020)
Grass-Clover,weatherRad0Center,2020,11,13,5.072318,0,7.46851,Dry,-0.8972683814861946,named in manuscript,2020-11-13,318,VAPV (Rad 0%),VAPV (Rad 0%) - Dry (2020)
Grass-Clover,weatherRad0Center,2020,11,14,5.050193999999999,0,7.3855,Dry,-0.8972683814861946,named in manuscript,2020-11-14,319,VAPV (Rad 0%),VAPV (Rad 0%) - Dry (2020)
Grass-Clover,weatherRad0Center,2020,11,15,5.034352999999999,0,7.322710000000001,Dry,-0.8972683814861946,named in manuscript,2020-11-15,320,VAPV (Rad 0%),VAPV (Rad 0%) - Dry (2020)
Grass-Clover,weatherRad0Center,2020,11,16,5.025682,0,7.27206,Dry,-0.8972683814861946,named in manuscript,2020-11-16,321,VAPV (Rad 0%),VAPV (Rad 0%) - Dry (2020)
Grass-Clover,weatherRad0Center,2020,11,17,5.020667,0,7.2328600000000005,Dry,-0.8972683814861946,named in manuscript,2020-11-17,322,VAPV (Rad 0%),VAPV (Rad 0%) - Dry (2020)
Grass-Clover,weatherRad0Center,2020,11,18,5.0069170000000005,0,7.20017,Dry,-0.8972683814861946,named in manuscript,2020-11-18,323,VAPV (Rad 0%),VAPV (Rad 0%) - Dry (2020)
Grass-Clover,weatherRad0Center,2020,11,19,4.988062,0,7.150180000000001,Dry,-0.8972683814861946,named in manuscript,2020-11-19,324,VAPV (Rad 0%),VAPV (Rad 0%) - Dry (2020)
Grass-Clover,weatherRad0Center,2020,11,20,4.969213,0,7.0907,Dry,-0.8972683814861946,named in manuscript,2020-11-20,325,VAPV (Rad 0%),VAPV (Rad 0%) - Dry (2020)
Grass-Clover,weatherRad0Center,2020,11,21,4.948631,0,7.0332799999999995,Dry,-0.8972683814861946,named in manuscript,2020-11-21,326,VAPV (Rad 0%),VAPV (Rad 0%) - Dry (2020)
Grass-Clover,weatherRad0Center,2020,11,22,4.9236510000000004,0,6.97302,Dry,-0.8972683814861946,named in manuscript,2020-11-22,327,VAPV (Rad 0%),VAPV (Rad 0%) - Dry (2020)
Grass-Clover,weatherRad0Center,2020,11,23,4.9023840000000005,0,6.90368,Dry,-0.8972683814861946,named in manuscript,2020-11-23,328,VAPV (Rad 0%),VAPV (Rad 0%) - Dry (2020)
Grass-Clover,weatherRad0Center,2020,11,24,4.88135,0,6.843349999999999,Dry,-0.8972683814861946,named in manuscript,2020-11-24,329,VAPV (Rad 0%),VAPV (Rad 0%) - Dry (2020)
Grass-Clover,weatherRad0Center,2020,11,25,4.855554,0,6.78339,Dry,-0.8972683814861946,named in manuscript,2020-11-25,330,VAPV (Rad 0%),VAPV (Rad 0%) - Dry (2020)
Grass-Clover,weatherRad0Center,2020,11,26,4.830171,0,6.71284,Dry,-0.8972683814861946,named in manuscript,2020-11-26,331,VAPV (Rad 0%),VAPV (Rad 0%) - Dry (2020)
Grass-Clover,weatherRad0Center,2020,11,27,4.809585,0,6.64316,Dry,-0.8972683814861946,named in manuscript,2020-11-27,332,VAPV (Rad 0%),VAPV (Rad 0%) - Dry (2020)
Grass-Clover,weatherRad0Center,2020,11,28,4.789826,0,6.58535,Dry,-0.8972683814861946,named in manuscript,2020-11-28,333,VAPV (Rad 0%),VAPV (Rad 0%) - Dry (2020)
Grass-Clover,weatherRad0Center,2020,11,29,4.7679,0,6.5282599999999995,Dry,-0.8972683814861946,named in manuscript,2020-11-29,334,VAPV (Rad 0%),VAPV (Rad 0%) - Dry (2020)
Grass-Clover,weatherRad0Center,2020,11,30,4.744536,0,6.46598,Dry,-0.8972683814861946,named in manuscript,2020-11-30,335,VAPV (Rad 0%),VAPV (Rad 0%) - Dry (2020)
Grass-Clover,weatherRad0Center,2020,12,1,4.721194000000001,0,6.40069,Dry,-0.8972683814861946,named in manuscript,2020-12-01,336,VAPV (Rad 0%),VAPV (Rad 0%) - Dry (2020)
Grass-Clover,weatherRad0Center,2020,12,2,4.697077,0,6.3354,Dry,-0.8972683814861946,named in manuscript,2020-12-02,337,VAPV (Rad 0%),VAPV (Rad 0%) - Dry (2020)
Grass-Clover,weatherRad0Center,2020,12,3,4.673643,0,6.269270000000001,Dry,-0.8972683814861946,named in manuscript,2020-12-03,338,VAPV (Rad 0%),VAPV (Rad 0%) - Dry (2020)
Grass-Clover,weatherRad0Center,2020,12,4,4.6515640000000005,0,6.2049199999999995,Dry,-0.8972683814861946,named in manuscript,2020-12-04,339,VAPV (Rad 0%),VAPV (Rad 0%) - Dry (2020)
Grass-Clover,weatherRad0Center,2020,12,5,4.62986,0,6.14343,Dry,-0.8972683814861946,named in manuscript,2020-12-05,340,VAPV (Rad 0%),VAPV (Rad 0%) - Dry (2020)
Grass-Clover,weatherRad0Center,2020,12,6,4.607426,0,6.08311,Dry,-0.8972683814861946,named in manuscript,2020-12-06,341,VAPV (Rad 0%),VAPV (Rad 0%) - Dry (2020)
Grass-Clover,weatherRad0Center,2020,12,7,4.585352,0,6.02167,Dry,-0.8972683814861946,named in manuscript,2020-12-07,342,VAPV (Rad 0%),VAPV (Rad 0%) - Dry (2020)
Grass-Clover,weatherRad0Center,2020,12,8,4.561369,0,5.9609000000000005,Dry,-0.8972683814861946,named in manuscript,2020-12-08,343,VAPV (Rad 0%),VAPV (Rad 0%) - Dry (2020)
Grass-Clover,weatherRad0Center,2020,12,9,4.540315,0,5.89697,Dry,-0.8972683814861946,named in manuscript,2020-12-09,344,VAPV (Rad 0%),VAPV (Rad 0%) - Dry (2020)
Grass-Clover,weatherRad0Center,2020,12,10,4.519893,0,5.83941,Dry,-0.8972683814861946,named in manuscript,2020-12-10,345,VAPV (Rad 0%),VAPV (Rad 0%) - Dry (2020)
Grass-Clover,weatherRad0Center,2020,12,11,4.4998629999999995,0,5.783329999999999,Dry,-0.8972683814861946,named in manuscript,2020-12-11,346,VAPV (Rad 0%),VAPV (Rad 0%) - Dry (2020)
Grass-Clover,weatherRad0Center,2020,12,12,4.480143,0,5.72814,Dry,-0.8972683814861946,named in manuscript,2020-12-12,347,VAPV (Rad 0%),VAPV (Rad 0%) - Dry (2020)
Grass-Clover,weatherRad0Center,2020,12,13,4.459735,0,5.67349,Dry,-0.8972683814861946,named in manuscript,2020-12-13,348,VAPV (Rad 0%),VAPV (Rad 0%) - Dry (2020)
Grass-Clover,weatherRad0Center,2020,12,14,4.4403310000000005,0,5.61786,Dry,-0.8972683814861946,named in manuscript,2020-12-14,349,VAPV (Rad 0%),VAPV (Rad 0%) - Dry (2020)
Grass-Clover,weatherRad0Center,2020,12,15,4.419499,0,5.5645299999999995,Dry,-0.8972683814861946,named in manuscript,2020-12-15,350,VAPV (Rad 0%),VAPV (Rad 0%) - Dry (2020)
Grass-Clover,weatherRad0Center,2020,12,16,4.398486,0,5.5084,Dry,-0.8972683814861946,named in manuscript,2020-12-16,351,VAPV (Rad 0%),VAPV (Rad 0%) - Dry (2020)
Grass-Clover,weatherRad0Center,2020,12,17,4.37941,0,5.452529999999999,Dry,-0.8972683814861946,named in manuscript,2020-12-17,352,VAPV (Rad 0%),VAPV (Rad 0%) - Dry (2020)
Grass-Clover,weatherRad0Center,2020,12,18,4.359783,0,5.40107,Dry,-0.8972683814861946,named in manuscript,2020-12-18,353,VAPV (Rad 0%),VAPV (Rad 0%) - Dry (2020)
Grass-Clover,weatherRad0Center,2020,12,19,4.341888,0,5.348520000000001,Dry,-0.8972683814861946,named in manuscript,2020-12-19,354,VAPV (Rad 0%),VAPV (Rad 0%) - Dry (2020)
Grass-Clover,weatherRad0Center,2020,12,20,4.327255,0,5.30025,Dry,-0.8972683814861946,named in manuscript,2020-12-20,355,VAPV (Rad 0%),VAPV (Rad 0%) - Dry (2020)
Grass-Clover,weatherRad0Center,2020,12,21,4.311618999999999,0,5.25914,Dry,-0.8972683814861946,named in manuscript,2020-12-21,356,VAPV (Rad 0%),VAPV (Rad 0%) - Dry (2020)
Grass-Clover,weatherRad0Center,2020,12,22,4.296882999999999,0,5.21619,Dry,-0.8972683814861946,named in manuscript,2020-12-22,357,VAPV (Rad 0%),VAPV (Rad 0%) - Dry (2020)
Grass-Clover,weatherRad0Center,2020,12,23,4.280977,0,5.1753800000000005,Dry,-0.8972683814861946,named in manuscript,2020-12-23,358,VAPV (Rad 0%),VAPV (Rad 0%) - Dry (2020)
Grass-Clover,weatherRad0Center,2020,12,24,4.266599,0,5.13214,Dry,-0.8972683814861946,named in manuscript,2020-12-24,359,VAPV (Rad 0%),VAPV (Rad 0%) - Dry (2020)
Grass-Clover,weatherRad0Center,2020,12,25,4.252404,0,5.0920000000000005,Dry,-0.8972683814861946,named in manuscript,2020-12-25,360,VAPV (Rad 0%),VAPV (Rad 0%) - Dry (2020)
Grass-Clover,weatherRad0Center,2020,12,26,4.237763,0,5.05176,Dry,-0.8972683814861946,named in manuscript,2020-12-26,361,VAPV (Rad 0%),VAPV (Rad 0%) - Dry (2020)
Grass-Clover,weatherRad0Center,2020,12,27,4.22311,0,5.01055,Dry,-0.8972683814861946,named in manuscript,2020-12-27,362,VAPV (Rad 0%),VAPV (Rad 0%) - Dry (2020)
Grass-Clover,weatherRad0Center,2020,12,28,4.2077919999999995,0,4.9695,Dry,-0.8972683814861946,named in manuscript,2020-12-28,363,VAPV (Rad 0%),VAPV (Rad 0%) - Dry (2020)
Grass-Clover,weatherRad0Center,2020,12,29,4.193021,0,4.927569999999999,Dry,-0.8972683814861946,named in manuscript,2020-12-29,364,VAPV (Rad 0%),VAPV (Rad 0%) - Dry (2020)
Grass-Clover,weatherRad0Center,2020,12,30,4.178053,0,4.88671,Dry,-0.8972683814861946,named in manuscript,2020-12-30,365,VAPV (Rad 0%),VAPV (Rad 0%) - Dry (2020)
Grass-Clover,weatherRad0Center,2020,12,31,4.163784,0,4.84558,Dry,-0.8972683814861946,named in manuscript,2020-12-31,366,VAPV (Rad 0%),VAPV (Rad 0%) - Dry (2020)
