soil,fertilisation,residue,management_label,weather_is_baseline,weather_factor,weather_signed_change_pct,strip_position,crop_renamed,mean_ASY_biomass_MgDM_ha_yr,sd_ASY_biomass_MgDM_ha_yr,n_rotations,reference_ASY_biomass_MgDM_ha_yr,absolute_effect_MgDM_ha_yr,relative_effect_pct,near_zero_reference,strip_position_chr,is_vapv_zero,strip_abbrev,scenario_axis_plain,scenario_axis,scenario_sort_key,tile_label,text_colour,scenario_axis_f
foulum,Biogas digestate,Residue Removed,Biogas digestate | Residue Removed,FALSE,Radiation,-30,Center,Grass-Clover,6.626086130284091,0.8208401308596924,4,15.360888377821968,-8.734802247537878,-56.86391328869478,FALSE,Center,FALSE,C,-30% C,-30% C,-298,-57,white,-30% C
foulum,Biogas digestate,Residue Removed,Biogas digestate | Residue Removed,FALSE,Radiation,-30,Center,Ryegrass (undersown),0.013128700645916666,0.0077235224655233066,4,0.6088628190833334,-0.5957341184374167,-97.84373421492835,FALSE,Center,FALSE,C,-30% C,-30% C,-298,-98,white,-30% C
foulum,Biogas digestate,Residue Removed,Biogas digestate | Residue Removed,FALSE,Radiation,-30,Center,Soybean,3.9412117416666668,0.1409550653488848,4,5.8815811,-1.9403693583333332,-32.990607888299515,FALSE,Center,FALSE,C,-30% C,-30% C,-298,-33,grey15,-30% C
foulum,Biogas digestate,Residue Removed,Biogas digestate | Residue Removed,FALSE,Radiation,-30,Center,Spring Barley,8.198686129804944,0.18400830115634942,4,9.665523683461537,-1.4668375536565925,-15.175975991517827,FALSE,Center,FALSE,C,-30% C,-30% C,-298,-15,grey15,-30% C
foulum,Biogas digestate,Residue Removed,Biogas digestate | Residue Removed,FALSE,Radiation,-30,Center,Winter Wheat,3.611077181547619,0.3168745807059523,4,8.576675644642858,-4.965598463095239,-57.89654020782327,FALSE,Center,FALSE,C,-30% C,-30% C,-298,-58,white,-30% C
foulum,Biogas digestate,Residue Removed,Biogas digestate | Residue Removed,FALSE,Radiation,-20,Center,Grass-Clover,9.68641739540909,0.7904502407600391,4,15.360888377821968,-5.674470982412878,-36.94103389622746,FALSE,Center,FALSE,C,-20% C,-20% C,-198,-37,grey15,-20% C
foulum,Biogas digestate,Residue Removed,Biogas digestate | Residue Removed,FALSE,Radiation,-20,Center,Ryegrass (undersown),0.049630755490000004,0.015360563176378569,4,0.6088628190833334,-0.5592320635933334,-91.84861450979697,FALSE,Center,FALSE,C,-20% C,-20% C,-198,-92,white,-20% C
foulum,Biogas digestate,Residue Removed,Biogas digestate | Residue Removed,FALSE,Radiation,-20,Center,Soybean,4.445825616666666,0.18230454327763096,4,5.8815811,-1.4357554833333337,-24.411046263280014,FALSE,Center,FALSE,C,-20% C,-20% C,-198,-24,grey15,-20% C
foulum,Biogas digestate,Residue Removed,Biogas digestate | Residue Removed,FALSE,Radiation,-20,Center,Spring Barley,8.60520688017857,0.23355530835925858,4,9.665523683461537,-1.0603168032829657,-10.970091616424781,FALSE,Center,FALSE,C,-20% C,-20% C,-198,-11,grey15,-20% C
foulum,Biogas digestate,Residue Removed,Biogas digestate | Residue Removed,FALSE,Radiation,-20,Center,Winter Wheat,4.707910613095239,0.4466813293031451,4,8.576675644642858,-3.8687650315476194,-45.10797880020236,FALSE,Center,FALSE,C,-20% C,-20% C,-198,-45,grey15,-20% C
foulum,Biogas digestate,Residue Removed,Biogas digestate | Residue Removed,FALSE,Radiation,-10,Center,Grass-Clover,11.357023846615153,0.5487886009049793,4,15.360888377821968,-4.0038645312068155,-26.065318832650267,FALSE,Center,FALSE,C,-10% C,-10% C,-98,-26,grey15,-10% C
foulum,Biogas digestate,Residue Removed,Biogas digestate | Residue Removed,FALSE,Radiation,-10,Center,Ryegrass (undersown),0.11012621179166668,0.013616455046568752,4,0.6088628190833334,-0.4987366072916667,-81.91280394531792,FALSE,Center,FALSE,C,-10% C,-10% C,-98,-82,white,-10% C
foulum,Biogas digestate,Residue Removed,Biogas digestate | Residue Removed,FALSE,Radiation,-10,Center,Soybean,4.876146933333334,0.13459515742967093,4,5.8815811,-1.0054341666666664,-17.094623870215212,FALSE,Center,FALSE,C,-10% C,-10% C,-98,-17,grey15,-10% C
foulum,Biogas digestate,Residue Removed,Biogas digestate | Residue Removed,FALSE,Radiation,-10,Center,Spring Barley,8.889724123939558,0.30211731311857337,4,9.665523683461537,-0.7757995595219782,-8.026461730670958,FALSE,Center,FALSE,C,-10% C,-10% C,-98,-8.0,grey15,-10% C
foulum,Biogas digestate,Residue Removed,Biogas digestate | Residue Removed,FALSE,Radiation,-10,Center,Winter Wheat,5.7564440178571425,0.5147817562142708,4,8.576675644642858,-2.8202316267857155,-32.882572964587766,FALSE,Center,FALSE,C,-10% C,-10% C,-98,-33,grey15,-10% C
foulum,Biogas digestate,Residue Removed,Biogas digestate | Residue Removed,FALSE,Radiation,-5,Center,Grass-Clover,11.474081977575757,0.3685633929350115,4,15.360888377821968,-3.8868064002462113,-25.303265700817004,FALSE,Center,FALSE,C,-5% C,-5% C,-48,-25,grey15,-5% C
foulum,Biogas digestate,Residue Removed,Biogas digestate | Residue Removed,FALSE,Radiation,-5,Center,Ryegrass (undersown),0.13637514141666668,0.01890600827373496,4,0.6088628190833334,-0.4724876776666667,-77.60166376689175,FALSE,Center,FALSE,C,-5% C,-5% C,-48,-78,white,-5% C
foulum,Biogas digestate,Residue Removed,Biogas digestate | Residue Removed,FALSE,Radiation,-5,Center,Soybean,5.0239871166666665,0.12749047967500732,4,5.8815811,-0.8575939833333335,-14.581010934854465,FALSE,Center,FALSE,C,-5% C,-5% C,-48,-15,grey15,-5% C
foulum,Biogas digestate,Residue Removed,Biogas digestate | Residue Removed,FALSE,Radiation,-5,Center,Spring Barley,8.99599599066758,0.32030830549265016,4,9.665523683461537,-0.669527692793956,-6.926967588311536,FALSE,Center,FALSE,C,-5% C,-5% C,-48,-6.9,grey15,-5% C
foulum,Biogas digestate,Residue Removed,Biogas digestate | Residue Removed,FALSE,Radiation,-5,Center,Winter Wheat,6.218641017261905,0.5602006624356362,4,8.576675644642858,-2.3580346273809534,-27.493573560215292,FALSE,Center,FALSE,C,-5% C,-5% C,-48,-27,grey15,-5% C
foulum,Biogas digestate,Residue Removed,Biogas digestate | Residue Removed,FALSE,Radiation,0,Center,Grass-Clover,11.992932842026516,1.1693559056690046,4,15.360888377821968,-3.3679555357954527,-21.925525744058547,FALSE,Center,TRUE,C,0% C,**0% C**,2,-22,grey15,**0% C**
foulum,Biogas digestate,Residue Removed,Biogas digestate | Residue Removed,FALSE,Radiation,0,Center,Ryegrass (undersown),0.17037564416666667,0.02408862797206412,4,0.6088628190833334,-0.4384871749166667,-72.0174005003009,FALSE,Center,TRUE,C,0% C,**0% C**,2,-72,white,**0% C**
foulum,Biogas digestate,Residue Removed,Biogas digestate | Residue Removed,FALSE,Radiation,0,Center,Soybean,5.146641033333333,0.15101807479140453,4,5.8815811,-0.7349400666666668,-12.495620721215028,FALSE,Center,TRUE,C,0% C,**0% C**,2,-12,grey15,**0% C**
foulum,Biogas digestate,Residue Removed,Biogas digestate | Residue Removed,FALSE,Radiation,0,Center,Spring Barley,9.081421271332417,0.35288691248387294,4,9.665523683461537,-0.5841024121291198,-6.043153286443905,FALSE,Center,TRUE,C,0% C,**0% C**,2,-6.0,grey15,**0% C**
foulum,Biogas digestate,Residue Removed,Biogas digestate | Residue Removed,FALSE,Radiation,0,Center,Winter Wheat,6.711116953571429,0.606460228191317,4,8.576675644642858,-1.8655586910714295,-21.75153600727212,FALSE,Center,TRUE,C,0% C,**0% C**,2,-22,grey15,**0% C**
foulum,Biogas digestate,Residue Removed,Biogas digestate | Residue Removed,FALSE,Radiation,0,East,Grass-Clover,11.032980959978786,0.7714675804642852,4,15.360888377821968,-4.327907417843182,-28.174851033302275,FALSE,East,TRUE,E,0% E,**0% E**,3,-28,grey15,**0% E**
foulum,Biogas digestate,Residue Removed,Biogas digestate | Residue Removed,FALSE,Radiation,0,East,Ryegrass (undersown),0.10014400550250001,0.012888180193741551,4,0.6088628190833334,-0.5087188135808334,-83.55228758207461,FALSE,East,TRUE,E,0% E,**0% E**,3,-84,white,**0% E**
foulum,Biogas digestate,Residue Removed,Biogas digestate | Residue Removed,FALSE,Radiation,0,East,Soybean,4.553238891666666,0.07733573155142222,4,5.8815811,-1.3283422083333338,-22.584780958530587,FALSE,East,TRUE,E,0% E,**0% E**,3,-23,grey15,**0% E**
foulum,Biogas digestate,Residue Removed,Biogas digestate | Residue Removed,FALSE,Radiation,0,East,Spring Barley,8.982682170384615,0.32571539376648995,4,9.665523683461537,-0.6828415130769212,-7.064713050626696,FALSE,East,TRUE,E,0% E,**0% E**,3,-7.1,grey15,**0% E**
foulum,Biogas digestate,Residue Removed,Biogas digestate | Residue Removed,FALSE,Radiation,0,East,Winter Wheat,5.607849061904762,0.5515991189144147,4,8.576675644642858,-2.968826582738096,-34.61512019044905,FALSE,East,TRUE,E,0% E,**0% E**,3,-35,grey15,**0% E**
foulum,Biogas digestate,Residue Removed,Biogas digestate | Residue Removed,FALSE,Radiation,0,West,Grass-Clover,11.287203097876514,0.5336664399985962,4,15.360888377821968,-4.073685279945455,-26.519854709881468,FALSE,West,TRUE,W,0% W,**0% W**,1,-27,grey15,**0% W**
foulum,Biogas digestate,Residue Removed,Biogas digestate | Residue Removed,FALSE,Radiation,0,West,Ryegrass (undersown),0.09106959951666667,0.010879869813929202,4,0.6088628190833334,-0.5177932195666667,-85.04267354446516,FALSE,West,TRUE,W,0% W,**0% W**,1,-85,white,**0% W**
foulum,Biogas digestate,Residue Removed,Biogas digestate | Residue Removed,FALSE,Radiation,0,West,Soybean,4.227852808333333,0.16414717385101643,4,5.8815811,-1.653728291666667,-28.117070283476444,FALSE,West,TRUE,W,0% W,**0% W**,1,-28,grey15,**0% W**
foulum,Biogas digestate,Residue Removed,Biogas digestate | Residue Removed,FALSE,Radiation,0,West,Spring Barley,8.912668009326921,0.3095193847127644,4,9.665523683461537,-0.7528556741346151,-7.789083124619618,FALSE,West,TRUE,W,0% W,**0% W**,1,-7.8,grey15,**0% W**
foulum,Biogas digestate,Residue Removed,Biogas digestate | Residue Removed,FALSE,Radiation,0,West,Winter Wheat,4.941469184523809,0.45674948396603593,4,8.576675644642858,-3.635206460119049,-42.38479581992427,FALSE,West,TRUE,W,0% W,**0% W**,1,-42,grey15,**0% W**
foulum,Biogas digestate,Residue Removed,Biogas digestate | Residue Removed,FALSE,Temperature,-3,Center,Grass-Clover,7.243112925530303,1.220204971631173,4,15.360888377821968,-8.117775452291665,-52.847044081201055,FALSE,Center,FALSE,C,-3°C C,-3°C C,-28,-53,grey15,-3°C C
foulum,Biogas digestate,Residue Removed,Biogas digestate | Residue Removed,FALSE,Temperature,-3,Center,Ryegrass (undersown),0.07442713437500001,0.14885426875000002,4,0.6088628190833334,-0.5344356847083334,-87.77604214902578,FALSE,Center,FALSE,C,-3°C C,-3°C C,-28,-88,white,-3°C C
foulum,Biogas digestate,Residue Removed,Biogas digestate | Residue Removed,FALSE,Temperature,-3,Center,Soybean,3.27956534875,0.20964896190414722,4,5.8815811,-2.60201575125,-44.24007264390183,FALSE,Center,FALSE,C,-3°C C,-3°C C,-28,-44,grey15,-3°C C
foulum,Biogas digestate,Residue Removed,Biogas digestate | Residue Removed,FALSE,Temperature,-3,Center,Spring Barley,7.245041365847527,0.3240903151121058,4,9.665523683461537,-2.4204823176140096,-25.04243325952057,FALSE,Center,FALSE,C,-3°C C,-3°C C,-28,-25,grey15,-3°C C
foulum,Biogas digestate,Residue Removed,Biogas digestate | Residue Removed,FALSE,Temperature,-3,Center,Winter Wheat,5.492551123214286,0.9489802348926413,4,8.576675644642858,-3.0841245214285724,-35.95943987172898,FALSE,Center,FALSE,C,-3°C C,-3°C C,-28,-36,grey15,-3°C C
foulum,Biogas digestate,Residue Removed,Biogas digestate | Residue Removed,FALSE,Temperature,-2,Center,Grass-Clover,10.409939467679356,0.2741159476542833,4,15.360888377821968,-4.950948910142612,-32.23087616007149,FALSE,Center,FALSE,C,-2°C C,-2°C C,-18,-32,grey15,-2°C C
foulum,Biogas digestate,Residue Removed,Biogas digestate | Residue Removed,FALSE,Temperature,-2,Center,Ryegrass (undersown),0.21309219270833335,0.14538731272982497,4,0.6088628190833334,-0.39577062637500005,-65.00160856773093,FALSE,Center,FALSE,C,-2°C C,-2°C C,-18,-65,white,-2°C C
foulum,Biogas digestate,Residue Removed,Biogas digestate | Residue Removed,FALSE,Temperature,-2,Center,Soybean,4.219907383333333,0.24432396671370202,4,5.8815811,-1.6616737166666669,-28.252160234034125,FALSE,Center,FALSE,C,-2°C C,-2°C C,-18,-28,grey15,-2°C C
foulum,Biogas digestate,Residue Removed,Biogas digestate | Residue Removed,FALSE,Temperature,-2,Center,Spring Barley,8.092731405865385,0.42630950680406843,4,9.665523683461537,-1.572792277596152,-16.272188958445387,FALSE,Center,FALSE,C,-2°C C,-2°C C,-18,-16,grey15,-2°C C
foulum,Biogas digestate,Residue Removed,Biogas digestate | Residue Removed,FALSE,Temperature,-2,Center,Winter Wheat,6.724828241071428,1.0490535946884976,4,8.576675644642858,-1.8518474035714299,-21.59166885048435,FALSE,Center,FALSE,C,-2°C C,-2°C C,-18,-22,grey15,-2°C C
foulum,Biogas digestate,Residue Removed,Biogas digestate | Residue Removed,FALSE,Temperature,0,Center,Grass-Clover,15.20652522710379,0.5573195224291931,4,15.360888377821968,-0.1543631507181793,-1.0049103080590613,FALSE,Center,TRUE,C,0°C C,**0°C C**,2,-1.0,grey15,**0°C C**
foulum,Biogas digestate,Residue Removed,Biogas digestate | Residue Removed,FALSE,Temperature,0,Center,Ryegrass (undersown),0.6436051916666666,0.026682166096350265,4,0.6088628190833334,0.034742372583333236,5.706108419568012,FALSE,Center,TRUE,C,0°C C,**0°C C**,2,5.7,grey15,**0°C C**
foulum,Biogas digestate,Residue Removed,Biogas digestate | Residue Removed,FALSE,Temperature,0,Center,Soybean,5.629643883333333,0.26142773009669446,4,5.8815811,-0.2519372166666667,-4.283494733527804,FALSE,Center,TRUE,C,0°C C,**0°C C**,2,-4.3,grey15,**0°C C**
foulum,Biogas digestate,Residue Removed,Biogas digestate | Residue Removed,FALSE,Temperature,0,Center,Spring Barley,9.533404349586538,0.5359890015700091,4,9.665523683461537,-0.1321193338749982,-1.3669133530867517,FALSE,Center,TRUE,C,0°C C,**0°C C**,2,-1.4,grey15,**0°C C**
foulum,Biogas digestate,Residue Removed,Biogas digestate | Residue Removed,FALSE,Temperature,0,Center,Winter Wheat,8.404838850595238,0.6965134639832549,4,8.576675644642858,-0.17183679404761953,-2.0035361154756015,FALSE,Center,TRUE,C,0°C C,**0°C C**,2,-2.0,grey15,**0°C C**
foulum,Biogas digestate,Residue Removed,Biogas digestate | Residue Removed,FALSE,Temperature,0,East,Grass-Clover,15.345932599116363,0.7072568599171677,4,15.360888377821968,-0.014955778705605383,-0.09736271977080777,FALSE,East,TRUE,E,0°C E,**0°C E**,3,-0.1,grey15,**0°C E**
foulum,Biogas digestate,Residue Removed,Biogas digestate | Residue Removed,FALSE,Temperature,0,East,Ryegrass (undersown),0.6476514935,0.038717020371026485,4,0.6088628190833334,0.03878867441666656,6.370675495518746,FALSE,East,TRUE,E,0°C E,**0°C E**,3,6.4,grey15,**0°C E**
foulum,Biogas digestate,Residue Removed,Biogas digestate | Residue Removed,FALSE,Temperature,0,East,Soybean,5.630520258333333,0.2577558342288907,4,5.8815811,-0.25106084166666687,-4.268594403410791,FALSE,East,TRUE,E,0°C E,**0°C E**,3,-4.3,grey15,**0°C E**
foulum,Biogas digestate,Residue Removed,Biogas digestate | Residue Removed,FALSE,Temperature,0,East,Spring Barley,9.534336499517856,0.5306664537021678,4,9.665523683461537,-0.13118718394368045,-1.3572692824513164,FALSE,East,TRUE,E,0°C E,**0°C E**,3,-1.4,grey15,**0°C E**
foulum,Biogas digestate,Residue Removed,Biogas digestate | Residue Removed,FALSE,Temperature,0,East,Winter Wheat,8.379241722619048,0.6916787462087323,4,8.576675644642858,-0.19743392202381038,-2.301986576199032,FALSE,East,TRUE,E,0°C E,**0°C E**,3,-2.3,grey15,**0°C E**
foulum,Biogas digestate,Residue Removed,Biogas digestate | Residue Removed,FALSE,Temperature,0,West,Grass-Clover,15.108753941856062,0.41340962370034495,4,15.360888377821968,-0.2521344359659068,-1.641405300034197,FALSE,West,TRUE,W,0°C W,**0°C W**,1,-1.6,grey15,**0°C W**
foulum,Biogas digestate,Residue Removed,Biogas digestate | Residue Removed,FALSE,Temperature,0,West,Ryegrass (undersown),0.5884984463333334,0.09122399988033145,4,0.6088628190833334,-0.020364372750000026,-3.344656975549826,FALSE,West,TRUE,W,0°C W,**0°C W**,1,-3.3,grey15,**0°C W**
foulum,Biogas digestate,Residue Removed,Biogas digestate | Residue Removed,FALSE,Temperature,0,West,Soybean,5.603961616666666,0.2377425152707639,4,5.8815811,-0.27761948333333386,-4.720150561782339,FALSE,West,TRUE,W,0°C W,**0°C W**,1,-4.7,grey15,**0°C W**
foulum,Biogas digestate,Residue Removed,Biogas digestate | Residue Removed,FALSE,Temperature,0,West,Spring Barley,9.537802964458791,0.535530755827133,4,9.665523683461537,-0.1277207190027454,-1.3214050597308606,FALSE,West,TRUE,W,0°C W,**0°C W**,1,-1.3,grey15,**0°C W**
foulum,Biogas digestate,Residue Removed,Biogas digestate | Residue Removed,FALSE,Temperature,0,West,Winter Wheat,8.39501720952381,0.6930193839282432,4,8.576675644642858,-0.1816584351190489,-2.1180518262051327,FALSE,West,TRUE,W,0°C W,**0°C W**,1,-2.1,grey15,**0°C W**
foulum,Biogas digestate,Residue Removed,Biogas digestate | Residue Removed,FALSE,Temperature,0.5,Center,Grass-Clover,15.231343987052425,2.238226872648594,4,15.360888377821968,-0.12954439076954394,-0.843339184448342,FALSE,Center,FALSE,C,+0.5°C C,+0.5°C C,7,-0.8,grey15,+0.5°C C
foulum,Biogas digestate,Residue Removed,Biogas digestate | Residue Removed,FALSE,Temperature,0.5,Center,Ryegrass (undersown),0.6587981047083333,0.14484361592031908,4,0.6088628190833334,0.04993528562499994,8.201401704932392,FALSE,Center,FALSE,C,+0.5°C C,+0.5°C C,7,8.2,grey15,+0.5°C C
foulum,Biogas digestate,Residue Removed,Biogas digestate | Residue Removed,FALSE,Temperature,0.5,Center,Soybean,5.877017216666666,0.330371312019498,4,5.8815811,-0.004563883333333685,-0.07759619829663973,FALSE,Center,FALSE,C,+0.5°C C,+0.5°C C,7,-0.1,grey15,+0.5°C C
foulum,Biogas digestate,Residue Removed,Biogas digestate | Residue Removed,FALSE,Temperature,0.5,Center,Spring Barley,9.7131560148489,0.672613496977283,4,9.665523683461537,0.04763233138736389,0.49280652499839733,FALSE,Center,FALSE,C,+0.5°C C,+0.5°C C,7,0.5,grey15,+0.5°C C
foulum,Biogas digestate,Residue Removed,Biogas digestate | Residue Removed,FALSE,Temperature,0.5,Center,Winter Wheat,8.63264966845238,0.6560103852402592,4,8.576675644642858,0.05597402380952232,0.6526307642808514,FALSE,Center,FALSE,C,+0.5°C C,+0.5°C C,7,0.7,grey15,+0.5°C C
foulum,Biogas digestate,Residue Removed,Biogas digestate | Residue Removed,FALSE,Temperature,1,Center,Grass-Clover,18.839947727045455,0.8673539604528315,4,15.360888377821968,3.479059349223487,22.648816029719665,FALSE,Center,FALSE,C,+1°C C,+1°C C,12,23,grey15,+1°C C
foulum,Biogas digestate,Residue Removed,Biogas digestate | Residue Removed,FALSE,Temperature,1,Center,Ryegrass (undersown),0.6231839010833333,0.13277215549638918,4,0.6088628190833334,0.01432108199999993,2.35210322442761,FALSE,Center,FALSE,C,+1°C C,+1°C C,12,2.4,grey15,+1°C C
foulum,Biogas digestate,Residue Removed,Biogas digestate | Residue Removed,FALSE,Temperature,1,Center,Soybean,6.093856416666666,0.2748475555375931,4,5.8815811,0.21227531666666621,3.609153951250731,FALSE,Center,FALSE,C,+1°C C,+1°C C,12,3.6,grey15,+1°C C
foulum,Biogas digestate,Residue Removed,Biogas digestate | Residue Removed,FALSE,Temperature,1,Center,Spring Barley,9.97181499925824,0.5767849678197283,4,9.665523683461537,0.3062913157967042,3.1689055433260434,FALSE,Center,FALSE,C,+1°C C,+1°C C,12,3.2,grey15,+1°C C
foulum,Biogas digestate,Residue Removed,Biogas digestate | Residue Removed,FALSE,Temperature,1,Center,Winter Wheat,8.807246933928571,0.7394634478207408,4,8.576675644642858,0.23057128928571302,2.68835267694578,FALSE,Center,FALSE,C,+1°C C,+1°C C,12,2.7,grey15,+1°C C
foulum,Biogas digestate,Residue Removed,Biogas digestate | Residue Removed,FALSE,Temperature,2,Center,Grass-Clover,21.526012237299547,0.3625496987831195,4,15.360888377821968,6.165123859477578,40.13520382309903,FALSE,Center,FALSE,C,+2°C C,+2°C C,22,40,grey15,+2°C C
foulum,Biogas digestate,Residue Removed,Biogas digestate | Residue Removed,FALSE,Temperature,2,Center,Ryegrass (undersown),0.5871886948770834,0.16991532321550834,4,0.6088628190833334,-0.021674124206250034,-3.5597713519247685,FALSE,Center,FALSE,C,+2°C C,+2°C C,22,-3.6,grey15,+2°C C
foulum,Biogas digestate,Residue Removed,Biogas digestate | Residue Removed,FALSE,Temperature,2,Center,Soybean,6.17096365,0.37618864542245006,4,5.8815811,0.28938255,4.920148937502537,FALSE,Center,FALSE,C,+2°C C,+2°C C,22,4.9,grey15,+2°C C
foulum,Biogas digestate,Residue Removed,Biogas digestate | Residue Removed,FALSE,Temperature,2,Center,Spring Barley,10.169118948763735,0.5660369816579476,4,9.665523683461537,0.5035952653021987,5.210222247594193,FALSE,Center,FALSE,C,+2°C C,+2°C C,22,5.2,grey15,+2°C C
foulum,Biogas digestate,Residue Removed,Biogas digestate | Residue Removed,FALSE,Temperature,2,Center,Winter Wheat,8.949579861309525,0.44987732241359774,4,8.576675644642858,0.37290421666666695,4.347887597913179,FALSE,Center,FALSE,C,+2°C C,+2°C C,22,4.3,grey15,+2°C C
foulum,Biogas digestate,Residue Removed,Biogas digestate | Residue Removed,FALSE,Temperature,3,Center,Grass-Clover,22.503852585257633,0.40577407958321,4,15.360888377821968,7.142964207435664,46.50098374354876,FALSE,Center,FALSE,C,+3°C C,+3°C C,32,47,grey15,+3°C C
foulum,Biogas digestate,Residue Removed,Biogas digestate | Residue Removed,FALSE,Temperature,3,Center,Ryegrass (undersown),0.6048544949583333,0.22936155985806936,4,0.6088628190833334,-0.004008324125000073,-0.6583295940183638,FALSE,Center,FALSE,C,+3°C C,+3°C C,32,-0.7,grey15,+3°C C
foulum,Biogas digestate,Residue Removed,Biogas digestate | Residue Removed,FALSE,Temperature,3,Center,Soybean,6.141217691666666,0.5687988264705177,4,5.8815811,0.2596365916666663,4.414401285169158,FALSE,Center,FALSE,C,+3°C C,+3°C C,32,4.4,grey15,+3°C C
foulum,Biogas digestate,Residue Removed,Biogas digestate | Residue Removed,FALSE,Temperature,3,Center,Spring Barley,10.12771217293956,0.5779201357584288,4,9.665523683461537,0.4621884894780237,4.78182563733059,FALSE,Center,FALSE,C,+3°C C,+3°C C,32,4.8,grey15,+3°C C
foulum,Biogas digestate,Residue Removed,Biogas digestate | Residue Removed,FALSE,Temperature,3,Center,Winter Wheat,8.284620620833334,0.31372989949500174,4,8.576675644642858,-0.29205502380952453,-3.405224074107865,FALSE,Center,FALSE,C,+3°C C,+3°C C,32,-3.4,grey15,+3°C C
foulum,Biogas digestate,Residue Removed,Biogas digestate | Residue Removed,FALSE,Wind,-70,Center,Grass-Clover,14.984968682344697,2.518673617140557,4,15.360888377821968,-0.3759196954772719,-2.447252308792402,FALSE,Center,FALSE,C,-70% C,-70% C,-698,-2.4,grey15,-70% C
foulum,Biogas digestate,Residue Removed,Biogas digestate | Residue Removed,FALSE,Wind,-70,Center,Ryegrass (undersown),0.6209118903333334,0.1355442549733828,4,0.6088628190833334,0.012049071249999987,1.9789467959532054,FALSE,Center,FALSE,C,-70% C,-70% C,-698,2.0,grey15,-70% C
foulum,Biogas digestate,Residue Removed,Biogas digestate | Residue Removed,FALSE,Wind,-70,Center,Soybean,5.990343416666667,0.2620467491945731,4,5.8815811,0.10876231666666669,1.8492020226783354,FALSE,Center,FALSE,C,-70% C,-70% C,-698,1.8,grey15,-70% C
foulum,Biogas digestate,Residue Removed,Biogas digestate | Residue Removed,FALSE,Wind,-70,Center,Spring Barley,9.695847249354395,0.5164967610787449,4,9.665523683461537,0.030323565892858895,0.3137291561836931,FALSE,Center,FALSE,C,-70% C,-70% C,-698,0.3,grey15,-70% C
foulum,Biogas digestate,Residue Removed,Biogas digestate | Residue Removed,FALSE,Wind,-70,Center,Winter Wheat,8.336135195238095,0.5788817152091474,4,8.576675644642858,-0.24054044940476338,-2.804588390316581,FALSE,Center,FALSE,C,-70% C,-70% C,-698,-2.8,grey15,-70% C
foulum,Biogas digestate,Residue Removed,Biogas digestate | Residue Removed,FALSE,Wind,-60,Center,Grass-Clover,14.971738095757576,2.509953786961377,4,15.360888377821968,-0.38915028206439217,-2.5333839586143134,FALSE,Center,FALSE,C,-60% C,-60% C,-598,-2.5,grey15,-60% C
foulum,Biogas digestate,Residue Removed,Biogas digestate | Residue Removed,FALSE,Wind,-60,Center,Ryegrass (undersown),0.6183204849166666,0.13382754983598874,4,0.6088628190833334,0.009457665833333184,1.5533327930209415,FALSE,Center,FALSE,C,-60% C,-60% C,-598,1.6,grey15,-60% C
foulum,Biogas digestate,Residue Removed,Biogas digestate | Residue Removed,FALSE,Wind,-60,Center,Soybean,5.981545866666666,0.26601915098060425,4,5.8815811,0.0999647666666661,1.699624046103285,FALSE,Center,FALSE,C,-60% C,-60% C,-598,1.7,grey15,-60% C
foulum,Biogas digestate,Residue Removed,Biogas digestate | Residue Removed,FALSE,Wind,-60,Center,Spring Barley,9.687375194835164,0.5280693801866566,4,9.665523683461537,0.02185151137362773,0.22607684890387644,FALSE,Center,FALSE,C,-60% C,-60% C,-598,0.2,grey15,-60% C
foulum,Biogas digestate,Residue Removed,Biogas digestate | Residue Removed,FALSE,Wind,-60,Center,Winter Wheat,8.356411994642857,0.5830061886838847,4,8.576675644642858,-0.22026365000000148,-2.568170455852344,FALSE,Center,FALSE,C,-60% C,-60% C,-598,-2.6,grey15,-60% C
foulum,Biogas digestate,Residue Removed,Biogas digestate | Residue Removed,FALSE,Wind,-50,Center,Grass-Clover,15.438395583617424,1.886893370924985,4,15.360888377821968,0.077507205795456,0.5045750212426569,FALSE,Center,FALSE,C,-50% C,-50% C,-498,0.5,grey15,-50% C
foulum,Biogas digestate,Residue Removed,Biogas digestate | Residue Removed,FALSE,Wind,-50,Center,Ryegrass (undersown),0.618871320875,0.13627389740060433,4,0.6088628190833334,0.010008501791666569,1.6438024260924253,FALSE,Center,FALSE,C,-50% C,-50% C,-498,1.6,grey15,-50% C
foulum,Biogas digestate,Residue Removed,Biogas digestate | Residue Removed,FALSE,Wind,-50,Center,Soybean,5.972047725,0.26996007686127477,4,5.8815811,0.09046662500000036,1.5381344482353623,FALSE,Center,FALSE,C,-50% C,-50% C,-498,1.5,grey15,-50% C
foulum,Biogas digestate,Residue Removed,Biogas digestate | Residue Removed,FALSE,Wind,-50,Center,Spring Barley,9.730328782582419,0.545352180735553,4,9.665523683461537,0.06480509912088195,0.6704768540557043,FALSE,Center,FALSE,C,-50% C,-50% C,-498,0.7,grey15,-50% C
foulum,Biogas digestate,Residue Removed,Biogas digestate | Residue Removed,FALSE,Wind,-50,Center,Winter Wheat,8.405821252380951,0.5642220534417972,4,8.576675644642858,-0.1708543922619068,-1.992081773182427,FALSE,Center,FALSE,C,-50% C,-50% C,-498,-2.0,grey15,-50% C
foulum,Biogas digestate,Residue Removed,Biogas digestate | Residue Removed,FALSE,Wind,-40,Center,Grass-Clover,15.42447497056818,1.8811597590572895,4,15.360888377821968,0.06358659274621203,0.4139512714513197,FALSE,Center,FALSE,C,-40% C,-40% C,-398,0.4,grey15,-40% C
foulum,Biogas digestate,Residue Removed,Biogas digestate | Residue Removed,FALSE,Wind,-40,Center,Ryegrass (undersown),0.6148150595416666,0.1343103099765461,4,0.6088628190833334,0.005952240458333202,0.9775995957996797,FALSE,Center,FALSE,C,-40% C,-40% C,-398,1.0,grey15,-40% C
foulum,Biogas digestate,Residue Removed,Biogas digestate | Residue Removed,FALSE,Wind,-40,Center,Soybean,5.967060675,0.2682598771021092,4,5.8815811,0.08547957499999992,1.4533434725570633,FALSE,Center,FALSE,C,-40% C,-40% C,-398,1.5,grey15,-40% C
foulum,Biogas digestate,Residue Removed,Biogas digestate | Residue Removed,FALSE,Wind,-40,Center,Spring Barley,9.72291609708791,0.5526246083163316,4,9.665523683461537,0.05739241362637415,0.5937848326270934,FALSE,Center,FALSE,C,-40% C,-40% C,-398,0.6,grey15,-40% C
foulum,Biogas digestate,Residue Removed,Biogas digestate | Residue Removed,FALSE,Wind,-40,Center,Winter Wheat,8.432566036904761,0.5760160372422124,4,8.576675644642858,-0.14410960773809656,-1.680250177446199,FALSE,Center,FALSE,C,-40% C,-40% C,-398,-1.7,grey15,-40% C
foulum,Biogas digestate,Residue Removed,Biogas digestate | Residue Removed,FALSE,Wind,-30,Center,Grass-Clover,15.409546197121212,1.8745232170515909,4,15.360888377821968,0.048657819299243954,0.3167643569983625,FALSE,Center,FALSE,C,-30% C,-30% C,-298,0.3,grey15,-30% C
foulum,Biogas digestate,Residue Removed,Biogas digestate | Residue Removed,FALSE,Wind,-30,Center,Ryegrass (undersown),0.61351003475,0.13410006268511326,4,0.6088628190833334,0.004647215666666593,0.7632615296928719,FALSE,Center,FALSE,C,-30% C,-30% C,-298,0.8,grey15,-30% C
foulum,Biogas digestate,Residue Removed,Biogas digestate | Residue Removed,FALSE,Wind,-30,Center,Soybean,5.963013125,0.2638604654774359,4,5.8815811,0.0814320249999998,1.384526092822214,FALSE,Center,FALSE,C,-30% C,-30% C,-298,1.4,grey15,-30% C
foulum,Biogas digestate,Residue Removed,Biogas digestate | Residue Removed,FALSE,Wind,-30,Center,Spring Barley,9.71635146375,0.5586369823531774,4,9.665523683461537,0.05082778028846313,0.5258668019761146,FALSE,Center,FALSE,C,-30% C,-30% C,-298,0.5,grey15,-30% C
foulum,Biogas digestate,Residue Removed,Biogas digestate | Residue Removed,FALSE,Wind,-30,Center,Winter Wheat,8.45125714642857,0.5829394393839303,4,8.576675644642858,-0.1254184982142874,-1.4623206404293254,FALSE,Center,FALSE,C,-30% C,-30% C,-298,-1.5,grey15,-30% C
foulum,Biogas digestate,Residue Removed,Biogas digestate | Residue Removed,FALSE,Wind,-20,Center,Grass-Clover,15.394599826060606,1.8665921806120633,4,15.360888377821968,0.03371144823863759,0.2194628813741667,FALSE,Center,FALSE,C,-20% C,-20% C,-198,0.2,grey15,-20% C
foulum,Biogas digestate,Residue Removed,Biogas digestate | Residue Removed,FALSE,Wind,-20,Center,Ryegrass (undersown),0.6145082852083333,0.1376069000487273,4,0.6088628190833334,0.005645466124999943,0.9272147925700918,FALSE,Center,FALSE,C,-20% C,-20% C,-198,0.9,grey15,-20% C
foulum,Biogas digestate,Residue Removed,Biogas digestate | Residue Removed,FALSE,Wind,-20,Center,Soybean,5.9505426083333335,0.268180951450041,4,5.8815811,0.06896150833333348,1.1724994888420985,FALSE,Center,FALSE,C,-20% C,-20% C,-198,1.2,grey15,-20% C
foulum,Biogas digestate,Residue Removed,Biogas digestate | Residue Removed,FALSE,Wind,-20,Center,Spring Barley,9.70926297664835,0.567583343737412,4,9.665523683461537,0.04373929318681391,0.452528953621574,FALSE,Center,FALSE,C,-20% C,-20% C,-198,0.5,grey15,-20% C
foulum,Biogas digestate,Residue Removed,Biogas digestate | Residue Removed,FALSE,Wind,-20,Center,Winter Wheat,8.473990991666668,0.5904500401418833,4,8.576675644642858,-0.10268465297619045,-1.1972547083592824,FALSE,Center,FALSE,C,-20% C,-20% C,-198,-1.2,grey15,-20% C
foulum,Biogas digestate,Residue Removed,Biogas digestate | Residue Removed,FALSE,Wind,0,Center,Grass-Clover,15.367761256041668,1.8517601635608398,4,15.360888377821968,0.0068728782196991745,0.04474271312082592,FALSE,Center,TRUE,C,0% C,**0% C**,2,0.0,grey15,**0% C**
foulum,Biogas digestate,Residue Removed,Biogas digestate | Residue Removed,FALSE,Wind,0,Center,Ryegrass (undersown),0.6136656215416667,0.1379337410566013,4,0.6088628190833334,0.004802802458333311,0.7888151990565159,FALSE,Center,TRUE,C,0% C,**0% C**,2,0.8,grey15,**0% C**
foulum,Biogas digestate,Residue Removed,Biogas digestate | Residue Removed,FALSE,Wind,0,Center,Soybean,5.925462158333334,0.2750194646468329,4,5.8815811,0.043881058333333556,0.7460758865219687,FALSE,Center,TRUE,C,0% C,**0% C**,2,0.7,grey15,**0% C**
foulum,Biogas digestate,Residue Removed,Biogas digestate | Residue Removed,FALSE,Wind,0,Center,Spring Barley,9.694932182280219,0.5816909026619241,4,9.665523683461537,0.02940849881868246,0.3042618256577519,FALSE,Center,TRUE,C,0% C,**0% C**,2,0.3,grey15,**0% C**
foulum,Biogas digestate,Residue Removed,Biogas digestate | Residue Removed,FALSE,Wind,0,Center,Winter Wheat,8.510902136904761,0.5983307679198547,4,8.576675644642858,-0.06577350773809698,-0.7668881331565834,FALSE,Center,TRUE,C,0% C,**0% C**,2,-0.8,grey15,**0% C**
foulum,Biogas digestate,Residue Removed,Biogas digestate | Residue Removed,FALSE,Wind,0,East,Grass-Clover,15.369742377291665,1.8544364707725178,4,15.360888377821968,0.00885399946969656,0.057639891990101,FALSE,East,TRUE,E,0% E,**0% E**,3,0.1,grey15,**0% E**
foulum,Biogas digestate,Residue Removed,Biogas digestate | Residue Removed,FALSE,Wind,0,East,Ryegrass (undersown),0.6123665382916667,0.13764363934528978,4,0.6088628190833334,0.003503719208333256,0.575452975369434,FALSE,East,TRUE,E,0% E,**0% E**,3,0.6,grey15,**0% E**
foulum,Biogas digestate,Residue Removed,Biogas digestate | Residue Removed,FALSE,Wind,0,East,Soybean,5.923271258333333,0.27827026070650107,4,5.8815811,0.041690158333333116,0.7088256988130813,FALSE,East,TRUE,E,0% E,**0% E**,3,0.7,grey15,**0% E**
foulum,Biogas digestate,Residue Removed,Biogas digestate | Residue Removed,FALSE,Wind,0,East,Spring Barley,9.69852426309066,0.5747329797183643,4,9.665523683461537,0.03300057962912284,0.3414256765579024,FALSE,East,TRUE,E,0% E,**0% E**,3,0.3,grey15,**0% E**
foulum,Biogas digestate,Residue Removed,Biogas digestate | Residue Removed,FALSE,Wind,0,East,Winter Wheat,8.515295382738095,0.5978619184790334,4,8.576675644642858,-0.061380261904762534,-0.7156649551403022,FALSE,East,TRUE,E,0% E,**0% E**,3,-0.7,grey15,**0% E**
foulum,Biogas digestate,Residue Removed,Biogas digestate | Residue Removed,FALSE,Wind,0,West,Grass-Clover,15.36807034246212,1.8504745041360233,4,15.360888377821968,0.007181964640151861,0.04675487812619726,FALSE,West,TRUE,W,0% W,**0% W**,1,0.0,grey15,**0% W**
foulum,Biogas digestate,Residue Removed,Biogas digestate | Residue Removed,FALSE,Wind,0,West,Ryegrass (undersown),0.6132112625,0.13884144620563965,4,0.6088628190833334,0.004348443416666625,0.7141909935005353,FALSE,West,TRUE,W,0% W,**0% W**,1,0.7,grey15,**0% W**
foulum,Biogas digestate,Residue Removed,Biogas digestate | Residue Removed,FALSE,Wind,0,West,Soybean,5.924644183333333,0.2763998558668547,4,5.8815811,0.043063083333333196,0.7321684866903084,FALSE,West,TRUE,W,0% W,**0% W**,1,0.7,grey15,**0% W**
foulum,Biogas digestate,Residue Removed,Biogas digestate | Residue Removed,FALSE,Wind,0,West,Spring Barley,9.691777445123627,0.5826250618845605,4,9.665523683461537,0.02625376166209037,0.27162275446091555,FALSE,West,TRUE,W,0% W,**0% W**,1,0.3,grey15,**0% W**
foulum,Biogas digestate,Residue Removed,Biogas digestate | Residue Removed,FALSE,Wind,0,West,Winter Wheat,8.503467008928572,0.597593024443736,4,8.576675644642858,-0.07320863571428582,-0.8535782247987099,FALSE,West,TRUE,W,0% W,**0% W**,1,-0.9,grey15,**0% W**
foulum,Biogas digestate,Residue Retained,Biogas digestate | Residue Retained,FALSE,Radiation,-30,Center,Grass-Clover,6.1253635461931815,0.7502243751227239,4,15.20774625469697,-9.082382708503788,-59.72208213099729,FALSE,Center,FALSE,C,-30% C,-30% C,-298,-60,white,-30% C
foulum,Biogas digestate,Residue Retained,Biogas digestate | Residue Retained,FALSE,Radiation,-30,Center,Ryegrass (undersown),0.013144479294750001,0.007732217844313573,4,0.61210644775,-0.59896196845525,-97.8525827749296,FALSE,Center,FALSE,C,-30% C,-30% C,-298,-98,white,-30% C
foulum,Biogas digestate,Residue Retained,Biogas digestate | Residue Retained,FALSE,Radiation,-30,Center,Soybean,1.6156483,0.07565920127218614,4,2.636689025,-1.021040725,-38.7243514619628,FALSE,Center,FALSE,C,-30% C,-30% C,-298,-39,grey15,-30% C
foulum,Biogas digestate,Residue Retained,Biogas digestate | Residue Retained,FALSE,Radiation,-30,Center,Spring Barley,8.195186415344779,0.17799586693455485,4,9.654615466043955,-1.4594290506991765,-15.116387139727147,FALSE,Center,FALSE,C,-30% C,-30% C,-298,-15,grey15,-30% C
foulum,Biogas digestate,Residue Retained,Biogas digestate | Residue Retained,FALSE,Radiation,-30,Center,Winter Wheat,3.1877975357142856,0.2535114430137944,4,7.585608369047619,-4.397810833333333,-57.97571690199823,FALSE,Center,FALSE,C,-30% C,-30% C,-298,-58,white,-30% C
foulum,Biogas digestate,Residue Retained,Biogas digestate | Residue Retained,FALSE,Radiation,-20,Center,Grass-Clover,8.351747147208332,1.3261493908825979,4,15.20774625469697,-6.855999107488637,-45.08228236232661,FALSE,Center,FALSE,C,-20% C,-20% C,-198,-45,grey15,-20% C
foulum,Biogas digestate,Residue Retained,Biogas digestate | Residue Retained,FALSE,Radiation,-20,Center,Ryegrass (undersown),0.04966163077270834,0.015364081648041006,4,0.61210644775,-0.5624448169772917,-91.88676561809532,FALSE,Center,FALSE,C,-20% C,-20% C,-198,-92,white,-20% C
foulum,Biogas digestate,Residue Retained,Biogas digestate | Residue Retained,FALSE,Radiation,-20,Center,Soybean,1.8455021999999999,0.09639810813362967,4,2.636689025,-0.791186825,-30.00683119997437,FALSE,Center,FALSE,C,-20% C,-20% C,-198,-30,grey15,-20% C
foulum,Biogas digestate,Residue Retained,Biogas digestate | Residue Retained,FALSE,Radiation,-20,Center,Spring Barley,8.580387597631868,0.218772441397659,4,9.654615466043955,-1.0742278684120876,-11.126573318121595,FALSE,Center,FALSE,C,-20% C,-20% C,-198,-11,grey15,-20% C
foulum,Biogas digestate,Residue Retained,Biogas digestate | Residue Retained,FALSE,Radiation,-20,Center,Winter Wheat,4.1041434880952385,0.3760078833958937,4,7.585608369047619,-3.4814648809523803,-45.89565808799436,FALSE,Center,FALSE,C,-20% C,-20% C,-198,-46,grey15,-20% C
foulum,Biogas digestate,Residue Retained,Biogas digestate | Residue Retained,FALSE,Radiation,-10,Center,Grass-Clover,10.816330798377273,0.83919195263386,4,15.20774625469697,-4.391415456319697,-28.87617522526319,FALSE,Center,FALSE,C,-10% C,-10% C,-98,-29,grey15,-10% C
foulum,Biogas digestate,Residue Retained,Biogas digestate | Residue Retained,FALSE,Radiation,-10,Center,Ryegrass (undersown),0.11005114461875001,0.013608360284160858,4,0.61210644775,-0.50205530313125,-82.02091400551662,FALSE,Center,FALSE,C,-10% C,-10% C,-98,-82,white,-10% C
foulum,Biogas digestate,Residue Retained,Biogas digestate | Residue Retained,FALSE,Radiation,-10,Center,Soybean,2.0758742833333335,0.14072818529262165,4,2.636689025,-0.5608147416666664,-21.269658133714366,FALSE,Center,FALSE,C,-10% C,-10% C,-98,-21,grey15,-10% C
foulum,Biogas digestate,Residue Retained,Biogas digestate | Residue Retained,FALSE,Radiation,-10,Center,Spring Barley,8.87641879393544,0.3162541795815592,4,9.654615466043955,-0.7781966721085158,-8.06035905671743,FALSE,Center,FALSE,C,-10% C,-10% C,-98,-8.1,grey15,-10% C
foulum,Biogas digestate,Residue Retained,Biogas digestate | Residue Retained,FALSE,Radiation,-10,Center,Winter Wheat,5.026046583333333,0.47269021726569965,4,7.585608369047619,-2.559561785714286,-33.742340247333935,FALSE,Center,FALSE,C,-10% C,-10% C,-98,-34,grey15,-10% C
foulum,Biogas digestate,Residue Retained,Biogas digestate | Residue Retained,FALSE,Radiation,-5,Center,Grass-Clover,11.067490596598486,0.69579314085202,4,15.20774625469697,-4.140255658098484,-27.22464978543254,FALSE,Center,FALSE,C,-5% C,-5% C,-48,-27,grey15,-5% C
foulum,Biogas digestate,Residue Retained,Biogas digestate | Residue Retained,FALSE,Radiation,-5,Center,Ryegrass (undersown),0.13621691858333335,0.01872297796571685,4,0.61210644775,-0.47588952916666666,-77.74620426168622,FALSE,Center,FALSE,C,-5% C,-5% C,-48,-78,white,-5% C
foulum,Biogas digestate,Residue Retained,Biogas digestate | Residue Retained,FALSE,Radiation,-5,Center,Soybean,2.17261675,0.16258251396873893,4,2.636689025,-0.4640722749999999,-17.600569145616248,FALSE,Center,FALSE,C,-5% C,-5% C,-48,-18,grey15,-5% C
foulum,Biogas digestate,Residue Retained,Biogas digestate | Residue Retained,FALSE,Radiation,-5,Center,Spring Barley,8.998298377206044,0.32861280704348245,4,9.654615466043955,-0.6563170888379108,-6.797961981460886,FALSE,Center,FALSE,C,-5% C,-5% C,-48,-6.8,grey15,-5% C
foulum,Biogas digestate,Residue Retained,Biogas digestate | Residue Retained,FALSE,Radiation,-5,Center,Winter Wheat,5.4365538452380955,0.5106474435653732,4,7.585608369047619,-2.1490545238095233,-28.330681195967667,FALSE,Center,FALSE,C,-5% C,-5% C,-48,-28,grey15,-5% C
foulum,Biogas digestate,Residue Retained,Biogas digestate | Residue Retained,FALSE,Radiation,0,Center,Grass-Clover,12.16635097903788,0.7676177375621147,4,15.20774625469697,-3.04139527565909,-19.99898752071658,FALSE,Center,TRUE,C,0% C,**0% C**,2,-20,grey15,**0% C**
foulum,Biogas digestate,Residue Retained,Biogas digestate | Residue Retained,FALSE,Radiation,0,Center,Ryegrass (undersown),0.17029850975,0.023899280475636938,4,0.61210644775,-0.441807938,-72.17828526786664,FALSE,Center,TRUE,C,0% C,**0% C**,2,-72,white,**0% C**
foulum,Biogas digestate,Residue Retained,Biogas digestate | Residue Retained,FALSE,Radiation,0,Center,Soybean,2.2670300666666665,0.18601519595586205,4,2.636689025,-0.3696589583333334,-14.019816323744642,FALSE,Center,TRUE,C,0% C,**0% C**,2,-14,grey15,**0% C**
foulum,Biogas digestate,Residue Retained,Biogas digestate | Residue Retained,FALSE,Radiation,0,Center,Spring Barley,9.102916987582418,0.3652504543863396,4,9.654615466043955,-0.5516984784615371,-5.71434958131584,FALSE,Center,TRUE,C,0% C,**0% C**,2,-5.7,grey15,**0% C**
foulum,Biogas digestate,Residue Retained,Biogas digestate | Residue Retained,FALSE,Radiation,0,Center,Winter Wheat,5.8369991428571435,0.5289997000671451,4,7.585608369047619,-1.7486092261904753,-23.05166759367008,FALSE,Center,TRUE,C,0% C,**0% C**,2,-23,grey15,**0% C**
foulum,Biogas digestate,Residue Retained,Biogas digestate | Residue Retained,FALSE,Radiation,0,East,Grass-Clover,10.970106947962122,0.5519784990454285,4,15.20774625469697,-4.237639306734847,-27.865005345062464,FALSE,East,TRUE,E,0% E,**0% E**,3,-28,grey15,**0% E**
foulum,Biogas digestate,Residue Retained,Biogas digestate | Residue Retained,FALSE,Radiation,0,East,Ryegrass (undersown),0.10014406091916667,0.012893640174413525,4,0.61210644775,-0.5119623868308334,-83.63943701503565,FALSE,East,TRUE,E,0% E,**0% E**,3,-84,white,**0% E**
foulum,Biogas digestate,Residue Retained,Biogas digestate | Residue Retained,FALSE,Radiation,0,East,Soybean,2.1089214916666665,0.1326669000846785,4,2.636689025,-0.5277675333333334,-20.0162980286738,FALSE,East,TRUE,E,0% E,**0% E**,3,-20,grey15,**0% E**
foulum,Biogas digestate,Residue Retained,Biogas digestate | Residue Retained,FALSE,Radiation,0,East,Spring Barley,8.982919072060438,0.3242840662227025,4,9.654615466043955,-0.6716963939835168,-6.957256830641531,FALSE,East,TRUE,E,0% E,**0% E**,3,-7.0,grey15,**0% E**
foulum,Biogas digestate,Residue Retained,Biogas digestate | Residue Retained,FALSE,Radiation,0,East,Winter Wheat,4.906579261904762,0.5092754719007306,4,7.585608369047619,-2.679029107142857,-35.31726101329447,FALSE,East,TRUE,E,0% E,**0% E**,3,-35,grey15,**0% E**
foulum,Biogas digestate,Residue Retained,Biogas digestate | Residue Retained,FALSE,Radiation,0,West,Grass-Clover,11.012431175176514,0.8577803719826144,4,15.20774625469697,-4.195315079520455,-27.586698313201513,FALSE,West,TRUE,W,0% W,**0% W**,1,-28,grey15,**0% W**
foulum,Biogas digestate,Residue Retained,Biogas digestate | Residue Retained,FALSE,Radiation,0,West,Ryegrass (undersown),0.09098661085000001,0.010882285523732618,4,0.61210644775,-0.5211198369,-85.13549217060995,FALSE,West,TRUE,W,0% W,**0% W**,1,-85,white,**0% W**
foulum,Biogas digestate,Residue Retained,Biogas digestate | Residue Retained,FALSE,Radiation,0,West,Soybean,1.9988726416666667,0.1460910678749625,4,2.636689025,-0.6378163833333332,-24.19004961471834,FALSE,West,TRUE,W,0% W,**0% W**,1,-24,grey15,**0% W**
foulum,Biogas digestate,Residue Retained,Biogas digestate | Residue Retained,FALSE,Radiation,0,West,Spring Barley,8.909258150412088,0.3097952213740418,4,9.654615466043955,-0.7453573156318676,-7.720217529671151,FALSE,West,TRUE,W,0% W,**0% W**,1,-7.7,grey15,**0% W**
foulum,Biogas digestate,Residue Retained,Biogas digestate | Residue Retained,FALSE,Radiation,0,West,Winter Wheat,4.339527654761905,0.4267778970180467,4,7.585608369047619,-3.246080714285714,-42.79262198047357,FALSE,West,TRUE,W,0% W,**0% W**,1,-43,grey15,**0% W**
foulum,Biogas digestate,Residue Retained,Biogas digestate | Residue Retained,FALSE,Temperature,-3,Center,Grass-Clover,6.653580454772727,1.264685167754691,4,15.20774625469697,-8.554165799924242,-56.248740981473546,FALSE,Center,FALSE,C,-3°C C,-3°C C,-28,-56,white,-3°C C
foulum,Biogas digestate,Residue Retained,Biogas digestate | Residue Retained,FALSE,Temperature,-3,Center,Ryegrass (undersown),0.07438934062500001,0.14877868125000002,4,0.61210644775,-0.537717107125,-87.84699280681609,FALSE,Center,FALSE,C,-3°C C,-3°C C,-28,-88,white,-3°C C
foulum,Biogas digestate,Residue Retained,Biogas digestate | Residue Retained,FALSE,Temperature,-3,Center,Soybean,0.8066935329166667,0.056774185478994134,4,2.636689025,-1.8299954920833332,-69.40505591414343,FALSE,Center,FALSE,C,-3°C C,-3°C C,-28,-69,white,-3°C C
foulum,Biogas digestate,Residue Retained,Biogas digestate | Residue Retained,FALSE,Temperature,-3,Center,Spring Barley,7.230803970023351,0.3072710012366252,4,9.654615466043955,-2.423811496020604,-25.105210088846523,FALSE,Center,FALSE,C,-3°C C,-3°C C,-28,-25,grey15,-3°C C
foulum,Biogas digestate,Residue Retained,Biogas digestate | Residue Retained,FALSE,Temperature,-3,Center,Winter Wheat,4.070205142857143,0.8360849606975622,4,7.585608369047619,-3.515403226190476,-46.343062483093085,FALSE,Center,FALSE,C,-3°C C,-3°C C,-28,-46,grey15,-3°C C
foulum,Biogas digestate,Residue Retained,Biogas digestate | Residue Retained,FALSE,Temperature,-2,Center,Grass-Clover,9.18280626060606,0.1633066640697922,4,15.20774625469697,-6.024939994090909,-39.61757313139074,FALSE,Center,FALSE,C,-2°C C,-2°C C,-18,-40,grey15,-2°C C
foulum,Biogas digestate,Residue Retained,Biogas digestate | Residue Retained,FALSE,Temperature,-2,Center,Ryegrass (undersown),0.21337693520833334,0.145677687743798,4,0.61210644775,-0.39872951254166666,-65.14055096255383,FALSE,Center,FALSE,C,-2°C C,-2°C C,-18,-65,white,-2°C C
foulum,Biogas digestate,Residue Retained,Biogas digestate | Residue Retained,FALSE,Temperature,-2,Center,Soybean,1.2789576208333333,0.07639104332072179,4,2.636689025,-1.3577314041666666,-51.49380117614236,FALSE,Center,FALSE,C,-2°C C,-2°C C,-18,-51,grey15,-2°C C
foulum,Biogas digestate,Residue Retained,Biogas digestate | Residue Retained,FALSE,Temperature,-2,Center,Spring Barley,8.053566431469779,0.4245437804682539,4,9.654615466043955,-1.6010490345741761,-16.58325015848836,FALSE,Center,FALSE,C,-2°C C,-2°C C,-18,-17,grey15,-2°C C
foulum,Biogas digestate,Residue Retained,Biogas digestate | Residue Retained,FALSE,Temperature,-2,Center,Winter Wheat,5.394246880952381,0.9098968586513224,4,7.585608369047619,-2.1913614880952377,-28.888407909863734,FALSE,Center,FALSE,C,-2°C C,-2°C C,-18,-29,grey15,-2°C C
foulum,Biogas digestate,Residue Retained,Biogas digestate | Residue Retained,FALSE,Temperature,0,Center,Grass-Clover,13.776734947568182,0.24530862032829334,4,15.20774625469697,-1.431011307128788,-9.409752656063779,FALSE,Center,TRUE,C,0°C C,**0°C C**,2,-9.4,grey15,**0°C C**
foulum,Biogas digestate,Residue Retained,Biogas digestate | Residue Retained,FALSE,Temperature,0,Center,Ryegrass (undersown),0.6430346013333333,0.028779443888698526,4,0.61210644775,0.03092815358333334,5.052741021928459,FALSE,Center,TRUE,C,0°C C,**0°C C**,2,5.1,grey15,**0°C C**
foulum,Biogas digestate,Residue Retained,Biogas digestate | Residue Retained,FALSE,Temperature,0,Center,Soybean,2.3666731125,0.19860440831048362,4,2.636689025,-0.2700159124999999,-10.240718944851675,FALSE,Center,TRUE,C,0°C C,**0°C C**,2,-10,grey15,**0°C C**
foulum,Biogas digestate,Residue Retained,Biogas digestate | Residue Retained,FALSE,Temperature,0,Center,Spring Barley,9.456126636666209,0.5091813803214305,4,9.654615466043955,-0.19848882937774626,-2.05589575344401,FALSE,Center,TRUE,C,0°C C,**0°C C**,2,-2.1,grey15,**0°C C**
foulum,Biogas digestate,Residue Retained,Biogas digestate | Residue Retained,FALSE,Temperature,0,Center,Winter Wheat,7.362901285714286,0.667167753964096,4,7.585608369047619,-0.2227070833333329,-2.9359159146953693,FALSE,Center,TRUE,C,0°C C,**0°C C**,2,-2.9,grey15,**0°C C**
foulum,Biogas digestate,Residue Retained,Biogas digestate | Residue Retained,FALSE,Temperature,0,East,Grass-Clover,13.832245821969696,0.2366570930876328,4,15.20774625469697,-1.3755004327272733,-9.044735555753007,FALSE,East,TRUE,E,0°C E,**0°C E**,3,-9.0,grey15,**0°C E**
foulum,Biogas digestate,Residue Retained,Biogas digestate | Residue Retained,FALSE,Temperature,0,East,Ryegrass (undersown),0.6482005159166666,0.037554563654591144,4,0.61210644775,0.036094068166666604,5.896697919020835,FALSE,East,TRUE,E,0°C E,**0°C E**,3,5.9,grey15,**0°C E**
foulum,Biogas digestate,Residue Retained,Biogas digestate | Residue Retained,FALSE,Temperature,0,East,Soybean,2.37635205,0.19725546383026507,4,2.636689025,-0.26033697499999997,-9.873632139838712,FALSE,East,TRUE,E,0°C E,**0°C E**,3,-9.9,grey15,**0°C E**
foulum,Biogas digestate,Residue Retained,Biogas digestate | Residue Retained,FALSE,Temperature,0,East,Spring Barley,9.456958355616758,0.5057826653679117,4,9.654615466043955,-0.19765711042719758,-2.0472810245252466,FALSE,East,TRUE,E,0°C E,**0°C E**,3,-2.0,grey15,**0°C E**
foulum,Biogas digestate,Residue Retained,Biogas digestate | Residue Retained,FALSE,Temperature,0,East,Winter Wheat,7.346101404761905,0.6605204140494535,4,7.585608369047619,-0.23950696428571394,-3.157386364197237,FALSE,East,TRUE,E,0°C E,**0°C E**,3,-3.2,grey15,**0°C E**
foulum,Biogas digestate,Residue Retained,Biogas digestate | Residue Retained,FALSE,Temperature,0,West,Grass-Clover,14.167484553515152,1.375641708561429,4,15.20774625469697,-1.0402617011818176,-6.840340993068114,FALSE,West,TRUE,W,0°C W,**0°C W**,1,-6.8,grey15,**0°C W**
foulum,Biogas digestate,Residue Retained,Biogas digestate | Residue Retained,FALSE,Temperature,0,West,Ryegrass (undersown),0.58808088475,0.09142163904297117,4,0.61210644775,-0.024025563000000028,-3.925062885436666,FALSE,West,TRUE,W,0°C W,**0°C W**,1,-3.9,grey15,**0°C W**
foulum,Biogas digestate,Residue Retained,Biogas digestate | Residue Retained,FALSE,Temperature,0,West,Soybean,2.3667725583333334,0.21709789178454927,4,2.636689025,-0.26991646666666647,-10.236947327023765,FALSE,West,TRUE,W,0°C W,**0°C W**,1,-10,grey15,**0°C W**
foulum,Biogas digestate,Residue Retained,Biogas digestate | Residue Retained,FALSE,Temperature,0,West,Spring Barley,9.49181320839011,0.5526618149762834,4,9.654615466043955,-0.16280225765384593,-1.6862635101981465,FALSE,West,TRUE,W,0°C W,**0°C W**,1,-1.7,grey15,**0°C W**
foulum,Biogas digestate,Residue Retained,Biogas digestate | Residue Retained,FALSE,Temperature,0,West,Winter Wheat,7.374191583333333,0.661003620944374,4,7.585608369047619,-0.21141678571428546,-2.787077521388427,FALSE,West,TRUE,W,0°C W,**0°C W**,1,-2.8,grey15,**0°C W**
foulum,Biogas digestate,Residue Retained,Biogas digestate | Residue Retained,FALSE,Temperature,0.5,Center,Grass-Clover,16.89066088164394,1.6161290421396801,4,15.20774625469697,1.6829146269469692,11.06616719375624,FALSE,Center,FALSE,C,+0.5°C C,+0.5°C C,7,11,grey15,+0.5°C C
foulum,Biogas digestate,Residue Retained,Biogas digestate | Residue Retained,FALSE,Temperature,0.5,Center,Ryegrass (undersown),0.660059826375,0.14337646793454997,4,0.61210644775,0.04795337862500004,7.834156755131165,FALSE,Center,FALSE,C,+0.5°C C,+0.5°C C,7,7.8,grey15,+0.5°C C
foulum,Biogas digestate,Residue Retained,Biogas digestate | Residue Retained,FALSE,Temperature,0.5,Center,Soybean,2.646713383333333,0.24769238566381538,4,2.636689025,0.010024358333333261,0.3801873576400714,FALSE,Center,FALSE,C,+0.5°C C,+0.5°C C,7,0.4,grey15,+0.5°C C
foulum,Biogas digestate,Residue Retained,Biogas digestate | Residue Retained,FALSE,Temperature,0.5,Center,Spring Barley,9.764514701964286,0.502812847501486,4,9.654615466043955,0.1098992359203308,1.1383077483184605,FALSE,Center,FALSE,C,+0.5°C C,+0.5°C C,7,1.1,grey15,+0.5°C C
foulum,Biogas digestate,Residue Retained,Biogas digestate | Residue Retained,FALSE,Temperature,0.5,Center,Winter Wheat,7.624644083333332,0.6273827567399449,4,7.585608369047619,0.039035714285713397,0.5146022887893219,FALSE,Center,FALSE,C,+0.5°C C,+0.5°C C,7,0.5,grey15,+0.5°C C
foulum,Biogas digestate,Residue Retained,Biogas digestate | Residue Retained,FALSE,Temperature,1,Center,Grass-Clover,18.243156810617045,1.937206522036368,4,15.20774625469697,3.035410555920075,19.959634419745644,FALSE,Center,FALSE,C,+1°C C,+1°C C,12,20,grey15,+1°C C
foulum,Biogas digestate,Residue Retained,Biogas digestate | Residue Retained,FALSE,Temperature,1,Center,Ryegrass (undersown),0.6234097534166666,0.13276827939826857,4,0.61210644775,0.011303305666666597,1.8466241792119067,FALSE,Center,FALSE,C,+1°C C,+1°C C,12,1.8,grey15,+1°C C
foulum,Biogas digestate,Residue Retained,Biogas digestate | Residue Retained,FALSE,Temperature,1,Center,Soybean,2.837433783333333,0.2481594525192287,4,2.636689025,0.20074475833333327,7.613516665407036,FALSE,Center,FALSE,C,+1°C C,+1°C C,12,7.6,grey15,+1°C C
foulum,Biogas digestate,Residue Retained,Biogas digestate | Residue Retained,FALSE,Temperature,1,Center,Spring Barley,9.904013564230768,0.594990539742212,4,9.654615466043955,0.2493980981868127,2.583200740246626,FALSE,Center,FALSE,C,+1°C C,+1°C C,12,2.6,grey15,+1°C C
foulum,Biogas digestate,Residue Retained,Biogas digestate | Residue Retained,FALSE,Temperature,1,Center,Winter Wheat,7.743561226190476,0.6740701520505834,4,7.585608369047619,0.157952857142857,2.08227012862105,FALSE,Center,FALSE,C,+1°C C,+1°C C,12,2.1,grey15,+1°C C
foulum,Biogas digestate,Residue Retained,Biogas digestate | Residue Retained,FALSE,Temperature,2,Center,Grass-Clover,21.283623970844317,1.1621934838510195,4,15.20774625469697,6.075877716147348,39.95251902806302,FALSE,Center,FALSE,C,+2°C C,+2°C C,22,40,grey15,+2°C C
foulum,Biogas digestate,Residue Retained,Biogas digestate | Residue Retained,FALSE,Temperature,2,Center,Ryegrass (undersown),0.58722557758125,0.1702504089245053,4,0.61210644775,-0.024880870168749958,-4.064794654623855,FALSE,Center,FALSE,C,+2°C C,+2°C C,22,-4.1,grey15,+2°C C
foulum,Biogas digestate,Residue Retained,Biogas digestate | Residue Retained,FALSE,Temperature,2,Center,Soybean,2.9949762333333334,0.24106750621550882,4,2.636689025,0.3582872083333335,13.588527313467825,FALSE,Center,FALSE,C,+2°C C,+2°C C,22,14,grey15,+2°C C
foulum,Biogas digestate,Residue Retained,Biogas digestate | Residue Retained,FALSE,Temperature,2,Center,Spring Barley,10.140640694093406,0.5428441432651601,4,9.654615466043955,0.48602522804945103,5.034123106806689,FALSE,Center,FALSE,C,+2°C C,+2°C C,22,5.0,grey15,+2°C C
foulum,Biogas digestate,Residue Retained,Biogas digestate | Residue Retained,FALSE,Temperature,2,Center,Winter Wheat,7.878490333333334,0.3965770668787214,4,7.585608369047619,0.2928819642857148,3.861021424211575,FALSE,Center,FALSE,C,+2°C C,+2°C C,22,3.9,grey15,+2°C C
foulum,Biogas digestate,Residue Retained,Biogas digestate | Residue Retained,FALSE,Temperature,3,Center,Grass-Clover,22.628158468646703,0.4774199125567525,4,15.20774625469697,7.420412213949733,48.79363509670548,FALSE,Center,FALSE,C,+3°C C,+3°C C,32,49,grey15,+3°C C
foulum,Biogas digestate,Residue Retained,Biogas digestate | Residue Retained,FALSE,Temperature,3,Center,Ryegrass (undersown),0.6048793262083333,0.2293400951253677,4,0.61210644775,-0.0072271215416667145,-1.1806968490909373,FALSE,Center,FALSE,C,+3°C C,+3°C C,32,-1.2,grey15,+3°C C
foulum,Biogas digestate,Residue Retained,Biogas digestate | Residue Retained,FALSE,Temperature,3,Center,Soybean,2.9991212833333334,0.2934628977732967,4,2.636689025,0.3624322583333335,13.745733944993134,FALSE,Center,FALSE,C,+3°C C,+3°C C,32,14,grey15,+3°C C
foulum,Biogas digestate,Residue Retained,Biogas digestate | Residue Retained,FALSE,Temperature,3,Center,Spring Barley,10.131148781456044,0.5755821690248677,4,9.654615466043955,0.4765333154120892,4.935808340457417,FALSE,Center,FALSE,C,+3°C C,+3°C C,32,4.9,grey15,+3°C C
foulum,Biogas digestate,Residue Retained,Biogas digestate | Residue Retained,FALSE,Temperature,3,Center,Winter Wheat,7.343372654761904,0.31879534364440176,4,7.585608369047619,-0.242235714285715,-3.193359088694002,FALSE,Center,FALSE,C,+3°C C,+3°C C,32,-3.2,grey15,+3°C C
foulum,Biogas digestate,Residue Retained,Biogas digestate | Residue Retained,FALSE,Wind,-70,Center,Grass-Clover,14.931791145780302,2.140775867427837,4,15.20774625469697,-0.2759551089166674,-1.814569393090956,FALSE,Center,FALSE,C,-70% C,-70% C,-698,-1.8,grey15,-70% C
foulum,Biogas digestate,Residue Retained,Biogas digestate | Residue Retained,FALSE,Wind,-70,Center,Ryegrass (undersown),0.6210310865833333,0.13568956726425652,4,0.61210644775,0.008924638833333276,1.4580207194579868,FALSE,Center,FALSE,C,-70% C,-70% C,-698,1.5,grey15,-70% C
foulum,Biogas digestate,Residue Retained,Biogas digestate | Residue Retained,FALSE,Wind,-70,Center,Soybean,2.6930112333333334,0.25350753620818106,4,2.636689025,0.05632220833333346,2.1360959824730736,FALSE,Center,FALSE,C,-70% C,-70% C,-698,2.1,grey15,-70% C
foulum,Biogas digestate,Residue Retained,Biogas digestate | Residue Retained,FALSE,Wind,-70,Center,Spring Barley,9.683943508612636,0.5733938906832124,4,9.654615466043955,0.0293280425686806,0.3037722493643547,FALSE,Center,FALSE,C,-70% C,-70% C,-698,0.3,grey15,-70% C
foulum,Biogas digestate,Residue Retained,Biogas digestate | Residue Retained,FALSE,Wind,-70,Center,Winter Wheat,7.356003726190476,0.5221023485214126,4,7.585608369047619,-0.22960464285714277,-3.026845464287657,FALSE,Center,FALSE,C,-70% C,-70% C,-698,-3.0,grey15,-70% C
foulum,Biogas digestate,Residue Retained,Biogas digestate | Residue Retained,FALSE,Wind,-60,Center,Grass-Clover,14.927337205999242,2.1235444670908166,4,15.20774625469697,-0.2804090486977273,-1.8438567030346258,FALSE,Center,FALSE,C,-60% C,-60% C,-598,-1.8,grey15,-60% C
foulum,Biogas digestate,Residue Retained,Biogas digestate | Residue Retained,FALSE,Wind,-60,Center,Ryegrass (undersown),0.6185271124166667,0.13428760588826724,4,0.61210644775,0.006420664666666687,1.048945765931394,FALSE,Center,FALSE,C,-60% C,-60% C,-598,1.0,grey15,-60% C
foulum,Biogas digestate,Residue Retained,Biogas digestate | Residue Retained,FALSE,Wind,-60,Center,Soybean,2.689126858333333,0.25427205646539236,4,2.636689025,0.052437833333333295,1.9887758031432354,FALSE,Center,FALSE,C,-60% C,-60% C,-598,2.0,grey15,-60% C
foulum,Biogas digestate,Residue Retained,Biogas digestate | Residue Retained,FALSE,Wind,-60,Center,Spring Barley,9.678158834093406,0.579810146625269,4,9.654615466043955,0.023543368049450564,0.24385609279058754,FALSE,Center,FALSE,C,-60% C,-60% C,-598,0.2,grey15,-60% C
foulum,Biogas digestate,Residue Retained,Biogas digestate | Residue Retained,FALSE,Wind,-60,Center,Winter Wheat,7.377660511904762,0.5280834493406323,4,7.585608369047619,-0.20794785714285702,-2.741347127692081,FALSE,Center,FALSE,C,-60% C,-60% C,-598,-2.7,grey15,-60% C
foulum,Biogas digestate,Residue Retained,Biogas digestate | Residue Retained,FALSE,Wind,-50,Center,Grass-Clover,15.41650549728441,2.460515977310799,4,15.20774625469697,0.2087592425874405,1.3727165030976527,FALSE,Center,FALSE,C,-50% C,-50% C,-498,1.4,grey15,-50% C
foulum,Biogas digestate,Residue Retained,Biogas digestate | Residue Retained,FALSE,Wind,-50,Center,Ryegrass (undersown),0.6187670230416666,0.1370348881603547,4,0.61210644775,0.006660575291666637,1.0881400312232925,FALSE,Center,FALSE,C,-50% C,-50% C,-498,1.1,grey15,-50% C
foulum,Biogas digestate,Residue Retained,Biogas digestate | Residue Retained,FALSE,Wind,-50,Center,Soybean,2.6844671416666666,0.254969642416647,4,2.636689025,0.04777811666666665,1.8120497416894528,FALSE,Center,FALSE,C,-50% C,-50% C,-498,1.8,grey15,-50% C
foulum,Biogas digestate,Residue Retained,Biogas digestate | Residue Retained,FALSE,Wind,-50,Center,Spring Barley,9.721722924478023,0.6149336694177129,4,9.654615466043955,0.06710745843406762,0.6950816287825222,FALSE,Center,FALSE,C,-50% C,-50% C,-498,0.7,grey15,-50% C
foulum,Biogas digestate,Residue Retained,Biogas digestate | Residue Retained,FALSE,Wind,-50,Center,Winter Wheat,7.423577654761905,0.5220313600924636,4,7.585608369047619,-0.1620307142857138,-2.1360279413694134,FALSE,Center,FALSE,C,-50% C,-50% C,-498,-2.1,grey15,-50% C
foulum,Biogas digestate,Residue Retained,Biogas digestate | Residue Retained,FALSE,Wind,-40,Center,Grass-Clover,15.404437738866667,2.456856807770657,4,15.20774625469697,0.19669148416969762,1.293363795499604,FALSE,Center,FALSE,C,-40% C,-40% C,-398,1.3,grey15,-40% C
foulum,Biogas digestate,Residue Retained,Biogas digestate | Residue Retained,FALSE,Wind,-40,Center,Ryegrass (undersown),0.614905732875,0.13508192687845966,4,0.61210644775,0.0027992851250000506,0.4573199866281021,FALSE,Center,FALSE,C,-40% C,-40% C,-398,0.5,grey15,-40% C
foulum,Biogas digestate,Residue Retained,Biogas digestate | Residue Retained,FALSE,Wind,-40,Center,Soybean,2.6814427416666664,0.253252632054819,4,2.636689025,0.0447537166666665,1.6973452782004317,FALSE,Center,FALSE,C,-40% C,-40% C,-398,1.7,grey15,-40% C
foulum,Biogas digestate,Residue Retained,Biogas digestate | Residue Retained,FALSE,Wind,-40,Center,Spring Barley,9.713462920467032,0.623964275113235,4,9.654615466043955,0.05884745442307704,0.609526652097623,FALSE,Center,FALSE,C,-40% C,-40% C,-398,0.6,grey15,-40% C
foulum,Biogas digestate,Residue Retained,Biogas digestate | Residue Retained,FALSE,Wind,-40,Center,Winter Wheat,7.455841940476191,0.5370799484214651,4,7.585608369047619,-0.12976642857142817,-1.710692435704013,FALSE,Center,FALSE,C,-40% C,-40% C,-398,-1.7,grey15,-40% C
foulum,Biogas digestate,Residue Retained,Biogas digestate | Residue Retained,FALSE,Wind,-30,Center,Grass-Clover,15.391762766469698,2.440408865862929,4,15.20774625469697,0.18401651177272882,1.210018293906598,FALSE,Center,FALSE,C,-30% C,-30% C,-298,1.2,grey15,-30% C
foulum,Biogas digestate,Residue Retained,Biogas digestate | Residue Retained,FALSE,Wind,-30,Center,Ryegrass (undersown),0.6144559884166667,0.13596854869455316,4,0.61210644775,0.002349540666666705,0.38384510983395453,FALSE,Center,FALSE,C,-30% C,-30% C,-298,0.4,grey15,-30% C
foulum,Biogas digestate,Residue Retained,Biogas digestate | Residue Retained,FALSE,Wind,-30,Center,Soybean,2.6794306833333335,0.24926188426523602,4,2.636689025,0.04274165833333354,1.621035242612031,FALSE,Center,FALSE,C,-30% C,-30% C,-298,1.6,grey15,-30% C
foulum,Biogas digestate,Residue Retained,Biogas digestate | Residue Retained,FALSE,Wind,-30,Center,Spring Barley,9.707682067293955,0.6300263549832266,4,9.654615466043955,0.05306660125000029,0.5496500760350292,FALSE,Center,FALSE,C,-30% C,-30% C,-298,0.5,grey15,-30% C
foulum,Biogas digestate,Residue Retained,Biogas digestate | Residue Retained,FALSE,Wind,-30,Center,Winter Wheat,7.477158904761904,0.5412364470831552,4,7.585608369047619,-0.108449464285715,-1.429673916837483,FALSE,Center,FALSE,C,-30% C,-30% C,-298,-1.4,grey15,-30% C
foulum,Biogas digestate,Residue Retained,Biogas digestate | Residue Retained,FALSE,Wind,-20,Center,Grass-Clover,15.384892591780304,2.4150639064370965,4,15.20774625469697,0.17714633708333416,1.1648427986403431,FALSE,Center,FALSE,C,-20% C,-20% C,-198,1.2,grey15,-20% C
foulum,Biogas digestate,Residue Retained,Biogas digestate | Residue Retained,FALSE,Wind,-20,Center,Ryegrass (undersown),0.6147275750000001,0.1380881271715501,4,0.61210644775,0.002621127250000077,0.42821428521704,FALSE,Center,FALSE,C,-20% C,-20% C,-198,0.4,grey15,-20% C
foulum,Biogas digestate,Residue Retained,Biogas digestate | Residue Retained,FALSE,Wind,-20,Center,Soybean,2.6727369083333334,0.24955559668394167,4,2.636689025,0.03604788333333353,1.3671647657930965,FALSE,Center,FALSE,C,-20% C,-20% C,-198,1.4,grey15,-20% C
foulum,Biogas digestate,Residue Retained,Biogas digestate | Residue Retained,FALSE,Wind,-20,Center,Spring Barley,9.700342068296703,0.6366402462424867,4,9.654615466043955,0.045726602252747384,0.47362427238631566,FALSE,Center,FALSE,C,-20% C,-20% C,-198,0.5,grey15,-20% C
foulum,Biogas digestate,Residue Retained,Biogas digestate | Residue Retained,FALSE,Wind,-20,Center,Winter Wheat,7.498877833333333,0.5461764798244179,4,7.585608369047619,-0.08673053571428557,-1.14335635976386,FALSE,Center,FALSE,C,-20% C,-20% C,-198,-1.1,grey15,-20% C
foulum,Biogas digestate,Residue Retained,Biogas digestate | Residue Retained,FALSE,Wind,0,Center,Grass-Clover,15.318966526435606,2.34419600281137,4,15.20774625469697,0.11122027173863636,0.7313396073023348,FALSE,Center,TRUE,C,0% C,**0% C**,2,0.7,grey15,**0% C**
foulum,Biogas digestate,Residue Retained,Biogas digestate | Residue Retained,FALSE,Wind,0,Center,Ryegrass (undersown),0.6136665934583334,0.1394687842217466,4,0.61210644775,0.0015601457083334047,0.25488143672856856,FALSE,Center,TRUE,C,0% C,**0% C**,2,0.3,grey15,**0% C**
foulum,Biogas digestate,Residue Retained,Biogas digestate | Residue Retained,FALSE,Wind,0,Center,Soybean,2.6596602333333337,0.24829134329435998,4,2.636689025,0.02297120833333377,0.8712141672958104,FALSE,Center,TRUE,C,0% C,**0% C**,2,0.9,grey15,**0% C**
foulum,Biogas digestate,Residue Retained,Biogas digestate | Residue Retained,FALSE,Wind,0,Center,Spring Barley,9.683044641565933,0.6517258275045504,4,9.654615466043955,0.028429175521978323,0.2944620179018623,FALSE,Center,TRUE,C,0% C,**0% C**,2,0.3,grey15,**0% C**
foulum,Biogas digestate,Residue Retained,Biogas digestate | Residue Retained,FALSE,Wind,0,Center,Winter Wheat,7.536312595238095,0.5533936679150837,4,7.585608369047619,-0.04929577380952388,-0.6498591993052367,FALSE,Center,TRUE,C,0% C,**0% C**,2,-0.6,grey15,**0% C**
foulum,Biogas digestate,Residue Retained,Biogas digestate | Residue Retained,FALSE,Wind,0,East,Grass-Clover,15.323047468113636,2.3470070200260844,4,15.20774625469697,0.11530121341666622,0.7581742322999044,FALSE,East,TRUE,E,0% E,**0% E**,3,0.8,grey15,**0% E**
foulum,Biogas digestate,Residue Retained,Biogas digestate | Residue Retained,FALSE,Wind,0,East,Ryegrass (undersown),0.6131129620833333,0.13845257449449944,4,0.61210644775,0.0010065143333333193,0.1644345255687301,FALSE,East,TRUE,E,0% E,**0% E**,3,0.2,grey15,**0% E**
foulum,Biogas digestate,Residue Retained,Biogas digestate | Residue Retained,FALSE,Wind,0,East,Soybean,2.656532175,0.25169863943462734,4,2.636689025,0.019843150000000254,0.7525783212148143,FALSE,East,TRUE,E,0% E,**0% E**,3,0.8,grey15,**0% E**
foulum,Biogas digestate,Residue Retained,Biogas digestate | Residue Retained,FALSE,Wind,0,East,Spring Barley,9.687685271277472,0.6444649675444111,4,9.654615466043955,0.03306980523351655,0.3425284554296923,FALSE,East,TRUE,E,0% E,**0% E**,3,0.3,grey15,**0% E**
foulum,Biogas digestate,Residue Retained,Biogas digestate | Residue Retained,FALSE,Wind,0,East,Winter Wheat,7.539623011904761,0.5520548670128261,4,7.585608369047619,-0.04598535714285745,-0.6062184455830398,FALSE,East,TRUE,E,0% E,**0% E**,3,-0.6,grey15,**0% E**
foulum,Biogas digestate,Residue Retained,Biogas digestate | Residue Retained,FALSE,Wind,0,West,Grass-Clover,15.332065290454546,2.3435284468126474,4,15.20774625469697,0.1243190357575763,0.8174717915166417,FALSE,West,TRUE,W,0% W,**0% W**,1,0.8,grey15,**0% W**
foulum,Biogas digestate,Residue Retained,Biogas digestate | Residue Retained,FALSE,Wind,0,West,Ryegrass (undersown),0.6134501664166667,0.1397558365063023,4,0.61210644775,0.0013437186666667156,0.21952369095375462,FALSE,West,TRUE,W,0% W,**0% W**,1,0.2,grey15,**0% W**
foulum,Biogas digestate,Residue Retained,Biogas digestate | Residue Retained,FALSE,Wind,0,West,Soybean,2.6614034083333333,0.24684307175606662,4,2.636689025,0.024714383333333423,0.9373264385371887,FALSE,West,TRUE,W,0% W,**0% W**,1,0.9,grey15,**0% W**
foulum,Biogas digestate,Residue Retained,Biogas digestate | Residue Retained,FALSE,Wind,0,West,Spring Barley,9.679954930315933,0.6551575098886387,4,9.654615466043955,0.025339464271977974,0.26245959107432987,FALSE,West,TRUE,W,0% W,**0% W**,1,0.3,grey15,**0% W**
foulum,Biogas digestate,Residue Retained,Biogas digestate | Residue Retained,FALSE,Wind,0,West,Winter Wheat,7.528954976190477,0.552724752766272,4,7.585608369047619,-0.056653392857142215,-0.7468536483943885,FALSE,West,TRUE,W,0% W,**0% W**,1,-0.7,grey15,**0% W**
foulum,Mineral fertiliser,Residue Removed,Mineral fertiliser | Residue Removed,FALSE,Radiation,-30,Center,Grass-Clover,9.478927884375,0.7230584009479273,4,15.039520943742197,-5.560593059367196,-36.97320599617175,FALSE,Center,FALSE,C,-30% C,-30% C,-298,-37,grey15,-30% C
foulum,Mineral fertiliser,Residue Removed,Mineral fertiliser | Residue Removed,FALSE,Radiation,-30,Center,Ryegrass (undersown),0.013063395727750001,0.007633309968881288,4,0.6117759389999999,-0.59871254327225,-97.86467644525163,FALSE,Center,FALSE,C,-30% C,-30% C,-298,-98,white,-30% C
foulum,Mineral fertiliser,Residue Removed,Mineral fertiliser | Residue Removed,FALSE,Radiation,-30,Center,Soybean,3.9410354499999998,0.140841778826832,4,5.88300585,-1.9419704000000002,-33.00983289010328,FALSE,Center,FALSE,C,-30% C,-30% C,-298,-33,grey15,-30% C
foulum,Mineral fertiliser,Residue Removed,Mineral fertiliser | Residue Removed,FALSE,Radiation,-30,Center,Spring Barley,8.25690926092033,0.20443376220398596,4,9.455606415782967,-1.1986971548626375,-12.677105012131365,FALSE,Center,FALSE,C,-30% C,-30% C,-298,-13,grey15,-30% C
foulum,Mineral fertiliser,Residue Removed,Mineral fertiliser | Residue Removed,FALSE,Radiation,-30,Center,Winter Wheat,3.608550798214286,0.31236040139025495,4,8.169453532142857,-4.560902733928571,-55.82873708729255,FALSE,Center,FALSE,C,-30% C,-30% C,-298,-56,white,-30% C
foulum,Mineral fertiliser,Residue Removed,Mineral fertiliser | Residue Removed,FALSE,Radiation,-20,Center,Grass-Clover,10.584613849363636,0.6500889517052995,4,15.039520943742197,-4.4549070943785605,-29.62133641784784,FALSE,Center,FALSE,C,-20% C,-20% C,-198,-30,grey15,-20% C
foulum,Mineral fertiliser,Residue Removed,Mineral fertiliser | Residue Removed,FALSE,Radiation,-20,Center,Ryegrass (undersown),0.04981783774083334,0.015594958227568028,4,0.6117759389999999,-0.5619581012591666,-91.8568491231831,FALSE,Center,FALSE,C,-20% C,-20% C,-198,-92,white,-20% C
foulum,Mineral fertiliser,Residue Removed,Mineral fertiliser | Residue Removed,FALSE,Radiation,-20,Center,Soybean,4.4452244,0.18247892203114743,4,5.88300585,-1.4377814500000001,-24.439571991926545,FALSE,Center,FALSE,C,-20% C,-20% C,-198,-24,grey15,-20% C
foulum,Mineral fertiliser,Residue Removed,Mineral fertiliser | Residue Removed,FALSE,Radiation,-20,Center,Spring Barley,8.576594451271978,0.23594718491259367,4,9.455606415782967,-0.8790119645109886,-9.29619874029203,FALSE,Center,FALSE,C,-20% C,-20% C,-198,-9.3,grey15,-20% C
foulum,Mineral fertiliser,Residue Removed,Mineral fertiliser | Residue Removed,FALSE,Radiation,-20,Center,Winter Wheat,4.69166409702381,0.44074026089840734,4,8.169453532142857,-3.477789435119047,-42.57064957203838,FALSE,Center,FALSE,C,-20% C,-20% C,-198,-43,grey15,-20% C
foulum,Mineral fertiliser,Residue Removed,Mineral fertiliser | Residue Removed,FALSE,Radiation,-10,Center,Grass-Clover,10.89192630467803,1.3698922637502104,4,15.039520943742197,-4.147594639064167,-27.577970432561827,FALSE,Center,FALSE,C,-10% C,-10% C,-98,-28,grey15,-10% C
foulum,Mineral fertiliser,Residue Removed,Mineral fertiliser | Residue Removed,FALSE,Radiation,-10,Center,Ryegrass (undersown),0.11059173906166667,0.01384006634200737,4,0.6117759389999999,-0.5011841999383333,-81.92283612159734,FALSE,Center,FALSE,C,-10% C,-10% C,-98,-82,white,-10% C
foulum,Mineral fertiliser,Residue Removed,Mineral fertiliser | Residue Removed,FALSE,Radiation,-10,Center,Soybean,4.875188574999999,0.13569371672542932,4,5.88300585,-1.0078172750000007,-17.13099222908304,FALSE,Center,FALSE,C,-10% C,-10% C,-98,-17,grey15,-10% C
foulum,Mineral fertiliser,Residue Removed,Mineral fertiliser | Residue Removed,FALSE,Radiation,-10,Center,Spring Barley,8.78029162651923,0.22438307783118322,4,9.455606415782967,-0.6753147892637372,-7.1419511300356735,FALSE,Center,FALSE,C,-10% C,-10% C,-98,-7.1,grey15,-10% C
foulum,Mineral fertiliser,Residue Removed,Mineral fertiliser | Residue Removed,FALSE,Radiation,-10,Center,Winter Wheat,5.640168799404762,0.464491017454787,4,8.169453532142857,-2.5292847327380947,-30.960268306644746,FALSE,Center,FALSE,C,-10% C,-10% C,-98,-31,grey15,-10% C
foulum,Mineral fertiliser,Residue Removed,Mineral fertiliser | Residue Removed,FALSE,Radiation,-5,Center,Grass-Clover,10.349645295670456,1.8720200610771005,4,15.039520943742197,-4.689875648071741,-31.183677097262557,FALSE,Center,FALSE,C,-5% C,-5% C,-48,-31,grey15,-5% C
foulum,Mineral fertiliser,Residue Removed,Mineral fertiliser | Residue Removed,FALSE,Radiation,-5,Center,Ryegrass (undersown),0.13722429500000002,0.019225135358790897,4,0.6117759389999999,-0.47455164399999994,-77.56951748963766,FALSE,Center,FALSE,C,-5% C,-5% C,-48,-78,white,-5% C
foulum,Mineral fertiliser,Residue Removed,Mineral fertiliser | Residue Removed,FALSE,Radiation,-5,Center,Soybean,5.022735716666666,0.12870547832515844,4,5.88300585,-0.8602701333333336,-14.622969197512077,FALSE,Center,FALSE,C,-5% C,-5% C,-48,-15,grey15,-5% C
foulum,Mineral fertiliser,Residue Removed,Mineral fertiliser | Residue Removed,FALSE,Radiation,-5,Center,Spring Barley,8.847893632102334,0.29887210403057723,4,9.455606415782967,-0.6077127836806326,-6.427010145708474,FALSE,Center,FALSE,C,-5% C,-5% C,-48,-6.4,grey15,-5% C
foulum,Mineral fertiliser,Residue Removed,Mineral fertiliser | Residue Removed,FALSE,Radiation,-5,Center,Winter Wheat,6.110818620833333,0.5771507952998086,4,8.169453532142857,-2.0586349113095235,-25.199175235036087,FALSE,Center,FALSE,C,-5% C,-5% C,-48,-25,grey15,-5% C
foulum,Mineral fertiliser,Residue Removed,Mineral fertiliser | Residue Removed,FALSE,Radiation,0,Center,Grass-Clover,11.466768051862575,1.8663491296193362,4,15.039520943742197,-3.572752891879622,-23.755762602040928,FALSE,Center,TRUE,C,0% C,**0% C**,2,-24,grey15,**0% C**
foulum,Mineral fertiliser,Residue Removed,Mineral fertiliser | Residue Removed,FALSE,Radiation,0,Center,Ryegrass (undersown),0.17106701304166666,0.024340013918587738,4,0.6117759389999999,-0.4407089259583333,-72.03763630827157,FALSE,Center,TRUE,C,0% C,**0% C**,2,-72,white,**0% C**
foulum,Mineral fertiliser,Residue Removed,Mineral fertiliser | Residue Removed,FALSE,Radiation,0,Center,Soybean,5.145323091666667,0.15258029670530227,4,5.88300585,-0.7376827583333334,-12.53921510775539,FALSE,Center,TRUE,C,0% C,**0% C**,2,-13,grey15,**0% C**
foulum,Mineral fertiliser,Residue Removed,Mineral fertiliser | Residue Removed,FALSE,Radiation,0,Center,Spring Barley,8.984732037417581,0.380018820773586,4,9.455606415782967,-0.4708743783653855,-4.9798432555252985,FALSE,Center,TRUE,C,0% C,**0% C**,2,-5.0,grey15,**0% C**
foulum,Mineral fertiliser,Residue Removed,Mineral fertiliser | Residue Removed,FALSE,Radiation,0,Center,Winter Wheat,6.578230490476191,0.6284568057263759,4,8.169453532142857,-1.591223041666666,-19.477717027289174,FALSE,Center,TRUE,C,0% C,**0% C**,2,-19,grey15,**0% C**
foulum,Mineral fertiliser,Residue Removed,Mineral fertiliser | Residue Removed,FALSE,Radiation,0,East,Grass-Clover,10.891134976227272,1.6999722674029443,4,15.039520943742197,-4.148385967514924,-27.583232092515743,FALSE,East,TRUE,E,0% E,**0% E**,3,-28,grey15,**0% E**
foulum,Mineral fertiliser,Residue Removed,Mineral fertiliser | Residue Removed,FALSE,Radiation,0,East,Ryegrass (undersown),0.09997352508416667,0.012897868387862913,4,0.6117759389999999,-0.5118024139158333,-83.65847384459383,FALSE,East,TRUE,E,0% E,**0% E**,3,-84,white,**0% E**
foulum,Mineral fertiliser,Residue Removed,Mineral fertiliser | Residue Removed,FALSE,Radiation,0,East,Soybean,4.552217283333333,0.07844003428318379,4,5.88300585,-1.3307885666666666,-22.62089483842119,FALSE,East,TRUE,E,0% E,**0% E**,3,-23,grey15,**0% E**
foulum,Mineral fertiliser,Residue Removed,Mineral fertiliser | Residue Removed,FALSE,Radiation,0,East,Spring Barley,8.864625528516484,0.2682656808190299,4,9.455606415782967,-0.5909808872664826,-6.250058021451041,FALSE,East,TRUE,E,0% E,**0% E**,3,-6.3,grey15,**0% E**
foulum,Mineral fertiliser,Residue Removed,Mineral fertiliser | Residue Removed,FALSE,Radiation,0,East,Winter Wheat,5.496927576785714,0.5054873165011129,4,8.169453532142857,-2.672525955357143,-32.713644123710885,FALSE,East,TRUE,E,0% E,**0% E**,3,-33,grey15,**0% E**
foulum,Mineral fertiliser,Residue Removed,Mineral fertiliser | Residue Removed,FALSE,Radiation,0,West,Grass-Clover,9.878192548958333,1.8564981717279234,4,15.039520943742197,-5.1613283947838635,-34.318436166222725,FALSE,West,TRUE,W,0% W,**0% W**,1,-34,grey15,**0% W**
foulum,Mineral fertiliser,Residue Removed,Mineral fertiliser | Residue Removed,FALSE,Radiation,0,West,Ryegrass (undersown),0.09163036659166668,0.011486606485977742,4,0.6117759389999999,-0.5201455724083333,-85.0222343262724,FALSE,West,TRUE,W,0% W,**0% W**,1,-85,white,**0% W**
foulum,Mineral fertiliser,Residue Removed,Mineral fertiliser | Residue Removed,FALSE,Radiation,0,West,Soybean,4.227013741666666,0.16493666744766755,4,5.88300585,-1.6559921083333338,-28.148741486179787,FALSE,West,TRUE,W,0% W,**0% W**,1,-28,grey15,**0% W**
foulum,Mineral fertiliser,Residue Removed,Mineral fertiliser | Residue Removed,FALSE,Radiation,0,West,Spring Barley,8.766551491291208,0.2230031356051072,4,9.455606415782967,-0.6890549244917583,-7.287263176919166,FALSE,West,TRUE,W,0% W,**0% W**,1,-7.3,grey15,**0% W**
foulum,Mineral fertiliser,Residue Removed,Mineral fertiliser | Residue Removed,FALSE,Radiation,0,West,Winter Wheat,4.872134052380952,0.4051230230165718,4,8.169453532142857,-3.2973194797619048,-40.36156723076451,FALSE,West,TRUE,W,0% W,**0% W**,1,-40,grey15,**0% W**
foulum,Mineral fertiliser,Residue Removed,Mineral fertiliser | Residue Removed,FALSE,Temperature,-3,Center,Grass-Clover,7.952883289445076,1.1552498647725793,4,15.039520943742197,-7.086637654297121,-47.1201023011694,FALSE,Center,FALSE,C,-3°C C,-3°C C,-28,-47,grey15,-3°C C
foulum,Mineral fertiliser,Residue Removed,Mineral fertiliser | Residue Removed,FALSE,Temperature,-3,Center,Ryegrass (undersown),0.07419865833333333,0.14839731666666667,4,0.6117759389999999,-0.5375772806666665,-87.871595856709,FALSE,Center,FALSE,C,-3°C C,-3°C C,-28,-88,white,-3°C C
foulum,Mineral fertiliser,Residue Removed,Mineral fertiliser | Residue Removed,FALSE,Temperature,-3,Center,Soybean,3.279719490416667,0.20932364473975157,4,5.88300585,-2.603286359583333,-44.25095650012541,FALSE,Center,FALSE,C,-3°C C,-3°C C,-28,-44,grey15,-3°C C
foulum,Mineral fertiliser,Residue Removed,Mineral fertiliser | Residue Removed,FALSE,Temperature,-3,Center,Spring Barley,7.204279833656593,0.29275814713585957,4,9.455606415782967,-2.2513265821263735,-23.80943625538959,FALSE,Center,FALSE,C,-3°C C,-3°C C,-28,-24,grey15,-3°C C
foulum,Mineral fertiliser,Residue Removed,Mineral fertiliser | Residue Removed,FALSE,Temperature,-3,Center,Winter Wheat,5.412661797619048,0.8674212681606982,4,8.169453532142857,-2.7567917345238087,-33.745118001799796,FALSE,Center,FALSE,C,-3°C C,-3°C C,-28,-34,grey15,-3°C C
foulum,Mineral fertiliser,Residue Removed,Mineral fertiliser | Residue Removed,FALSE,Temperature,-2,Center,Grass-Clover,10.947995888932576,0.6666325285356077,4,15.039520943742197,-4.091525054809621,-27.20515547080684,FALSE,Center,FALSE,C,-2°C C,-2°C C,-18,-27,grey15,-2°C C
foulum,Mineral fertiliser,Residue Removed,Mineral fertiliser | Residue Removed,FALSE,Temperature,-2,Center,Ryegrass (undersown),0.21128758625000002,0.1457557564458457,4,0.6117759389999999,-0.40048835274999994,-65.46324025175498,FALSE,Center,FALSE,C,-2°C C,-2°C C,-18,-65,white,-2°C C
foulum,Mineral fertiliser,Residue Removed,Mineral fertiliser | Residue Removed,FALSE,Temperature,-2,Center,Soybean,4.2192233,0.24521195768690976,4,5.88300585,-1.6637825499999996,-28.28116429630951,FALSE,Center,FALSE,C,-2°C C,-2°C C,-18,-28,grey15,-2°C C
foulum,Mineral fertiliser,Residue Removed,Mineral fertiliser | Residue Removed,FALSE,Temperature,-2,Center,Spring Barley,8.01692409300824,0.3668097512687025,4,9.455606415782967,-1.438682322774726,-15.215124863629349,FALSE,Center,FALSE,C,-2°C C,-2°C C,-18,-15,grey15,-2°C C
foulum,Mineral fertiliser,Residue Removed,Mineral fertiliser | Residue Removed,FALSE,Temperature,-2,Center,Winter Wheat,6.5480429863095235,1.0153796326460558,4,8.169453532142857,-1.6214105458333332,-19.84723383827162,FALSE,Center,FALSE,C,-2°C C,-2°C C,-18,-20,grey15,-2°C C
foulum,Mineral fertiliser,Residue Removed,Mineral fertiliser | Residue Removed,FALSE,Temperature,0,Center,Grass-Clover,15.643576923560605,0.622587014056834,4,15.039520943742197,0.6040559798184084,4.016457585836538,FALSE,Center,TRUE,C,0°C C,**0°C C**,2,4.0,grey15,**0°C C**
foulum,Mineral fertiliser,Residue Removed,Mineral fertiliser | Residue Removed,FALSE,Temperature,0,Center,Ryegrass (undersown),0.6407721862916667,0.03653915516435035,4,0.6117759389999999,0.02899624729166672,4.739684162646796,FALSE,Center,TRUE,C,0°C C,**0°C C**,2,4.7,grey15,**0°C C**
foulum,Mineral fertiliser,Residue Removed,Mineral fertiliser | Residue Removed,FALSE,Temperature,0,Center,Soybean,5.627474833333333,0.2633951633339025,4,5.88300585,-0.25553101666666667,-4.34354517370855,FALSE,Center,TRUE,C,0°C C,**0°C C**,2,-4.3,grey15,**0°C C**
foulum,Mineral fertiliser,Residue Removed,Mineral fertiliser | Residue Removed,FALSE,Temperature,0,Center,Spring Barley,9.42700765226511,0.5180317321232953,4,9.455606415782967,-0.028598763517857506,-0.30245298144095184,FALSE,Center,TRUE,C,0°C C,**0°C C**,2,-0.3,grey15,**0°C C**
foulum,Mineral fertiliser,Residue Removed,Mineral fertiliser | Residue Removed,FALSE,Temperature,0,Center,Winter Wheat,8.015956685119047,0.6580045426295965,4,8.169453532142857,-0.15349684702380983,-1.878912052316276,FALSE,Center,TRUE,C,0°C C,**0°C C**,2,-1.9,grey15,**0°C C**
foulum,Mineral fertiliser,Residue Removed,Mineral fertiliser | Residue Removed,FALSE,Temperature,0,East,Grass-Clover,15.67093749808712,0.6299333933700539,4,15.039520943742197,0.6314165543449235,4.198382094129467,FALSE,East,TRUE,E,0°C E,**0°C E**,3,4.2,grey15,**0°C E**
foulum,Mineral fertiliser,Residue Removed,Mineral fertiliser | Residue Removed,FALSE,Temperature,0,East,Ryegrass (undersown),0.6427183343333334,0.03583690238927884,4,0.6117759389999999,0.030942395333333428,5.057798674447939,FALSE,East,TRUE,E,0°C E,**0°C E**,3,5.1,grey15,**0°C E**
foulum,Mineral fertiliser,Residue Removed,Mineral fertiliser | Residue Removed,FALSE,Temperature,0,East,Soybean,5.628203258333333,0.2598054754637646,4,5.88300585,-0.2548025916666674,-4.331163323025889,FALSE,East,TRUE,E,0°C E,**0°C E**,3,-4.3,grey15,**0°C E**
foulum,Mineral fertiliser,Residue Removed,Mineral fertiliser | Residue Removed,FALSE,Temperature,0,East,Spring Barley,9.420842806862638,0.5145885343057042,4,9.455606415782967,-0.03476360892032915,-0.36765076074129893,FALSE,East,TRUE,E,0°C E,**0°C E**,3,-0.4,grey15,**0°C E**
foulum,Mineral fertiliser,Residue Removed,Mineral fertiliser | Residue Removed,FALSE,Temperature,0,East,Winter Wheat,7.991807409523809,0.6417787934331236,4,8.169453532142857,-0.17764612261904755,-2.1745165930633648,FALSE,East,TRUE,E,0°C E,**0°C E**,3,-2.2,grey15,**0°C E**
foulum,Mineral fertiliser,Residue Removed,Mineral fertiliser | Residue Removed,FALSE,Temperature,0,West,Grass-Clover,15.030764129128787,1.3765621388138916,4,15.039520943742197,-0.008756814613409603,-0.058225356021417894,FALSE,West,TRUE,W,0°C W,**0°C W**,1,-0.1,grey15,**0°C W**
foulum,Mineral fertiliser,Residue Removed,Mineral fertiliser | Residue Removed,FALSE,Temperature,0,West,Ryegrass (undersown),0.5815021912083334,0.08959469227590282,4,0.6117759389999999,-0.030273747791666583,-4.948502525475521,FALSE,West,TRUE,W,0°C W,**0°C W**,1,-4.9,grey15,**0°C W**
foulum,Mineral fertiliser,Residue Removed,Mineral fertiliser | Residue Removed,FALSE,Temperature,0,West,Soybean,5.601836408333333,0.23980725236032654,4,5.88300585,-0.281169441666667,-4.779350026766793,FALSE,West,TRUE,W,0°C W,**0°C W**,1,-4.8,grey15,**0°C W**
foulum,Mineral fertiliser,Residue Removed,Mineral fertiliser | Residue Removed,FALSE,Temperature,0,West,Spring Barley,9.379084907751373,0.46812803249961055,4,9.455606415782967,-0.0765215080315933,-0.8092712901402737,FALSE,West,TRUE,W,0°C W,**0°C W**,1,-0.8,grey15,**0°C W**
foulum,Mineral fertiliser,Residue Removed,Mineral fertiliser | Residue Removed,FALSE,Temperature,0,West,Winter Wheat,8.001052055952382,0.6430921841844154,4,8.169453532142857,-0.16840147619047485,-2.0613554569824815,FALSE,West,TRUE,W,0°C W,**0°C W**,1,-2.1,grey15,**0°C W**
foulum,Mineral fertiliser,Residue Removed,Mineral fertiliser | Residue Removed,FALSE,Temperature,0.5,Center,Grass-Clover,17.013742388740532,1.2785034757287395,4,15.039520943742197,1.974221444998335,13.126890493275917,FALSE,Center,FALSE,C,+0.5°C C,+0.5°C C,7,13,grey15,+0.5°C C
foulum,Mineral fertiliser,Residue Removed,Mineral fertiliser | Residue Removed,FALSE,Temperature,0.5,Center,Ryegrass (undersown),0.6605981477083334,0.1474391863777953,4,0.6117759389999999,0.048822208708333426,7.98040681170585,FALSE,Center,FALSE,C,+0.5°C C,+0.5°C C,7,8.0,grey15,+0.5°C C
foulum,Mineral fertiliser,Residue Removed,Mineral fertiliser | Residue Removed,FALSE,Temperature,0.5,Center,Soybean,5.8740075916666665,0.3330247468984137,4,5.88300585,-0.008998258333333453,-0.15295341467888313,FALSE,Center,FALSE,C,+0.5°C C,+0.5°C C,7,-0.2,grey15,+0.5°C C
foulum,Mineral fertiliser,Residue Removed,Mineral fertiliser | Residue Removed,FALSE,Temperature,0.5,Center,Spring Barley,9.625089471167582,0.5302352466978045,4,9.455606415782967,0.1694830553846156,1.7924081008883834,FALSE,Center,FALSE,C,+0.5°C C,+0.5°C C,7,1.8,grey15,+0.5°C C
foulum,Mineral fertiliser,Residue Removed,Mineral fertiliser | Residue Removed,FALSE,Temperature,0.5,Center,Winter Wheat,8.240421017261905,0.6208470042858186,4,8.169453532142857,0.07096748511904849,0.8686931731703434,FALSE,Center,FALSE,C,+0.5°C C,+0.5°C C,7,0.9,grey15,+0.5°C C
foulum,Mineral fertiliser,Residue Removed,Mineral fertiliser | Residue Removed,FALSE,Temperature,1,Center,Grass-Clover,19.11491783185985,0.716041804867287,4,15.039520943742197,4.075396888117652,27.097916904151035,FALSE,Center,FALSE,C,+1°C C,+1°C C,12,27,grey15,+1°C C
foulum,Mineral fertiliser,Residue Removed,Mineral fertiliser | Residue Removed,FALSE,Temperature,1,Center,Ryegrass (undersown),0.6298737262083334,0.12704938442178998,4,0.6117759389999999,0.018097787208333438,2.9582378211728657,FALSE,Center,FALSE,C,+1°C C,+1°C C,12,3.0,grey15,+1°C C
foulum,Mineral fertiliser,Residue Removed,Mineral fertiliser | Residue Removed,FALSE,Temperature,1,Center,Soybean,6.090021916666666,0.27815394162603385,4,5.88300585,0.20701606666666628,3.5188825567233843,FALSE,Center,FALSE,C,+1°C C,+1°C C,12,3.5,grey15,+1°C C
foulum,Mineral fertiliser,Residue Removed,Mineral fertiliser | Residue Removed,FALSE,Temperature,1,Center,Spring Barley,9.859004363131866,0.5839565009399547,4,9.455606415782967,0.4033979473488998,4.266230314700516,FALSE,Center,FALSE,C,+1°C C,+1°C C,12,4.3,grey15,+1°C C
foulum,Mineral fertiliser,Residue Removed,Mineral fertiliser | Residue Removed,FALSE,Temperature,1,Center,Winter Wheat,8.491862045833333,0.6620626625216259,4,8.169453532142857,0.3224085136904762,3.9465126084866546,FALSE,Center,FALSE,C,+1°C C,+1°C C,12,3.9,grey15,+1°C C
foulum,Mineral fertiliser,Residue Removed,Mineral fertiliser | Residue Removed,FALSE,Temperature,2,Center,Grass-Clover,21.515931593487956,0.4164533454884973,4,15.039520943742197,6.476410649745759,43.062612658819646,FALSE,Center,FALSE,C,+2°C C,+2°C C,22,43,grey15,+2°C C
foulum,Mineral fertiliser,Residue Removed,Mineral fertiliser | Residue Removed,FALSE,Temperature,2,Center,Ryegrass (undersown),0.5910049951708334,0.16645192987286103,4,0.6117759389999999,-0.020770943829166555,-3.395188091757652,FALSE,Center,FALSE,C,+2°C C,+2°C C,22,-3.4,grey15,+2°C C
foulum,Mineral fertiliser,Residue Removed,Mineral fertiliser | Residue Removed,FALSE,Temperature,2,Center,Soybean,6.16416495,0.3801314945047394,4,5.88300585,0.2811591,4.779174237945046,FALSE,Center,FALSE,C,+2°C C,+2°C C,22,4.8,grey15,+2°C C
foulum,Mineral fertiliser,Residue Removed,Mineral fertiliser | Residue Removed,FALSE,Temperature,2,Center,Spring Barley,10.04301959587912,0.5741674311721456,4,9.455606415782967,0.5874131800961528,6.212326891225754,FALSE,Center,FALSE,C,+2°C C,+2°C C,22,6.2,grey15,+2°C C
foulum,Mineral fertiliser,Residue Removed,Mineral fertiliser | Residue Removed,FALSE,Temperature,2,Center,Winter Wheat,8.687828449404762,0.4492741435937983,4,8.169453532142857,0.5183749172619052,6.34528264616905,FALSE,Center,FALSE,C,+2°C C,+2°C C,22,6.3,grey15,+2°C C
foulum,Mineral fertiliser,Residue Removed,Mineral fertiliser | Residue Removed,FALSE,Temperature,3,Center,Grass-Clover,22.280396797939638,0.3479330323271413,4,15.039520943742197,7.240875854197441,48.14565491336545,FALSE,Center,FALSE,C,+3°C C,+3°C C,32,48,grey15,+3°C C
foulum,Mineral fertiliser,Residue Removed,Mineral fertiliser | Residue Removed,FALSE,Temperature,3,Center,Ryegrass (undersown),0.6048505891666667,0.2257161445688518,4,0.6117759389999999,-0.006925349833333261,-1.1320075524142608,FALSE,Center,FALSE,C,+3°C C,+3°C C,32,-1.1,grey15,+3°C C
foulum,Mineral fertiliser,Residue Removed,Mineral fertiliser | Residue Removed,FALSE,Temperature,3,Center,Soybean,6.13020165,0.5711683963227768,4,5.88300585,0.24719580000000008,4.201862216404223,FALSE,Center,FALSE,C,+3°C C,+3°C C,32,4.2,grey15,+3°C C
foulum,Mineral fertiliser,Residue Removed,Mineral fertiliser | Residue Removed,FALSE,Temperature,3,Center,Spring Barley,9.99407577760989,0.5844921845726637,4,9.455606415782967,0.5384693618269232,5.694709975746547,FALSE,Center,FALSE,C,+3°C C,+3°C C,32,5.7,grey15,+3°C C
foulum,Mineral fertiliser,Residue Removed,Mineral fertiliser | Residue Removed,FALSE,Temperature,3,Center,Winter Wheat,8.11126086190476,0.2070837385124519,4,8.169453532142857,-0.058192670238096156,-0.7123202305899174,FALSE,Center,FALSE,C,+3°C C,+3°C C,32,-0.7,grey15,+3°C C
foulum,Mineral fertiliser,Residue Removed,Mineral fertiliser | Residue Removed,FALSE,Wind,-70,Center,Grass-Clover,15.501162586673484,1.1565510741538658,4,15.039520943742197,0.46164164293128707,3.069523588272084,FALSE,Center,FALSE,C,-70% C,-70% C,-698,3.1,grey15,-70% C
foulum,Mineral fertiliser,Residue Removed,Mineral fertiliser | Residue Removed,FALSE,Wind,-70,Center,Ryegrass (undersown),0.619903487,0.13847818222505937,4,0.6117759389999999,0.00812754800000004,1.3285171059988419,FALSE,Center,FALSE,C,-70% C,-70% C,-698,1.3,grey15,-70% C
foulum,Mineral fertiliser,Residue Removed,Mineral fertiliser | Residue Removed,FALSE,Wind,-70,Center,Soybean,5.988083991666667,0.26444825624427387,4,5.88300585,0.10507814166666662,1.7861301577095428,FALSE,Center,FALSE,C,-70% C,-70% C,-698,1.8,grey15,-70% C
foulum,Mineral fertiliser,Residue Removed,Mineral fertiliser | Residue Removed,FALSE,Wind,-70,Center,Spring Barley,9.599267215755493,0.5605997325699147,4,9.455606415782967,0.14366079997252612,1.5193187370059371,FALSE,Center,FALSE,C,-70% C,-70% C,-698,1.5,grey15,-70% C
foulum,Mineral fertiliser,Residue Removed,Mineral fertiliser | Residue Removed,FALSE,Wind,-70,Center,Winter Wheat,7.9862568327380945,0.5215468850594757,4,8.169453532142857,-0.18319669940476224,-2.2424596539287682,FALSE,Center,FALSE,C,-70% C,-70% C,-698,-2.2,grey15,-70% C
foulum,Mineral fertiliser,Residue Removed,Mineral fertiliser | Residue Removed,FALSE,Wind,-60,Center,Grass-Clover,15.486281474621212,1.156257936997575,4,15.039520943742197,0.4467605308790148,2.9705768724296213,FALSE,Center,FALSE,C,-60% C,-60% C,-598,3.0,grey15,-60% C
foulum,Mineral fertiliser,Residue Removed,Mineral fertiliser | Residue Removed,FALSE,Wind,-60,Center,Ryegrass (undersown),0.6174075015,0.1373643278731445,4,0.6117759389999999,0.005631562500000076,0.9205269676354624,FALSE,Center,FALSE,C,-60% C,-60% C,-598,0.9,grey15,-60% C
foulum,Mineral fertiliser,Residue Removed,Mineral fertiliser | Residue Removed,FALSE,Wind,-60,Center,Soybean,5.983274416666666,0.2646904034013631,4,5.88300585,0.10026856666666628,1.7043764569206792,FALSE,Center,FALSE,C,-60% C,-60% C,-598,1.7,grey15,-60% C
foulum,Mineral fertiliser,Residue Removed,Mineral fertiliser | Residue Removed,FALSE,Wind,-60,Center,Spring Barley,9.592507283282966,0.5673430471458655,4,9.455606415782967,0.13690086749999963,1.4478274737777739,FALSE,Center,FALSE,C,-60% C,-60% C,-598,1.4,grey15,-60% C
foulum,Mineral fertiliser,Residue Removed,Mineral fertiliser | Residue Removed,FALSE,Wind,-60,Center,Winter Wheat,8.009093780357142,0.5261682835546599,4,8.169453532142857,-0.16035975178571427,-1.9629189535723048,FALSE,Center,FALSE,C,-60% C,-60% C,-598,-2.0,grey15,-60% C
foulum,Mineral fertiliser,Residue Removed,Mineral fertiliser | Residue Removed,FALSE,Wind,-50,Center,Grass-Clover,15.463626459271211,1.1545464720070835,4,15.039520943742197,0.4241055155290141,2.819940323335102,FALSE,Center,FALSE,C,-50% C,-50% C,-498,2.8,grey15,-50% C
foulum,Mineral fertiliser,Residue Removed,Mineral fertiliser | Residue Removed,FALSE,Wind,-50,Center,Ryegrass (undersown),0.6137180600833333,0.13433145961546483,4,0.6117759389999999,0.001942121083333359,0.3174562710831554,FALSE,Center,FALSE,C,-50% C,-50% C,-498,0.3,grey15,-50% C
foulum,Mineral fertiliser,Residue Removed,Mineral fertiliser | Residue Removed,FALSE,Wind,-50,Center,Soybean,5.969900216666667,0.27223200883164644,4,5.88300585,0.08689436666666683,1.4770402899848694,FALSE,Center,FALSE,C,-50% C,-50% C,-498,1.5,grey15,-50% C
foulum,Mineral fertiliser,Residue Removed,Mineral fertiliser | Residue Removed,FALSE,Wind,-50,Center,Spring Barley,9.583966700947801,0.5766644749852916,4,9.455606415782967,0.12836028516483466,1.3575045271615809,FALSE,Center,FALSE,C,-50% C,-50% C,-498,1.4,grey15,-50% C
foulum,Mineral fertiliser,Residue Removed,Mineral fertiliser | Residue Removed,FALSE,Wind,-50,Center,Winter Wheat,8.035242297023808,0.53396582889131,4,8.169453532142857,-0.1342112351190483,-1.6428422610030387,FALSE,Center,FALSE,C,-50% C,-50% C,-498,-1.6,grey15,-50% C
foulum,Mineral fertiliser,Residue Removed,Mineral fertiliser | Residue Removed,FALSE,Wind,-40,Center,Grass-Clover,15.464697884511363,1.1641119940065319,4,15.039520943742197,0.4251769407691661,2.827064388284776,FALSE,Center,FALSE,C,-40% C,-40% C,-398,2.8,grey15,-40% C
foulum,Mineral fertiliser,Residue Removed,Mineral fertiliser | Residue Removed,FALSE,Wind,-40,Center,Ryegrass (undersown),0.614704026375,0.13599254968841373,4,0.6117759389999999,0.0029280873750000547,0.47862087871357994,FALSE,Center,FALSE,C,-40% C,-40% C,-398,0.5,grey15,-40% C
foulum,Mineral fertiliser,Residue Removed,Mineral fertiliser | Residue Removed,FALSE,Wind,-40,Center,Soybean,5.968373391666666,0.2660342225310128,4,5.88300585,0.08536754166666594,1.451087145641134,FALSE,Center,FALSE,C,-40% C,-40% C,-398,1.5,grey15,-40% C
foulum,Mineral fertiliser,Residue Removed,Mineral fertiliser | Residue Removed,FALSE,Wind,-40,Center,Spring Barley,9.574617251538461,0.5819669626705333,4,9.455606415782967,0.11901083575549443,1.2586272156680054,FALSE,Center,FALSE,C,-40% C,-40% C,-398,1.3,grey15,-40% C
foulum,Mineral fertiliser,Residue Removed,Mineral fertiliser | Residue Removed,FALSE,Wind,-40,Center,Winter Wheat,8.054703340476191,0.540223385015496,4,8.169453532142857,-0.11475019166666556,-1.404625061091038,FALSE,Center,FALSE,C,-40% C,-40% C,-398,-1.4,grey15,-40% C
foulum,Mineral fertiliser,Residue Removed,Mineral fertiliser | Residue Removed,FALSE,Wind,-30,Center,Grass-Clover,15.486136608469698,1.2065632298512587,4,15.039520943742197,0.446615664727501,2.969613635953834,FALSE,Center,FALSE,C,-30% C,-30% C,-298,3.0,grey15,-30% C
foulum,Mineral fertiliser,Residue Removed,Mineral fertiliser | Residue Removed,FALSE,Wind,-30,Center,Ryegrass (undersown),0.61445830925,0.13655321957590896,4,0.6117759389999999,0.0026823702500000657,0.4384563169294675,FALSE,Center,FALSE,C,-30% C,-30% C,-298,0.4,grey15,-30% C
foulum,Mineral fertiliser,Residue Removed,Mineral fertiliser | Residue Removed,FALSE,Wind,-30,Center,Soybean,5.960505191666666,0.2664643105750346,4,5.88300585,0.07749934166666606,1.317342590551156,FALSE,Center,FALSE,C,-30% C,-30% C,-298,1.3,grey15,-30% C
foulum,Mineral fertiliser,Residue Removed,Mineral fertiliser | Residue Removed,FALSE,Wind,-30,Center,Spring Barley,9.56651716962912,0.5904782621400143,4,9.455606415782967,0.11091075384615401,1.1729628853949088,FALSE,Center,FALSE,C,-30% C,-30% C,-298,1.2,grey15,-30% C
foulum,Mineral fertiliser,Residue Removed,Mineral fertiliser | Residue Removed,FALSE,Wind,-30,Center,Winter Wheat,8.079572675595237,0.5440511227956739,4,8.169453532142857,-0.08988085654761946,-1.1002064727338452,FALSE,Center,FALSE,C,-30% C,-30% C,-298,-1.1,grey15,-30% C
foulum,Mineral fertiliser,Residue Removed,Mineral fertiliser | Residue Removed,FALSE,Wind,-20,Center,Grass-Clover,15.444692118011364,1.1830707076922322,4,15.039520943742197,0.40517117426916727,2.6940430867763454,FALSE,Center,FALSE,C,-20% C,-20% C,-198,2.7,grey15,-20% C
foulum,Mineral fertiliser,Residue Removed,Mineral fertiliser | Residue Removed,FALSE,Wind,-20,Center,Ryegrass (undersown),0.6116068305,0.1339004547323714,4,0.6117759389999999,-1.6910849999995925e-4,-0.02764222801510984,FALSE,Center,FALSE,C,-20% C,-20% C,-198,-0.0,grey15,-20% C
foulum,Mineral fertiliser,Residue Removed,Mineral fertiliser | Residue Removed,FALSE,Wind,-20,Center,Soybean,5.9480419,0.2706142903732271,4,5.88300585,0.06503604999999979,1.1054901466739115,FALSE,Center,FALSE,C,-20% C,-20% C,-198,1.1,grey15,-20% C
foulum,Mineral fertiliser,Residue Removed,Mineral fertiliser | Residue Removed,FALSE,Wind,-20,Center,Spring Barley,9.560002479835164,0.5975352869552587,4,9.455606415782967,0.1043960640521977,1.1040652440645526,FALSE,Center,FALSE,C,-20% C,-20% C,-198,1.1,grey15,-20% C
foulum,Mineral fertiliser,Residue Removed,Mineral fertiliser | Residue Removed,FALSE,Wind,-20,Center,Winter Wheat,8.099833794047619,0.5463551877264738,4,8.169453532142857,-0.0696197380952377,-0.8521957781058136,FALSE,Center,FALSE,C,-20% C,-20% C,-198,-0.9,grey15,-20% C
foulum,Mineral fertiliser,Residue Removed,Mineral fertiliser | Residue Removed,FALSE,Wind,0,Center,Grass-Clover,15.13950686373106,1.0904181913741742,4,15.039520943742197,0.09998591998886397,0.6648211759063188,FALSE,Center,TRUE,C,0% C,**0% C**,2,0.7,grey15,**0% C**
foulum,Mineral fertiliser,Residue Removed,Mineral fertiliser | Residue Removed,FALSE,Wind,0,Center,Ryegrass (undersown),0.6126198144166667,0.13706428114590097,4,0.6117759389999999,8.438754166667506e-4,0.1379386410727655,FALSE,Center,TRUE,C,0% C,**0% C**,2,0.1,grey15,**0% C**
foulum,Mineral fertiliser,Residue Removed,Mineral fertiliser | Residue Removed,FALSE,Wind,0,Center,Soybean,5.922649475,0.2775349946482641,4,5.88300585,0.03964362500000007,0.6738668294881955,FALSE,Center,TRUE,C,0% C,**0% C**,2,0.7,grey15,**0% C**
foulum,Mineral fertiliser,Residue Removed,Mineral fertiliser | Residue Removed,FALSE,Wind,0,Center,Spring Barley,9.488600358392857,0.579296273479281,4,9.455606415782967,0.03299394260988997,0.3489352365049548,FALSE,Center,TRUE,C,0% C,**0% C**,2,0.3,grey15,**0% C**
foulum,Mineral fertiliser,Residue Removed,Mineral fertiliser | Residue Removed,FALSE,Wind,0,Center,Winter Wheat,8.121419455357142,0.5773333000999655,4,8.169453532142857,-0.04803407678571503,-0.5879717241394926,FALSE,Center,TRUE,C,0% C,**0% C**,2,-0.6,grey15,**0% C**
foulum,Mineral fertiliser,Residue Removed,Mineral fertiliser | Residue Removed,FALSE,Wind,0,East,Grass-Clover,15.141930103734847,1.091647142939295,4,15.039520943742197,0.10240915999264999,0.6809336572336865,FALSE,East,TRUE,E,0% E,**0% E**,3,0.7,grey15,**0% E**
foulum,Mineral fertiliser,Residue Removed,Mineral fertiliser | Residue Removed,FALSE,Wind,0,East,Ryegrass (undersown),0.612985809625,0.1373391513166993,4,0.6117759389999999,0.001209870625000109,0.19776368239943304,FALSE,East,TRUE,E,0% E,**0% E**,3,0.2,grey15,**0% E**
foulum,Mineral fertiliser,Residue Removed,Mineral fertiliser | Residue Removed,FALSE,Wind,0,East,Soybean,5.920443616666667,0.28087280312584006,4,5.88300585,0.03743776666666676,0.6363713996080211,FALSE,East,TRUE,E,0% E,**0% E**,3,0.6,grey15,**0% E**
foulum,Mineral fertiliser,Residue Removed,Mineral fertiliser | Residue Removed,FALSE,Wind,0,East,Spring Barley,9.494624540384615,0.5729944254215176,4,9.455606415782967,0.03901812460164855,0.41264539666668937,FALSE,East,TRUE,E,0% E,**0% E**,3,0.4,grey15,**0% E**
foulum,Mineral fertiliser,Residue Removed,Mineral fertiliser | Residue Removed,FALSE,Wind,0,East,Winter Wheat,8.127586125,0.5777754194953185,4,8.169453532142857,-0.041867407142856194,-0.5124872426059852,FALSE,East,TRUE,E,0% E,**0% E**,3,-0.5,grey15,**0% E**
foulum,Mineral fertiliser,Residue Removed,Mineral fertiliser | Residue Removed,FALSE,Wind,0,West,Grass-Clover,15.144828359579545,1.097209501343168,4,15.039520943742197,0.10530741583734837,0.7002045891705466,FALSE,West,TRUE,W,0% W,**0% W**,1,0.7,grey15,**0% W**
foulum,Mineral fertiliser,Residue Removed,Mineral fertiliser | Residue Removed,FALSE,Wind,0,West,Ryegrass (undersown),0.6110398501666667,0.1352971256227075,4,0.6117759389999999,-7.360888333332039e-4,-0.12032000384591848,FALSE,West,TRUE,W,0% W,**0% W**,1,-0.1,grey15,**0% W**
foulum,Mineral fertiliser,Residue Removed,Mineral fertiliser | Residue Removed,FALSE,Wind,0,West,Soybean,5.921770275,0.279086783426149,4,5.88300585,0.0387644250000001,0.658922088272275,FALSE,West,TRUE,W,0% W,**0% W**,1,0.7,grey15,**0% W**
foulum,Mineral fertiliser,Residue Removed,Mineral fertiliser | Residue Removed,FALSE,Wind,0,West,Spring Barley,9.486196460288461,0.5815193593219684,4,9.455606415782967,0.030590044505494518,0.3235122440633177,FALSE,West,TRUE,W,0% W,**0% W**,1,0.3,grey15,**0% W**
foulum,Mineral fertiliser,Residue Removed,Mineral fertiliser | Residue Removed,FALSE,Wind,0,West,Winter Wheat,8.112637121428572,0.5762120087952866,4,8.169453532142857,-0.056816410714285226,-0.6954738219727926,FALSE,West,TRUE,W,0% W,**0% W**,1,-0.7,grey15,**0% W**
foulum,Mineral fertiliser,Residue Retained,Mineral fertiliser | Residue Retained,FALSE,Radiation,-30,Center,Grass-Clover,8.698833293417273,1.2244929010110963,4,16.509555260742424,-7.810721967325151,-47.310311174147934,FALSE,Center,FALSE,C,-30% C,-30% C,-298,-47,grey15,-30% C
foulum,Mineral fertiliser,Residue Retained,Mineral fertiliser | Residue Retained,FALSE,Radiation,-30,Center,Ryegrass (undersown),0.013071643485333333,0.00763778361625517,4,0.6120558327083334,-0.5989841892230001,-97.864305380852,FALSE,Center,FALSE,C,-30% C,-30% C,-298,-98,white,-30% C
foulum,Mineral fertiliser,Residue Retained,Mineral fertiliser | Residue Retained,FALSE,Radiation,-30,Center,Soybean,1.615532375,0.07562791739146268,4,2.637565808333333,-1.0220334333333332,-38.749115950178016,FALSE,Center,FALSE,C,-30% C,-30% C,-298,-39,grey15,-30% C
foulum,Mineral fertiliser,Residue Retained,Mineral fertiliser | Residue Retained,FALSE,Radiation,-30,Center,Spring Barley,8.239064368475274,0.19401840365559084,4,9.565598402101648,-1.3265340336263733,-13.867757957880837,FALSE,Center,FALSE,C,-30% C,-30% C,-298,-14,grey15,-30% C
foulum,Mineral fertiliser,Residue Retained,Mineral fertiliser | Residue Retained,FALSE,Radiation,-30,Center,Winter Wheat,3.185465392857143,0.24970065940326802,4,7.276578726190476,-4.091113333333333,-56.22303402845424,FALSE,Center,FALSE,C,-30% C,-30% C,-298,-56,white,-30% C
foulum,Mineral fertiliser,Residue Retained,Mineral fertiliser | Residue Retained,FALSE,Radiation,-20,Center,Grass-Clover,10.572179209378788,0.6775138924100834,4,16.509555260742424,-5.9373760513636356,-35.96327070955051,FALSE,Center,FALSE,C,-20% C,-20% C,-198,-36,grey15,-20% C
foulum,Mineral fertiliser,Residue Retained,Mineral fertiliser | Residue Retained,FALSE,Radiation,-20,Center,Ryegrass (undersown),0.04979599735083334,0.015594049966309443,4,0.6120558327083334,-0.5622598353575001,-91.86414135937777,FALSE,Center,FALSE,C,-20% C,-20% C,-198,-92,white,-20% C
foulum,Mineral fertiliser,Residue Retained,Mineral fertiliser | Residue Retained,FALSE,Radiation,-20,Center,Soybean,1.8450356083333332,0.0969482575249535,4,2.637565808333333,-0.7925301999999999,-30.04778866544363,FALSE,Center,FALSE,C,-20% C,-20% C,-198,-30,grey15,-20% C
foulum,Mineral fertiliser,Residue Retained,Mineral fertiliser | Residue Retained,FALSE,Radiation,-20,Center,Spring Barley,8.580765833541207,0.24041600927485196,4,9.565598402101648,-0.9848325685604404,-10.295566750367275,FALSE,Center,FALSE,C,-20% C,-20% C,-198,-10,grey15,-20% C
foulum,Mineral fertiliser,Residue Retained,Mineral fertiliser | Residue Retained,FALSE,Radiation,-20,Center,Winter Wheat,4.101028666666666,0.37150328936216925,4,7.276578726190476,-3.17555005952381,-43.64070230002601,FALSE,Center,FALSE,C,-20% C,-20% C,-198,-44,grey15,-20% C
foulum,Mineral fertiliser,Residue Retained,Mineral fertiliser | Residue Retained,FALSE,Radiation,-10,Center,Grass-Clover,10.901758602583334,0.7242159045485131,4,16.509555260742424,-5.60779665815909,-33.96697590936142,FALSE,Center,FALSE,C,-10% C,-10% C,-98,-34,grey15,-10% C
foulum,Mineral fertiliser,Residue Retained,Mineral fertiliser | Residue Retained,FALSE,Radiation,-10,Center,Ryegrass (undersown),0.11052050041062501,0.013838148860408166,4,0.6120558327083334,-0.5015353322977084,-81.94274206626311,FALSE,Center,FALSE,C,-10% C,-10% C,-98,-82,white,-10% C
foulum,Mineral fertiliser,Residue Retained,Mineral fertiliser | Residue Retained,FALSE,Radiation,-10,Center,Soybean,2.075166175,0.14169008895034474,4,2.637565808333333,-0.562399633333333,-21.32267682407936,FALSE,Center,FALSE,C,-10% C,-10% C,-98,-21,grey15,-10% C
foulum,Mineral fertiliser,Residue Retained,Mineral fertiliser | Residue Retained,FALSE,Radiation,-10,Center,Spring Barley,8.805493334840659,0.23835697292373287,4,9.565598402101648,-0.760105067260989,-7.9462364538948975,FALSE,Center,FALSE,C,-10% C,-10% C,-98,-7.9,grey15,-10% C
foulum,Mineral fertiliser,Residue Retained,Mineral fertiliser | Residue Retained,FALSE,Radiation,-10,Center,Winter Wheat,4.9618986666666665,0.4275272247487352,4,7.276578726190476,-2.31468005952381,-31.810005039767084,FALSE,Center,FALSE,C,-10% C,-10% C,-98,-32,grey15,-10% C
foulum,Mineral fertiliser,Residue Retained,Mineral fertiliser | Residue Retained,FALSE,Radiation,-5,Center,Grass-Clover,10.321316900196969,1.8231745548355918,4,16.509555260742424,-6.188238360545455,-37.48276838965057,FALSE,Center,FALSE,C,-5% C,-5% C,-48,-37,grey15,-5% C
foulum,Mineral fertiliser,Residue Retained,Mineral fertiliser | Residue Retained,FALSE,Radiation,-5,Center,Ryegrass (undersown),0.13723354154166667,0.01929011378655536,4,0.6120558327083334,-0.47482229116666674,-77.57826423540295,FALSE,Center,FALSE,C,-5% C,-5% C,-48,-78,white,-5% C
foulum,Mineral fertiliser,Residue Retained,Mineral fertiliser | Residue Retained,FALSE,Radiation,-5,Center,Soybean,2.1717428,0.16377150595540343,4,2.637565808333333,-0.465823008333333,-17.661095198518844,FALSE,Center,FALSE,C,-5% C,-5% C,-48,-18,grey15,-5% C
foulum,Mineral fertiliser,Residue Retained,Mineral fertiliser | Residue Retained,FALSE,Radiation,-5,Center,Spring Barley,8.836088179646016,0.233014158154479,4,9.565598402101648,-0.729510222455632,-7.6263939984701015,FALSE,Center,FALSE,C,-5% C,-5% C,-48,-7.6,grey15,-5% C
foulum,Mineral fertiliser,Residue Retained,Mineral fertiliser | Residue Retained,FALSE,Radiation,-5,Center,Winter Wheat,5.330583011904762,0.47545373695727583,4,7.276578726190476,-1.945995714285714,-26.74327850369463,FALSE,Center,FALSE,C,-5% C,-5% C,-48,-27,grey15,-5% C
foulum,Mineral fertiliser,Residue Retained,Mineral fertiliser | Residue Retained,FALSE,Radiation,0,Center,Grass-Clover,11.249280336049242,2.0461575447513813,4,16.509555260742424,-5.2602749246931815,-31.862002589503014,FALSE,Center,TRUE,C,0% C,**0% C**,2,-32,grey15,**0% C**
foulum,Mineral fertiliser,Residue Retained,Mineral fertiliser | Residue Retained,FALSE,Radiation,0,Center,Ryegrass (undersown),0.17123273745833334,0.024538618888142717,4,0.6120558327083334,-0.4408230952500001,-72.02334684065794,FALSE,Center,TRUE,C,0% C,**0% C**,2,-72,white,**0% C**
foulum,Mineral fertiliser,Residue Retained,Mineral fertiliser | Residue Retained,FALSE,Radiation,0,Center,Soybean,2.2661658583333333,0.18720467216609096,4,2.637565808333333,-0.3713999499999998,-14.08116335245815,FALSE,Center,TRUE,C,0% C,**0% C**,2,-14,grey15,**0% C**
foulum,Mineral fertiliser,Residue Retained,Mineral fertiliser | Residue Retained,FALSE,Radiation,0,Center,Spring Barley,8.961895163365384,0.3739520563655737,4,9.565598402101648,-0.603703238736264,-6.311191557065839,FALSE,Center,TRUE,C,0% C,**0% C**,2,-6.3,grey15,**0% C**
foulum,Mineral fertiliser,Residue Retained,Mineral fertiliser | Residue Retained,FALSE,Radiation,0,Center,Winter Wheat,5.7257524166666665,0.5558967651713749,4,7.276578726190476,-1.55082630952381,-21.312575152137708,FALSE,Center,TRUE,C,0% C,**0% C**,2,-21,grey15,**0% C**
foulum,Mineral fertiliser,Residue Retained,Mineral fertiliser | Residue Retained,FALSE,Radiation,0,East,Grass-Clover,10.222211360916667,1.7846762295457899,4,16.509555260742424,-6.287343899825757,-38.0830603885269,FALSE,East,TRUE,E,0% E,**0% E**,3,-38,grey15,**0% E**
foulum,Mineral fertiliser,Residue Retained,Mineral fertiliser | Residue Retained,FALSE,Radiation,0,East,Ryegrass (undersown),0.10024314645916668,0.013045800868289123,4,0.6120558327083334,-0.5118126862491668,-83.62189507849423,FALSE,East,TRUE,E,0% E,**0% E**,3,-84,white,**0% E**
foulum,Mineral fertiliser,Residue Retained,Mineral fertiliser | Residue Retained,FALSE,Radiation,0,East,Soybean,2.1081509166666668,0.13373829104064489,4,2.637565808333333,-0.5294148916666663,-20.07210170809734,FALSE,East,TRUE,E,0% E,**0% E**,3,-20,grey15,**0% E**
foulum,Mineral fertiliser,Residue Retained,Mineral fertiliser | Residue Retained,FALSE,Radiation,0,East,Spring Barley,8.834095116634614,0.24048689756163383,4,9.565598402101648,-0.7315032854670331,-7.647229736367725,FALSE,East,TRUE,E,0% E,**0% E**,3,-7.6,grey15,**0% E**
foulum,Mineral fertiliser,Residue Retained,Mineral fertiliser | Residue Retained,FALSE,Radiation,0,East,Winter Wheat,4.8174124166666665,0.4464222252096332,4,7.276578726190476,-2.45916630952381,-33.795639435227585,FALSE,East,TRUE,E,0% E,**0% E**,3,-34,grey15,**0% E**
foulum,Mineral fertiliser,Residue Retained,Mineral fertiliser | Residue Retained,FALSE,Radiation,0,West,Grass-Clover,10.727465081112879,1.7481057587610036,4,16.509555260742424,-5.782090179629545,-35.022688911424545,FALSE,West,TRUE,W,0% W,**0% W**,1,-35,grey15,**0% W**
foulum,Mineral fertiliser,Residue Retained,Mineral fertiliser | Residue Retained,FALSE,Radiation,0,West,Ryegrass (undersown),0.09130610138333334,0.011374196890848244,4,0.6120558327083334,-0.520749731325,-85.08206335044535,FALSE,West,TRUE,W,0% W,**0% W**,1,-85,white,**0% W**
foulum,Mineral fertiliser,Residue Retained,Mineral fertiliser | Residue Retained,FALSE,Radiation,0,West,Soybean,1.99830465,0.14678481960278908,4,2.637565808333333,-0.6392611583333332,-24.236785156738126,FALSE,West,TRUE,W,0% W,**0% W**,1,-24,grey15,**0% W**
foulum,Mineral fertiliser,Residue Retained,Mineral fertiliser | Residue Retained,FALSE,Radiation,0,West,Spring Barley,8.826345656785714,0.28303556028283955,4,9.565598402101648,-0.7392527453159339,-7.728243589585712,FALSE,West,TRUE,W,0% W,**0% W**,1,-7.7,grey15,**0% W**
foulum,Mineral fertiliser,Residue Retained,Mineral fertiliser | Residue Retained,FALSE,Radiation,0,West,Winter Wheat,4.321717595238095,0.4097465391006098,4,7.276578726190476,-2.9548611309523816,-40.607835662067345,FALSE,West,TRUE,W,0% W,**0% W**,1,-41,grey15,**0% W**
foulum,Mineral fertiliser,Residue Retained,Mineral fertiliser | Residue Retained,FALSE,Temperature,-3,Center,Grass-Clover,6.7661785874375,0.9539142217123673,4,16.509555260742424,-9.743376673304924,-59.01659081316023,FALSE,Center,FALSE,C,-3°C C,-3°C C,-28,-59,white,-3°C C
foulum,Mineral fertiliser,Residue Retained,Mineral fertiliser | Residue Retained,FALSE,Temperature,-3,Center,Ryegrass (undersown),0.07457698333333333,0.14915396666666667,4,0.6120558327083334,-0.5374788493750001,-87.81533001600005,FALSE,Center,FALSE,C,-3°C C,-3°C C,-28,-88,white,-3°C C
foulum,Mineral fertiliser,Residue Retained,Mineral fertiliser | Residue Retained,FALSE,Temperature,-3,Center,Soybean,0.8067010745833333,0.05675641755655894,4,2.637565808333333,-1.83086473375,-69.41494039562622,FALSE,Center,FALSE,C,-3°C C,-3°C C,-28,-69,white,-3°C C
foulum,Mineral fertiliser,Residue Retained,Mineral fertiliser | Residue Retained,FALSE,Temperature,-3,Center,Spring Barley,7.1917108726950545,0.3049301599047122,4,9.565598402101648,-2.373887529406593,-24.81692654884015,FALSE,Center,FALSE,C,-3°C C,-3°C C,-28,-25,grey15,-3°C C
foulum,Mineral fertiliser,Residue Retained,Mineral fertiliser | Residue Retained,FALSE,Temperature,-3,Center,Winter Wheat,4.018769797619047,0.7700084051582291,4,7.276578726190476,-3.2578089285714293,-44.77116308582835,FALSE,Center,FALSE,C,-3°C C,-3°C C,-28,-45,grey15,-3°C C
foulum,Mineral fertiliser,Residue Retained,Mineral fertiliser | Residue Retained,FALSE,Temperature,-2,Center,Grass-Clover,10.894715041325759,0.4764652019477006,4,16.509555260742424,-5.614840219416665,-34.009639452663066,FALSE,Center,FALSE,C,-2°C C,-2°C C,-18,-34,grey15,-2°C C
foulum,Mineral fertiliser,Residue Retained,Mineral fertiliser | Residue Retained,FALSE,Temperature,-2,Center,Ryegrass (undersown),0.21144897458333334,0.14561625525714308,4,0.6120558327083334,-0.4006068581250001,-65.45266570736261,FALSE,Center,FALSE,C,-2°C C,-2°C C,-18,-65,white,-2°C C
foulum,Mineral fertiliser,Residue Retained,Mineral fertiliser | Residue Retained,FALSE,Temperature,-2,Center,Soybean,1.2786147458333332,0.07697758082686275,4,2.637565808333333,-1.3589510624999999,-51.522925350579804,FALSE,Center,FALSE,C,-2°C C,-2°C C,-18,-52,grey15,-2°C C
foulum,Mineral fertiliser,Residue Retained,Mineral fertiliser | Residue Retained,FALSE,Temperature,-2,Center,Spring Barley,8.024110399052198,0.3730394209109929,4,9.565598402101648,-1.5414880030494498,-16.1149144909823,FALSE,Center,FALSE,C,-2°C C,-2°C C,-18,-16,grey15,-2°C C
foulum,Mineral fertiliser,Residue Retained,Mineral fertiliser | Residue Retained,FALSE,Temperature,-2,Center,Winter Wheat,5.267250392857143,0.8598844186939507,4,7.276578726190476,-2.0093283333333334,-27.613641093460437,FALSE,Center,FALSE,C,-2°C C,-2°C C,-18,-28,grey15,-2°C C
foulum,Mineral fertiliser,Residue Retained,Mineral fertiliser | Residue Retained,FALSE,Temperature,0,Center,Grass-Clover,15.577675173649242,1.4755293571058923,4,16.509555260742424,-0.931880087093182,-5.644489341933225,FALSE,Center,TRUE,C,0°C C,**0°C C**,2,-5.6,grey15,**0°C C**
foulum,Mineral fertiliser,Residue Retained,Mineral fertiliser | Residue Retained,FALSE,Temperature,0,Center,Ryegrass (undersown),0.6417287837083333,0.03548569648847411,4,0.6120558327083334,0.029672950999999892,4.848079115380331,FALSE,Center,TRUE,C,0°C C,**0°C C**,2,4.8,grey15,**0°C C**
foulum,Mineral fertiliser,Residue Retained,Mineral fertiliser | Residue Retained,FALSE,Temperature,0,Center,Soybean,2.3655534041666666,0.19989963793643617,4,2.637565808333333,-0.2720124041666665,-10.313009188519548,FALSE,Center,TRUE,C,0°C C,**0°C C**,2,-10,grey15,**0°C C**
foulum,Mineral fertiliser,Residue Retained,Mineral fertiliser | Residue Retained,FALSE,Temperature,0,Center,Spring Barley,9.416357782699174,0.5656350101834654,4,9.565598402101648,-0.14924061940247313,-1.5601806926128492,FALSE,Center,TRUE,C,0°C C,**0°C C**,2,-1.6,grey15,**0°C C**
foulum,Mineral fertiliser,Residue Retained,Mineral fertiliser | Residue Retained,FALSE,Temperature,0,Center,Winter Wheat,7.110125869047619,0.6313656022489716,4,7.276578726190476,-0.16645285714285762,-2.287515375099928,FALSE,Center,TRUE,C,0°C C,**0°C C**,2,-2.3,grey15,**0°C C**
foulum,Mineral fertiliser,Residue Retained,Mineral fertiliser | Residue Retained,FALSE,Temperature,0,East,Grass-Clover,15.566069463775758,1.4601906442735313,4,16.509555260742424,-0.9434857969666659,-5.714786268108339,FALSE,East,TRUE,E,0°C E,**0°C E**,3,-5.7,grey15,**0°C E**
foulum,Mineral fertiliser,Residue Retained,Mineral fertiliser | Residue Retained,FALSE,Temperature,0,East,Ryegrass (undersown),0.6428372625416666,0.035712935365376196,4,0.6120558327083334,0.030781429833333207,5.029186585335862,FALSE,East,TRUE,E,0°C E,**0°C E**,3,5.0,grey15,**0°C E**
foulum,Mineral fertiliser,Residue Retained,Mineral fertiliser | Residue Retained,FALSE,Temperature,0,East,Soybean,2.3751478833333333,0.1985382646136423,4,2.637565808333333,-0.26241792499999983,-9.949246542812162,FALSE,East,TRUE,E,0°C E,**0°C E**,3,-9.9,grey15,**0°C E**
foulum,Mineral fertiliser,Residue Retained,Mineral fertiliser | Residue Retained,FALSE,Temperature,0,East,Spring Barley,9.41118379265934,0.5581378518232512,4,9.565598402101648,-0.15441460944230734,-1.614270252119105,FALSE,East,TRUE,E,0°C E,**0°C E**,3,-1.6,grey15,**0°C E**
foulum,Mineral fertiliser,Residue Retained,Mineral fertiliser | Residue Retained,FALSE,Temperature,0,East,Winter Wheat,7.085310273809524,0.6230329874433937,4,7.276578726190476,-0.19126845238095225,-2.6285492066831173,FALSE,East,TRUE,E,0°C E,**0°C E**,3,-2.6,grey15,**0°C E**
foulum,Mineral fertiliser,Residue Retained,Mineral fertiliser | Residue Retained,FALSE,Temperature,0,West,Grass-Clover,15.411265973451972,1.3629515994934374,4,16.509555260742424,-1.0982892872904522,-6.652446234587805,FALSE,West,TRUE,W,0°C W,**0°C W**,1,-6.7,grey15,**0°C W**
foulum,Mineral fertiliser,Residue Retained,Mineral fertiliser | Residue Retained,FALSE,Temperature,0,West,Ryegrass (undersown),0.5803276853333333,0.09143896676769912,4,0.6120558327083334,-0.03172814737500007,-5.183864882816936,FALSE,West,TRUE,W,0°C W,**0°C W**,1,-5.2,grey15,**0°C W**
foulum,Mineral fertiliser,Residue Retained,Mineral fertiliser | Residue Retained,FALSE,Temperature,0,West,Soybean,2.365540975,0.21843931824155796,4,2.637565808333333,-0.27202483333333305,-10.31348042478699,FALSE,West,TRUE,W,0°C W,**0°C W**,1,-10,grey15,**0°C W**
foulum,Mineral fertiliser,Residue Retained,Mineral fertiliser | Residue Retained,FALSE,Temperature,0,West,Spring Barley,9.418545229982143,0.5700291258036754,4,9.565598402101648,-0.14705317211950408,-1.5373128364577295,FALSE,West,TRUE,W,0°C W,**0°C W**,1,-1.5,grey15,**0°C W**
foulum,Mineral fertiliser,Residue Retained,Mineral fertiliser | Residue Retained,FALSE,Temperature,0,West,Winter Wheat,7.098765928571429,0.6279274283203544,4,7.276578726190476,-0.17781279761904756,-2.443631881272015,FALSE,West,TRUE,W,0°C W,**0°C W**,1,-2.4,grey15,**0°C W**
foulum,Mineral fertiliser,Residue Retained,Mineral fertiliser | Residue Retained,FALSE,Temperature,0.5,Center,Grass-Clover,17.68730841138826,1.1602462416297503,4,16.509555260742424,1.1777531506458345,7.133766670543684,FALSE,Center,FALSE,C,+0.5°C C,+0.5°C C,7,7.1,grey15,+0.5°C C
foulum,Mineral fertiliser,Residue Retained,Mineral fertiliser | Residue Retained,FALSE,Temperature,0.5,Center,Ryegrass (undersown),0.660926457125,0.14763817989525288,4,0.6120558327083334,0.048870624416666564,7.984667705953416,FALSE,Center,FALSE,C,+0.5°C C,+0.5°C C,7,8.0,grey15,+0.5°C C
foulum,Mineral fertiliser,Residue Retained,Mineral fertiliser | Residue Retained,FALSE,Temperature,0.5,Center,Soybean,2.6451537916666665,0.24900789052391625,4,2.637565808333333,0.007587983333333437,0.2876888724201445,FALSE,Center,FALSE,C,+0.5°C C,+0.5°C C,7,0.3,grey15,+0.5°C C
foulum,Mineral fertiliser,Residue Retained,Mineral fertiliser | Residue Retained,FALSE,Temperature,0.5,Center,Spring Barley,9.641816563997253,0.5373886964696659,4,9.565598402101648,0.07621816189560526,0.7967944993264556,FALSE,Center,FALSE,C,+0.5°C C,+0.5°C C,7,0.8,grey15,+0.5°C C
foulum,Mineral fertiliser,Residue Retained,Mineral fertiliser | Residue Retained,FALSE,Temperature,0.5,Center,Winter Wheat,7.329355928571429,0.5461150676905983,4,7.276578726190476,0.05277720238095274,0.7253024308112351,FALSE,Center,FALSE,C,+0.5°C C,+0.5°C C,7,0.7,grey15,+0.5°C C
foulum,Mineral fertiliser,Residue Retained,Mineral fertiliser | Residue Retained,FALSE,Temperature,1,Center,Grass-Clover,18.606607561050566,1.5583228892309402,4,16.509555260742424,2.0970523003081425,12.702052037068862,FALSE,Center,FALSE,C,+1°C C,+1°C C,12,13,grey15,+1°C C
foulum,Mineral fertiliser,Residue Retained,Mineral fertiliser | Residue Retained,FALSE,Temperature,1,Center,Ryegrass (undersown),0.6307800489583334,0.12744939095542027,4,0.6120558327083334,0.01872421624999998,3.059233365548653,FALSE,Center,FALSE,C,+1°C C,+1°C C,12,3.1,grey15,+1°C C
foulum,Mineral fertiliser,Residue Retained,Mineral fertiliser | Residue Retained,FALSE,Temperature,1,Center,Soybean,2.835450483333333,0.24941330741093873,4,2.637565808333333,0.19788467500000007,7.502549296582009,FALSE,Center,FALSE,C,+1°C C,+1°C C,12,7.5,grey15,+1°C C
foulum,Mineral fertiliser,Residue Retained,Mineral fertiliser | Residue Retained,FALSE,Temperature,1,Center,Spring Barley,9.792780165741757,0.6278188359413863,4,9.565598402101648,0.22718176364010922,2.374987471669262,FALSE,Center,FALSE,C,+1°C C,+1°C C,12,2.4,grey15,+1°C C
foulum,Mineral fertiliser,Residue Retained,Mineral fertiliser | Residue Retained,FALSE,Temperature,1,Center,Winter Wheat,7.524106345238096,0.5695304919842756,4,7.276578726190476,0.24752761904761922,3.401703305383022,FALSE,Center,FALSE,C,+1°C C,+1°C C,12,3.4,grey15,+1°C C
foulum,Mineral fertiliser,Residue Retained,Mineral fertiliser | Residue Retained,FALSE,Temperature,2,Center,Grass-Clover,21.624714149077498,0.4714151606176168,4,16.509555260742424,5.115158888335074,30.983020484496375,FALSE,Center,FALSE,C,+2°C C,+2°C C,22,31,grey15,+2°C C
foulum,Mineral fertiliser,Residue Retained,Mineral fertiliser | Residue Retained,FALSE,Temperature,2,Center,Ryegrass (undersown),0.5906642508645833,0.16673260547718127,4,0.6120558327083334,-0.021391581843750118,-3.4950376584261678,FALSE,Center,FALSE,C,+2°C C,+2°C C,22,-3.5,grey15,+2°C C
foulum,Mineral fertiliser,Residue Retained,Mineral fertiliser | Residue Retained,FALSE,Temperature,2,Center,Soybean,2.9907635833333335,0.2425269357997879,4,2.637565808333333,0.3531977750000004,13.391050713657249,FALSE,Center,FALSE,C,+2°C C,+2°C C,22,13,grey15,+2°C C
foulum,Mineral fertiliser,Residue Retained,Mineral fertiliser | Residue Retained,FALSE,Temperature,2,Center,Spring Barley,10.051177665934066,0.5732046657182164,4,9.565598402101648,0.48557926383241856,5.076308281202067,FALSE,Center,FALSE,C,+2°C C,+2°C C,22,5.1,grey15,+2°C C
foulum,Mineral fertiliser,Residue Retained,Mineral fertiliser | Residue Retained,FALSE,Temperature,2,Center,Winter Wheat,7.6868291428571425,0.34342128003552064,4,7.276578726190476,0.41025041666666606,5.637957508657993,FALSE,Center,FALSE,C,+2°C C,+2°C C,22,5.6,grey15,+2°C C
foulum,Mineral fertiliser,Residue Retained,Mineral fertiliser | Residue Retained,FALSE,Temperature,3,Center,Grass-Clover,22.313995699801787,0.3099488029593377,4,16.509555260742424,5.804440439059363,35.158066631034984,FALSE,Center,FALSE,C,+3°C C,+3°C C,32,35,grey15,+3°C C
foulum,Mineral fertiliser,Residue Retained,Mineral fertiliser | Residue Retained,FALSE,Temperature,3,Center,Ryegrass (undersown),0.6048442438333334,0.22574401791061413,4,0.6120558327083334,-0.007211588875000063,-1.1782567030019049,FALSE,Center,FALSE,C,+3°C C,+3°C C,32,-1.2,grey15,+3°C C
foulum,Mineral fertiliser,Residue Retained,Mineral fertiliser | Residue Retained,FALSE,Temperature,3,Center,Soybean,2.9924312125,0.29355629254870214,4,2.637565808333333,0.354865404166667,13.454276782231453,FALSE,Center,FALSE,C,+3°C C,+3°C C,32,13,grey15,+3°C C
foulum,Mineral fertiliser,Residue Retained,Mineral fertiliser | Residue Retained,FALSE,Temperature,3,Center,Spring Barley,10.000410735027472,0.5836854293195917,4,9.565598402101648,0.43481233292582466,4.545584234754122,FALSE,Center,FALSE,C,+3°C C,+3°C C,32,4.5,grey15,+3°C C
foulum,Mineral fertiliser,Residue Retained,Mineral fertiliser | Residue Retained,FALSE,Temperature,3,Center,Winter Wheat,7.228730869047619,0.21791436239779752,4,7.276578726190476,-0.04784785714285711,-0.6575598085765095,FALSE,Center,FALSE,C,+3°C C,+3°C C,32,-0.7,grey15,+3°C C
foulum,Mineral fertiliser,Residue Retained,Mineral fertiliser | Residue Retained,FALSE,Wind,-70,Center,Grass-Clover,16.848663623371213,1.218018738548363,4,16.509555260742424,0.33910836262878874,2.0540127052068105,FALSE,Center,FALSE,C,-70% C,-70% C,-698,2.1,grey15,-70% C
foulum,Mineral fertiliser,Residue Retained,Mineral fertiliser | Residue Retained,FALSE,Wind,-70,Center,Ryegrass (undersown),0.6164888752916666,0.13551226350771262,4,0.6120558327083334,0.004433042583333213,0.7242872866217284,FALSE,Center,FALSE,C,-70% C,-70% C,-698,0.7,grey15,-70% C
foulum,Mineral fertiliser,Residue Retained,Mineral fertiliser | Residue Retained,FALSE,Wind,-70,Center,Soybean,2.6917779333333334,0.25488182482916644,4,2.637565808333333,0.05421212500000028,2.055384734997634,FALSE,Center,FALSE,C,-70% C,-70% C,-698,2.1,grey15,-70% C
foulum,Mineral fertiliser,Residue Retained,Mineral fertiliser | Residue Retained,FALSE,Wind,-70,Center,Spring Barley,9.675021803612637,0.46285987527393013,4,9.565598402101648,0.1094234015109894,1.1439263589296003,FALSE,Center,FALSE,C,-70% C,-70% C,-698,1.1,grey15,-70% C
foulum,Mineral fertiliser,Residue Retained,Mineral fertiliser | Residue Retained,FALSE,Wind,-70,Center,Winter Wheat,7.057744976190476,0.4489818307790293,4,7.276578726190476,-0.21883375000000083,-3.0073714342202598,FALSE,Center,FALSE,C,-70% C,-70% C,-698,-3.0,grey15,-70% C
foulum,Mineral fertiliser,Residue Retained,Mineral fertiliser | Residue Retained,FALSE,Wind,-60,Center,Grass-Clover,16.807264217916668,1.2515756200571055,4,16.509555260742424,0.29770895717424395,1.8032524345592589,FALSE,Center,FALSE,C,-60% C,-60% C,-598,1.8,grey15,-60% C
foulum,Mineral fertiliser,Residue Retained,Mineral fertiliser | Residue Retained,FALSE,Wind,-60,Center,Ryegrass (undersown),0.6153343567083334,0.13495784558998628,4,0.6120558327083334,0.0032785239999999494,0.5356576679438791,FALSE,Center,FALSE,C,-60% C,-60% C,-598,0.5,grey15,-60% C
foulum,Mineral fertiliser,Residue Retained,Mineral fertiliser | Residue Retained,FALSE,Wind,-60,Center,Soybean,2.6899682166666667,0.25382726136627515,4,2.637565808333333,0.05240240833333365,1.986771597044872,FALSE,Center,FALSE,C,-60% C,-60% C,-598,2.0,grey15,-60% C
foulum,Mineral fertiliser,Residue Retained,Mineral fertiliser | Residue Retained,FALSE,Wind,-60,Center,Spring Barley,9.665498277788462,0.4749832464621949,4,9.565598402101648,0.09989987568681435,1.0443661910881128,FALSE,Center,FALSE,C,-60% C,-60% C,-598,1.0,grey15,-60% C
foulum,Mineral fertiliser,Residue Retained,Mineral fertiliser | Residue Retained,FALSE,Wind,-60,Center,Winter Wheat,7.07946330952381,0.4544216679276652,4,7.276578726190476,-0.19711541666666665,-2.7089024125746377,FALSE,Center,FALSE,C,-60% C,-60% C,-598,-2.7,grey15,-60% C
foulum,Mineral fertiliser,Residue Retained,Mineral fertiliser | Residue Retained,FALSE,Wind,-50,Center,Grass-Clover,16.770628752310607,1.2761135530519583,4,16.509555260742424,0.26107349156818316,1.5813478161279244,FALSE,Center,FALSE,C,-50% C,-50% C,-498,1.6,grey15,-50% C
foulum,Mineral fertiliser,Residue Retained,Mineral fertiliser | Residue Retained,FALSE,Wind,-50,Center,Ryegrass (undersown),0.6156259445833333,0.13559321490782963,4,0.6120558327083334,0.003570111874999893,0.5832983992983495,FALSE,Center,FALSE,C,-50% C,-50% C,-498,0.6,grey15,-50% C
foulum,Mineral fertiliser,Residue Retained,Mineral fertiliser | Residue Retained,FALSE,Wind,-50,Center,Soybean,2.68324575,0.2562521578138547,4,2.637565808333333,0.04567994166666711,1.7318977036456231,FALSE,Center,FALSE,C,-50% C,-50% C,-498,1.7,grey15,-50% C
foulum,Mineral fertiliser,Residue Retained,Mineral fertiliser | Residue Retained,FALSE,Wind,-50,Center,Spring Barley,9.657842448722526,0.4850110989325947,4,9.565598402101648,0.0922440466208787,0.9643311661569637,FALSE,Center,FALSE,C,-50% C,-50% C,-498,1.0,grey15,-50% C
foulum,Mineral fertiliser,Residue Retained,Mineral fertiliser | Residue Retained,FALSE,Wind,-50,Center,Winter Wheat,7.1026241428571435,0.461164570813993,4,7.276578726190476,-0.1739545833333329,-2.390609514155614,FALSE,Center,FALSE,C,-50% C,-50% C,-498,-2.4,grey15,-50% C
foulum,Mineral fertiliser,Residue Retained,Mineral fertiliser | Residue Retained,FALSE,Wind,-40,Center,Grass-Clover,16.751099487102273,1.2862182983167103,4,16.509555260742424,0.2415442263598493,1.4630571359739173,FALSE,Center,FALSE,C,-40% C,-40% C,-398,1.5,grey15,-40% C
foulum,Mineral fertiliser,Residue Retained,Mineral fertiliser | Residue Retained,FALSE,Wind,-40,Center,Ryegrass (undersown),0.6126939368333334,0.13376656043264853,4,0.6120558327083334,6.38104124999983e-4,0.1042558686478628,FALSE,Center,FALSE,C,-40% C,-40% C,-398,0.1,grey15,-40% C
foulum,Mineral fertiliser,Residue Retained,Mineral fertiliser | Residue Retained,FALSE,Wind,-40,Center,Soybean,2.681976725,0.25205284125187416,4,2.637565808333333,0.04441091666666708,1.6837842121835114,FALSE,Center,FALSE,C,-40% C,-40% C,-398,1.7,grey15,-40% C
foulum,Mineral fertiliser,Residue Retained,Mineral fertiliser | Residue Retained,FALSE,Wind,-40,Center,Spring Barley,9.648943651373626,0.4941714872841376,4,9.565598402101648,0.08334524927197862,0.8713019904083253,FALSE,Center,FALSE,C,-40% C,-40% C,-398,0.9,grey15,-40% C
foulum,Mineral fertiliser,Residue Retained,Mineral fertiliser | Residue Retained,FALSE,Wind,-40,Center,Winter Wheat,7.123291821428571,0.4667174384093156,4,7.276578726190476,-0.15328690476190499,-2.1065793490309095,FALSE,Center,FALSE,C,-40% C,-40% C,-398,-2.1,grey15,-40% C
foulum,Mineral fertiliser,Residue Retained,Mineral fertiliser | Residue Retained,FALSE,Wind,-30,Center,Grass-Clover,16.723238074874242,1.288782513583004,4,16.509555260742424,0.21368281413181833,1.2942978218191514,FALSE,Center,FALSE,C,-30% C,-30% C,-298,1.3,grey15,-30% C
foulum,Mineral fertiliser,Residue Retained,Mineral fertiliser | Residue Retained,FALSE,Wind,-30,Center,Ryegrass (undersown),0.6134007565416667,0.1362198710916884,4,0.6120558327083334,0.0013449238333332891,0.21973874954871864,FALSE,Center,FALSE,C,-30% C,-30% C,-298,0.2,grey15,-30% C
foulum,Mineral fertiliser,Residue Retained,Mineral fertiliser | Residue Retained,FALSE,Wind,-30,Center,Soybean,2.678082191666667,0.2505545953467083,4,2.637565808333333,0.04051638333333374,1.5361278647654244,FALSE,Center,FALSE,C,-30% C,-30% C,-298,1.5,grey15,-30% C
foulum,Mineral fertiliser,Residue Retained,Mineral fertiliser | Residue Retained,FALSE,Wind,-30,Center,Spring Barley,9.640294866057692,0.5016196013105981,4,9.565598402101648,0.07469646395604457,0.780886472712811,FALSE,Center,FALSE,C,-30% C,-30% C,-298,0.8,grey15,-30% C
foulum,Mineral fertiliser,Residue Retained,Mineral fertiliser | Residue Retained,FALSE,Wind,-30,Center,Winter Wheat,7.147215035714286,0.4715682894307766,4,7.276578726190476,-0.12936369047619056,-1.7778092609727956,FALSE,Center,FALSE,C,-30% C,-30% C,-298,-1.8,grey15,-30% C
foulum,Mineral fertiliser,Residue Retained,Mineral fertiliser | Residue Retained,FALSE,Wind,-20,Center,Grass-Clover,16.69774338872735,1.2950628643677726,4,16.509555260742424,0.188188127984926,1.1398740003155199,FALSE,Center,FALSE,C,-20% C,-20% C,-198,1.1,grey15,-20% C
foulum,Mineral fertiliser,Residue Retained,Mineral fertiliser | Residue Retained,FALSE,Wind,-20,Center,Ryegrass (undersown),0.61252178125,0.1347812056502358,4,0.6120558327083334,4.659485416665943e-4,0.07612843743434032,FALSE,Center,FALSE,C,-20% C,-20% C,-198,0.1,grey15,-20% C
foulum,Mineral fertiliser,Residue Retained,Mineral fertiliser | Residue Retained,FALSE,Wind,-20,Center,Soybean,2.67129195,0.2508461870728215,4,2.637565808333333,0.03372614166666699,1.2786843672339836,FALSE,Center,FALSE,C,-20% C,-20% C,-198,1.3,grey15,-20% C
foulum,Mineral fertiliser,Residue Retained,Mineral fertiliser | Residue Retained,FALSE,Wind,-20,Center,Spring Barley,9.63408496447802,0.5084163126572878,4,9.565598402101648,0.06848656237637307,0.7159673602994452,FALSE,Center,FALSE,C,-20% C,-20% C,-198,0.7,grey15,-20% C
foulum,Mineral fertiliser,Residue Retained,Mineral fertiliser | Residue Retained,FALSE,Wind,-20,Center,Winter Wheat,7.167030571428572,0.47443871253994846,4,7.276578726190476,-0.10954815476190483,-1.505489858408456,FALSE,Center,FALSE,C,-20% C,-20% C,-198,-1.5,grey15,-20% C
foulum,Mineral fertiliser,Residue Retained,Mineral fertiliser | Residue Retained,FALSE,Wind,0,Center,Grass-Clover,16.64534301853788,1.290175657648905,4,16.509555260742424,0.13578775779545538,0.8224798042763818,FALSE,Center,TRUE,C,0% C,**0% C**,2,0.8,grey15,**0% C**
foulum,Mineral fertiliser,Residue Retained,Mineral fertiliser | Residue Retained,FALSE,Wind,0,Center,Ryegrass (undersown),0.6114576073333333,0.13654074473788716,4,0.6120558327083334,-5.982253750000943e-4,-0.09774032743924037,FALSE,Center,TRUE,C,0% C,**0% C**,2,-0.1,grey15,**0% C**
foulum,Mineral fertiliser,Residue Retained,Mineral fertiliser | Residue Retained,FALSE,Wind,0,Center,Soybean,2.6580954666666665,0.24956838380028568,4,2.637565808333333,0.020529658333333423,0.7783562506182937,FALSE,Center,TRUE,C,0% C,**0% C**,2,0.8,grey15,**0% C**
foulum,Mineral fertiliser,Residue Retained,Mineral fertiliser | Residue Retained,FALSE,Wind,0,Center,Spring Barley,9.612729891359889,0.5262969680101615,4,9.565598402101648,0.04713148925824129,0.49271867035402694,FALSE,Center,TRUE,C,0% C,**0% C**,2,0.5,grey15,**0% C**
foulum,Mineral fertiliser,Residue Retained,Mineral fertiliser | Residue Retained,FALSE,Wind,0,Center,Winter Wheat,7.204894202380952,0.47959003529766936,4,7.276578726190476,-0.07168452380952406,-0.9851404967489882,FALSE,Center,TRUE,C,0% C,**0% C**,2,-1.0,grey15,**0% C**
foulum,Mineral fertiliser,Residue Retained,Mineral fertiliser | Residue Retained,FALSE,Wind,0,East,Grass-Clover,16.643286261086363,1.287128715945397,4,16.509555260742424,0.13373100034393914,0.810021822101617,FALSE,East,TRUE,E,0% E,**0% E**,3,0.8,grey15,**0% E**
foulum,Mineral fertiliser,Residue Retained,Mineral fertiliser | Residue Retained,FALSE,Wind,0,East,Ryegrass (undersown),0.612724462375,0.1378730278480267,4,0.6120558327083334,6.68629666666587e-4,0.10924324725538773,FALSE,East,TRUE,E,0% E,**0% E**,3,0.1,grey15,**0% E**
foulum,Mineral fertiliser,Residue Retained,Mineral fertiliser | Residue Retained,FALSE,Wind,0,East,Soybean,2.6549420416666667,0.2529948740037051,4,2.637565808333333,0.0173762333333336,0.6587980962762621,FALSE,East,TRUE,E,0% E,**0% E**,3,0.7,grey15,**0% E**
foulum,Mineral fertiliser,Residue Retained,Mineral fertiliser | Residue Retained,FALSE,Wind,0,East,Spring Barley,9.618314289725273,0.5189630620992793,4,9.565598402101648,0.052715887623625335,0.5510986914529381,FALSE,East,TRUE,E,0% E,**0% E**,3,0.6,grey15,**0% E**
foulum,Mineral fertiliser,Residue Retained,Mineral fertiliser | Residue Retained,FALSE,Wind,0,East,Winter Wheat,7.210269857142857,0.4809592415655296,4,7.276578726190476,-0.06630886904761901,-0.911264366713364,FALSE,East,TRUE,E,0% E,**0% E**,3,-0.9,grey15,**0% E**
foulum,Mineral fertiliser,Residue Retained,Mineral fertiliser | Residue Retained,FALSE,Wind,0,West,Grass-Clover,16.641883080123485,1.2943406693290147,4,16.509555260742424,0.13232781938106086,0.8015226170005876,FALSE,West,TRUE,W,0% W,**0% W**,1,0.8,grey15,**0% W**
foulum,Mineral fertiliser,Residue Retained,Mineral fertiliser | Residue Retained,FALSE,Wind,0,West,Ryegrass (undersown),0.6116039826666666,0.13654640121109024,4,0.6120558327083334,-4.5185004166681253e-4,-0.07382497110882616,FALSE,West,TRUE,W,0% W,**0% W**,1,-0.1,grey15,**0% W**
foulum,Mineral fertiliser,Residue Retained,Mineral fertiliser | Residue Retained,FALSE,Wind,0,West,Soybean,2.659939075,0.24803124041594907,4,2.637565808333333,0.022373266666666947,0.8482543486110976,FALSE,West,TRUE,W,0% W,**0% W**,1,0.8,grey15,**0% W**
foulum,Mineral fertiliser,Residue Retained,Mineral fertiliser | Residue Retained,FALSE,Wind,0,West,Spring Barley,9.61194954864011,0.5282406301919009,4,9.565598402101648,0.04635114653846273,0.48456086686933214,FALSE,West,TRUE,W,0% W,**0% W**,1,0.5,grey15,**0% W**
foulum,Mineral fertiliser,Residue Retained,Mineral fertiliser | Residue Retained,FALSE,Wind,0,West,Winter Wheat,7.197462297619047,0.47942840144605137,4,7.276578726190476,-0.07911642857142898,-1.0872750993082292,FALSE,West,TRUE,W,0% W,**0% W**,1,-1.1,grey15,**0% W**
